city,state,lat,lng
Aaronsburg,PA,40.8987,-77.4562
Abbeville,AL,31.5755,-85.279
Abbeville,GA,31.9648,-83.3068
Abbeville,LA,29.96065,-92.18795
Abbeville,MS,34.4719,-89.4475
Abbeville,SC,34.1819,-82.3785
Abbot,ME,45.2345,-69.5699
Abbotsford,WI,44.9641,-90.2994
Abbott,TX,31.8916,-97.0671
Abbottstown,PA,39.8881,-76.9931
Abbyville,KS,37.9626,-98.2071
Abell,MD,38.2471,-76.7481
Abercrombie,ND,46.4479,-96.7278
Aberdeen,ID,43.0049,-112.84
Aberdeen,KY,37.2539,-86.6817
Aberdeen,MD,39.5109,-76.1805
Aberdeen,MS,33.8284,-88.538
Aberdeen,NC,35.1216,-79.445
Aberdeen,OH,38.6709,-83.7637
Aberdeen,SD,45.52785,-98.4188
Aberdeen,WA,46.9843,-123.7963
Aberdeen Proving Ground,MD,39.4771,-76.1208
Abernant,AL,33.311,-87.1898
Abernathy,TX,33.85,-101.8611
Abie,NE,41.3479,-96.9563
Abilene,KS,38.9371,-97.2063
Abilene,TX,32.44656,-99.73943
Abingdon,IL,40.8023,-90.4009
Abingdon,MD,39.4744,-76.2997
Abingdon,VA,36.68327,-81.9852
Abington,CT,41.8473,-72.0253
Abington,MA,42.1167,-70.9543
Abington,PA,40.1238,-75.1148
Abiquiu,NM,36.1769,-106.2449
Abita Springs,LA,30.4837,-90.0041
Abrams,WI,44.7869,-88.0571
Absaraka,ND,46.9763,-97.4069
Absarokee,MT,45.5154,-109.4692
Absecon,NJ,39.44815,-74.4762
Acampo,CA,38.2004,-121.2186
Accident,MD,39.6355,-79.3085
Accokeek,MD,38.672,-77.0162
Accomac,VA,37.7159,-75.6803
Accord,MA,42.1745,-70.8837
Accord,NY,41.8083,-74.2353
Accoville,WV,37.7687,-81.8371
Ace,TX,30.5209,-94.8221
Achille,OK,33.8396,-96.3648
Achilles,VA,37.2882,-76.426
Ackerly,TX,32.5273,-101.716
Ackerman,MS,33.3517,-89.2014
Ackley,IA,42.5527,-93.0608
Ackworth,IA,41.3737,-93.3767
Acme,LA,31.3016,-91.8216
Acme,MI,44.7894,-85.4884
Acme,PA,40.1201,-79.4051
Acme,WA,48.6752,-122.1914
Acosta,PA,40.1104,-79.0689
Acra,NY,42.3304,-74.0857
Acton,CA,34.4835,-118.1959
Acton,MA,42.4801,-71.44055
Acton,ME,43.5494,-70.9307
Acton,MT,45.9291,-108.6888
Acushnet,MA,41.6997,-70.9087
Acworth,GA,34.07315,-84.61855
Acworth,NH,43.196,-72.3001
Ada,MI,42.9548,-85.48692
Ada,MN,47.3253,-96.5973
Ada,OH,40.7709,-83.8154
Ada,OK,34.77725,-96.68535
Adah,PA,39.8965,-79.922
Adair,IA,41.5137,-94.6444
Adair,IL,40.3852,-90.5037
Adair,OK,36.4115,-95.2732
Adairsville,GA,34.3595,-84.9176
Adairville,KY,36.6914,-86.8585
Adak,AK,51.874,-176.634
Adamant,VT,44.3575,-72.5046
Adams,KY,38.0741,-82.7447
Adams,MA,42.6223,-73.1172
Adams,MN,43.5591,-92.7305
Adams,ND,48.4223,-98.0867
Adams,NE,40.4576,-96.5396
Adams,NY,43.8062,-76.049
Adams,OK,36.755,-101.078
Adams,OR,45.7674,-118.5625
Adams,TN,36.5582,-87.1226
Adams,WI,43.8967,-89.8219
Adams Basin,NY,43.1953,-77.8559
Adams Center,NY,43.8631,-76.0041
Adams Run,SC,32.779,-80.3288
Adamsburg,PA,40.3126,-79.6565
Adamstown,MD,39.291,-77.4552
Adamstown,PA,40.2423,-76.0577
Adamsville,AL,33.5884,-86.9597
Adamsville,OH,40.0793,-81.8718
Adamsville,PA,41.5067,-80.3765
Adamsville,RI,41.5301,-71.2841
Adamsville,TN,35.2556,-88.4134
Addieville,IL,38.3815,-89.5794
Addington,OK,34.2445,-97.967
Addis,LA,30.3557,-91.2613
Addison,AL,34.2056,-87.1948
Addison,IL,41.9335,-88.0054
Addison,ME,44.583,-67.7146
Addison,MI,42.0036,-84.3122
Addison,NY,42.0983,-77.266
Addison,PA,39.7476,-79.3454
Addison,TX,32.96,-96.8385
Addy,WA,48.3364,-117.9579
Addyston,OH,39.1374,-84.7096
Adel,GA,31.1251,-83.4213
Adel,IA,41.6221,-94.038
Adel,OR,42.1487,-119.8833
Adelanto,CA,34.5841,-117.4242
Adell,WI,43.6151,-88.0254
Adelphi,OH,39.4667,-82.7471
Adelphia,NJ,40.2182,-74.2563
Adena,OH,40.2126,-80.8815
Adger,AL,33.4343,-87.1675
Adin,CA,41.2175,-120.9432
Adirondack,NY,43.7165,-73.7825
Adkins,TX,29.3805,-98.265
Admire,KS,38.6393,-96.1017
Adna,WA,46.629,-123.0612
Adolphus,KY,36.6775,-86.2636
Adona,AR,35.047,-92.9033
Adrian,GA,32.5635,-82.5695
Adrian,MI,41.9005,-84.0446
Adrian,MN,43.6197,-95.9273
Adrian,MO,38.4125,-94.3683
Adrian,OR,43.6537,-117.0602
Adrian,PA,40.9049,-79.5074
Adrian,TX,35.2748,-102.6652
Adrian,WV,38.8993,-80.2269
Advance,IN,39.9956,-86.6198
Advance,MO,37.0922,-89.9106
Advance,NC,36.0065,-80.4463
Advent,WV,38.6104,-81.5587
Afton,IA,41.0401,-94.194
Afton,MI,45.3637,-84.4695
Afton,MN,44.8697,-92.8234
Afton,NY,42.2417,-75.5366
Afton,OK,36.6296,-94.9432
Afton,TN,36.2265,-82.7476
Afton,TX,33.7718,-100.8021
Afton,VA,37.9626,-78.841
Afton,WI,42.6055,-89.0704
Afton,WY,42.7128,-110.942
Agar,SD,44.8393,-100.0712
Agate,CO,39.4203,-103.9846
Agate,ND,48.6228,-99.4932
Agawam,MA,42.0702,-72.6227
Agency,IA,40.9957,-92.3162
Agency,MO,39.6662,-94.717
Agenda,KS,39.7044,-97.4465
Ages Brookside,KY,36.8654,-83.2879
Agness,OR,42.5748,-124.0648
Agoura Hills,CA,34.12955,-118.7659
Agra,KS,39.8037,-99.1255
Agra,OK,35.909,-96.8738
Agua Dulce,TX,27.7817,-97.9086
Aguanga,CA,33.4473,-116.7997
Aguila,AZ,33.9186,-113.2134
Aguilar,CO,37.3933,-104.6769
Ah Gwah Ching,MN,47.0741,-94.5628
Ahmeek,MI,47.2933,-88.3897
Ahoskie,NC,36.2957,-76.9966
Ahsahka,ID,46.5394,-116.3233
Ahwahnee,CA,37.4076,-119.7233
Aiea,HI,21.3908,-157.9332
Aiken,SC,33.56567,-81.6634
Aiken,TX,34.1423,-101.5257
Ailey,GA,32.2143,-82.4762
Aimwell,LA,31.7835,-91.9935
Ainsworth,IA,41.3202,-91.5472
Ainsworth,NE,42.5403,-99.8615
Airville,PA,39.821,-76.4012
Airway Heights,WA,47.6438,-117.5921
Aitkin,MN,46.4799,-93.6454
Ajo,AZ,32.2295,-112.6542
Akaska,SD,45.3324,-100.1186
Akeley,MN,47.001,-94.7234
Akers,LA,30.2902,-90.4018
Akiachak,AK,60.9094,-161.4314
Akiak,AK,60.9122,-161.2139
Akron,AL,32.8553,-87.7219
Akron,CO,40.1803,-103.2259
Akron,IA,42.8354,-96.5225
Akron,IN,41.0389,-86.0395
Akron,MI,43.5844,-83.5393
Akron,NY,43.0249,-78.5084
Akron,OH,41.07939,-81.52845
Akron,PA,40.1573,-76.2042
Akutan,AK,54.143,-165.7854
Alabaster,AL,33.1934,-86.7944
Alachua,FL,29.80275,-82.484
Aladdin,WY,44.7473,-104.1931
Alakanuk,AK,62.6944,-164.6475
Alamance,NC,36.0318,-79.4856
Alameda,CA,37.75285,-122.25395
Alamo,CA,37.8537,-122.0229
Alamo,GA,32.133,-82.7944
Alamo,IN,39.9836,-87.0554
Alamo,ND,48.5817,-103.4699
Alamo,NV,37.3259,-115.308
Alamo,TN,35.8017,-89.1765
Alamo,TX,26.1906,-98.1164
Alamogordo,NM,32.89635,-105.9544
Alamosa,CO,37.47315,-105.8802
Alanreed,TX,35.2273,-100.7592
Alanson,MI,45.4405,-84.7924
Alapaha,GA,31.394,-83.2132
Alba,MI,44.9737,-84.9745
Alba,MO,37.2367,-94.418
Alba,PA,41.7051,-76.8283
Alba,TX,32.7652,-95.5971
Albany,CA,37.89,-122.2954
Albany,GA,31.56414,-84.16459
Albany,IL,41.7659,-90.2081
Albany,IN,40.292,-85.258
Albany,KY,36.6857,-85.1407
Albany,LA,30.5149,-90.5964
Albany,MN,45.6151,-94.574
Albany,MO,40.2513,-94.327
Albany,NY,42.6586,-73.7638
Albany,OH,39.2097,-82.2177
Albany,OK,33.8815,-96.1628
Albany,OR,44.639,-123.09515
Albany,TX,32.719,-99.3196
Albany,VT,44.7417,-72.3646
Albany,WI,42.7155,-89.4357
Albemarle,NC,35.3537,-80.20225
Albers,IL,38.532,-89.6202
Albert,KS,38.4528,-99.0115
Albert,OK,35.2032,-98.3574
Albert City,IA,42.7784,-94.9824
Albert Lea,MN,43.6537,-93.3707
Alberta,AL,32.1585,-87.3468
Alberta,MN,45.5571,-96.0498
Alberta,VA,36.8806,-77.9055
Alberton,MT,46.9806,-114.4921
Albertson,NC,35.1176,-77.8515
Albertson,NY,40.7703,-73.6514
Albertville,AL,34.2981,-86.19995
Albertville,MN,45.2534,-93.6469
Albia,IA,41.0287,-92.7946
Albin,WY,41.4342,-104.1505
Albion,CA,39.2131,-123.72
Albion,IA,42.1143,-92.9882
Albion,ID,42.3896,-113.5567
Albion,IL,38.374,-88.0636
Albion,IN,41.3482,-85.4142
Albion,ME,44.5355,-69.4683
Albion,MI,42.2581,-84.7561
Albion,NE,41.7049,-97.9991
Albion,NY,43.2398,-78.2068
Albion,OK,34.6516,-95.0924
Albion,PA,41.89265,-80.3388
Albion,RI,41.9512,-71.4545
Albion,WA,46.792,-117.2503
Alborn,MN,46.9782,-92.5579
Albright,WV,39.5701,-79.6358
Albrightsville,PA,40.9748,-75.5842
Albuquerque,NM,35.07735,-106.64484
Alburgh,VT,44.6031,-72.9527
Alburnett,IA,42.1583,-91.6392
Alburtis,PA,40.5145,-75.6029
Alcalde,NM,36.0889,-106.0536
Alcester,SD,43.0047,-96.6332
Alcoa,TN,35.7852,-83.9809
Alcolu,SC,33.7684,-80.1788
Alcova,WY,42.5302,-106.76
Alcove,NY,42.4561,-73.9277
Alda,NE,40.8711,-98.4681
Alden,IA,42.5179,-93.3841
Alden,IL,42.3248,-88.4525
Alden,KS,38.2343,-98.3112
Alden,MI,44.8779,-85.2241
Alden,MN,43.6466,-93.5823
Alden,NY,42.8984,-78.5257
Alder,MT,45.1939,-112.0568
Alder Creek,NY,43.4157,-75.2137
Alderpoint,CA,40.1676,-123.6192
Alderson,OK,34.9001,-95.6919
Alderson,WV,37.7371,-80.661
Aldie,VA,38.9577,-77.6038
Aldrich,MN,46.3797,-94.9364
Aldrich,MO,37.5057,-93.5576
Aledo,IL,41.2008,-90.7416
Aledo,TX,32.7004,-97.6039
Aleknagik,AK,59.2697,-158.6199
Aleppo,PA,39.8246,-80.4579
Alex,OK,34.9612,-97.7571
Alexander,AR,34.6313,-92.4727
Alexander,IA,42.8114,-93.445
Alexander,IL,39.7517,-90.0458
Alexander,KS,38.457,-99.5378
Alexander,NC,35.7064,-82.6311
Alexander,ND,47.7947,-103.6546
Alexander,NY,42.9159,-78.2589
Alexander City,AL,32.9533,-85.9474
Alexandria,AL,33.7808,-85.8924
Alexandria,IN,40.2561,-85.6681
Alexandria,KY,38.9406,-84.3943
Alexandria,LA,31.2601,-92.48377
Alexandria,MN,45.8817,-95.382
Alexandria,MO,40.3445,-91.5154
Alexandria,NE,40.2614,-97.4039
Alexandria,OH,40.106,-82.6077
Alexandria,PA,40.5485,-78.0951
Alexandria,SD,43.6684,-97.7563
Alexandria,TN,36.0711,-86.0372
Alexandria,VA,38.79661,-77.08743
Alexandria Bay,NY,44.3359,-75.9177
Alexis,IL,41.0521,-90.5436
Alexis,NC,35.4069,-81.0947
Alford,FL,30.6412,-85.3756
Alfred,ME,43.4875,-70.6961
Alfred,NY,42.2534,-77.7893
Alfred Station,NY,42.2558,-77.7781
Alger,MI,44.1395,-84.1872
Alger,OH,40.706,-83.825
Algodones,NM,35.389,-106.3517
Algoma,MS,34.1715,-89.0328
Algoma,WI,44.6101,-87.4578
Algona,IA,43.066,-94.2306
Algonac,MI,42.6367,-82.5866
Algonquin,IL,42.1641,-88.3064
Alhambra,CA,34.09118,-118.13012
Alhambra,IL,38.8822,-89.7441
Alice,TX,27.7477,-98.07665
Aliceville,AL,33.1228,-88.1667
Alicia,AR,35.9423,-91.081
Alief,TX,29.7111,-95.5963
Aline,OK,36.5056,-98.4574
Aliquippa,PA,40.5921,-80.3197
Aliso Viejo,CA,33.61935,-117.7736
Alix,AR,35.41,-93.7286
Alkol,WV,38.1609,-81.984
Allakaket,AK,66.5656,-152.6456
Allamuchy,NJ,40.9218,-74.8102
Allardt,TN,36.3818,-84.7756
Alledonia,OH,39.9053,-80.9578
Alleene,AR,33.7944,-94.2681
Allegan,MI,42.5256,-85.8661
Allegany,NY,42.0918,-78.4999
Allegany,OR,43.4259,-124.0323
Alleghany,CA,39.4826,-120.8483
Alleman,IA,41.8159,-93.6063
Allen,KS,38.652,-96.1735
Allen,KY,37.6074,-82.7225
Allen,MD,38.2873,-75.688
Allen,MI,41.957,-84.7677
Allen,NE,42.4437,-96.8574
Allen,OK,34.8691,-96.4151
Allen,SD,43.2908,-101.9329
Allen,TX,33.106,-96.66135
Allen Junction,WV,37.5893,-81.3507
Allen Park,MI,42.2522,-83.212
Allendale,IL,38.5232,-87.7219
Allendale,MI,42.9711,-85.9249
Allendale,MO,40.4855,-94.2886
Allendale,NJ,41.0327,-74.1342
Allendale,SC,33.0077,-81.3203
Allenhurst,GA,31.7741,-81.6186
Allenhurst,NJ,40.2367,-74.0067
Allenport,PA,40.0959,-79.8499
Allenspark,CO,40.2268,-105.5201
Allensville,KY,36.7167,-87.0661
Allensville,PA,40.5075,-77.8392
Allenton,MI,42.9388,-82.9198
Allenton,WI,43.4681,-88.3539
Allentown,GA,32.6064,-83.2095
Allentown,NJ,40.1589,-74.5909
Allentown,NY,42.0737,-78.0594
Allentown,PA,40.6015,-75.5101
Allenwood,NJ,40.1389,-74.1122
Allenwood,PA,41.1264,-76.9724
Allerton,IA,40.7023,-93.3724
Allerton,IL,39.9188,-87.9312
Alleyton,TX,29.7092,-96.4865
Allgood,AL,33.9222,-86.4493
Alliance,NC,35.1449,-76.8022
Alliance,NE,42.1149,-102.888
Alliance,OH,40.9158,-81.1182
Alligator,MS,34.1294,-90.7382
Allison,IA,42.7615,-92.783
Allison,PA,39.9868,-79.8637
Allison,TX,35.6059,-100.1007
Allison Park,PA,40.57,-79.9665
Allons,TN,36.497,-85.3197
Allouez,MI,47.2879,-88.4129
Alloway,NJ,39.5591,-75.3506
Alloy,WV,38.1376,-81.2743
Allport,PA,40.967,-78.2014
Allred,TN,36.324,-85.2031
Allston,MA,42.3535,-71.1329
Allyn,WA,47.3571,-122.8587
Alma,AR,35.5,-94.2073
Alma,CO,39.2839,-106.0628
Alma,GA,31.5465,-82.4633
Alma,IL,38.7231,-88.9157
Alma,KS,39.0092,-96.2923
Alma,MI,43.3809,-84.6635
Alma,MO,39.1048,-93.5429
Alma,NE,40.1189,-99.3601
Alma,NY,42.0126,-78.0578
Alma,WI,44.4294,-91.8079
Alma,WV,39.4506,-80.8701
Alma Center,WI,44.4452,-90.9356
Almelund,MN,45.5134,-92.8942
Almena,KS,39.8891,-99.7042
Almena,WI,45.4195,-92.0027
Almira,WA,47.7632,-118.9123
Almo,ID,42.0846,-113.6283
Almo,KY,36.6923,-88.2929
Almond,NC,35.3698,-83.5652
Almond,NY,42.316,-77.778
Almond,WI,44.2898,-89.3584
Almont,CO,38.82,-106.6603
Almont,MI,42.926,-83.0362
Almont,ND,46.7046,-101.5221
Almyra,AR,34.4146,-91.431
Alna,ME,44.0878,-69.6344
Alpaugh,CA,35.8877,-119.4873
Alpena,AR,36.2998,-93.2792
Alpena,MI,45.079,-83.4602
Alpena,SD,44.1709,-98.3962
Alpha,IL,41.193,-90.3821
Alpha,KY,36.7824,-85.0275
Alpha,MI,46.0438,-88.3771
Alpha,MN,43.5946,-94.9051
Alpha,OH,39.7117,-84.0233
Alpharetta,GA,34.07396,-84.27394
Alpine,AL,33.404,-86.2339
Alpine,AR,34.229,-93.3791
Alpine,AZ,33.8279,-109.1283
Alpine,CA,32.83165,-116.76035
Alpine,NJ,40.9511,-73.9308
Alpine,NY,42.351,-76.7348
Alpine,TN,36.3803,-85.1522
Alpine,TX,30.311,-103.65947
Alpine,UT,40.4616,-111.7689
Alpine,WY,43.1635,-111.018
Alplaus,NY,42.8573,-73.9002
Alsea,OR,44.3691,-123.6089
Alsen,ND,48.6525,-98.5795
Alsey,IL,39.5606,-90.434
Alsip,IL,41.6721,-87.7357
Alstead,NH,43.1265,-72.3281
Alston,GA,32.0775,-82.4825
Alta,CA,39.2441,-120.7531
Alta,IA,42.6771,-95.3129
Alta,WY,43.8886,-110.9492
Alta Vista,IA,43.1482,-92.4237
Alta Vista,KS,38.8636,-96.48
Altadena,CA,34.19045,-118.1352
Altair,TX,29.5714,-96.4541
Altamahaw,NC,36.1855,-79.5055
Altamont,IL,39.0634,-88.7481
Altamont,KS,37.1873,-95.2983
Altamont,MO,39.896,-94.0897
Altamont,NY,42.7063,-74.0193
Altamont,TN,35.4258,-85.7635
Altamont,UT,40.3514,-110.2754
Altamonte Springs,FL,28.68375,-81.3414
Altaville,CA,38.0838,-120.5608
Altavista,VA,37.1222,-79.2911
Altenburg,MO,37.6279,-89.5745
Altha,FL,30.5319,-85.1704
Altheimer,AR,34.3062,-91.8289
Altmar,NY,43.497,-75.9719
Alto,GA,34.4591,-83.602
Alto,MI,42.8243,-85.4256
Alto,NM,33.4314,-105.6776
Alto,TX,31.6103,-95.0762
Alto Pass,IL,37.5681,-89.3172
Alton,AL,33.5793,-86.6375
Alton,IA,42.9782,-96.0173
Alton,IL,38.9087,-90.1568
Alton,KS,39.4514,-98.9539
Alton,MO,36.6929,-91.3971
Alton,NH,43.463,-71.2297
Alton,NY,43.2227,-76.9821
Alton,UT,37.4699,-112.5484
Alton,VA,36.5894,-79.0202
Alton Bay,NH,43.4845,-71.2489
Altona,IL,41.1128,-90.1598
Altona,NY,44.8816,-73.6408
Altonah,UT,40.4013,-110.2938
Altoona,AL,34.071,-86.2096
Altoona,FL,29.0219,-81.6323
Altoona,IA,41.6475,-93.4724
Altoona,KS,37.5197,-95.6483
Altoona,PA,40.5093,-78.40313
Altoona,WI,44.8021,-91.4382
Altura,MN,44.1361,-91.9745
Alturas,CA,41.4767,-120.5456
Alturas,FL,28.0026,-81.6186
Altus,AR,35.4346,-93.7598
Altus,OK,34.64325,-99.32725
Altus Afb,OK,34.5982,-99.4408
Alum Bank,PA,40.1858,-78.6206
Alum Bridge,WV,39.0425,-80.6882
Alum Creek,WV,38.2868,-81.8051
Alva,FL,26.7147,-81.6351
Alva,OK,36.8016,-98.6722
Alva,WY,44.6873,-104.4414
Alvada,OH,41.0463,-83.377
Alvadore,OR,44.1276,-123.2666
Alvarado,MN,48.202,-96.9915
Alvarado,TX,32.4395,-97.213
Alvaton,KY,36.863,-86.3632
Alverda,PA,40.6303,-78.857
Alverton,PA,40.1373,-79.5997
Alvin,IL,40.3007,-87.608
Alvin,TX,29.4179,-95.2478
Alviso,CA,37.426,-121.9736
Alvo,NE,40.8992,-96.4036
Alvord,IA,43.3201,-96.291
Alvord,TX,33.3698,-97.6885
Alvordton,OH,41.6625,-84.4355
Alzada,MT,45.1562,-104.2617
Ama,LA,29.9435,-90.2925
Amado,AZ,31.6723,-111.0986
Amador City,CA,38.4194,-120.823
Amagansett,NY,40.9895,-72.0959
Amagon,AR,35.562,-91.1104
Amalia,NM,36.942,-105.4545
Amana,IA,41.81565,-91.8781
Amanda,OH,39.6251,-82.7552
Amanda Park,WA,47.4859,-123.9206
Amargosa Valley,NV,36.539,-116.5496
Amarillo,TX,35.25345,-101.86566
Amasa,MI,46.2321,-88.4508
Amawalk,NY,41.2946,-73.7611
Amazonia,MO,39.9092,-94.9113
Amber,OK,35.1526,-97.8532
Amberg,WI,45.4989,-87.9643
Amberson,PA,40.1704,-77.6772
Ambia,IN,40.4793,-87.4796
Ambler,AK,67.0861,-157.8514
Ambler,PA,40.1809,-75.2156
Amboy,CA,34.5578,-115.7444
Amboy,IL,41.7042,-89.3472
Amboy,IN,40.6105,-85.9497
Amboy,MN,43.8903,-94.1774
Amboy,WA,45.9195,-122.4574
Ambridge,PA,40.6005,-80.2105
Ambrose,GA,31.5367,-82.9976
Ambrose,ND,48.8165,-103.4673
Amelia,LA,29.6663,-91.102
Amelia,NE,42.1809,-99.008
Amelia,OH,39.0211,-84.2112
Amelia Court House,VA,37.3428,-77.9841
Amenia,ND,47.0194,-97.2048
Amenia,NY,41.8447,-73.5542
American Canyon,CA,38.1668,-122.2553
American Falls,ID,42.6352,-112.9458
American Fork,UT,40.3928,-111.7941
Americus,GA,32.06185,-84.2564
Americus,KS,38.5098,-96.2608
Amery,WI,45.3486,-92.4014
Ames,IA,42.03392,-93.60986
Ames,NE,41.4613,-96.6463
Ames,OK,36.2423,-98.182
Amesbury,MA,42.8559,-70.9367
Amesville,OH,39.4086,-81.965
Amherst,CO,40.6824,-102.1706
Amherst,MA,42.38117,-72.50087
Amherst,NE,40.8495,-99.2609
Amherst,NH,42.8569,-71.6075
Amherst,OH,41.3617,-82.2538
Amherst,SD,45.7585,-97.9274
Amherst,TX,33.9976,-102.4416
Amherst,VA,37.6027,-79.0506
Amherst,WI,44.4231,-89.3035
Amherst Junction,WI,44.5065,-89.3038
Amherstdale,WV,37.7959,-81.7833
Amidon,ND,46.456,-103.2647
Amigo,WV,37.5965,-81.3209
Amissville,VA,38.6842,-78.0168
Amistad,NM,35.8983,-103.213
Amite,LA,30.7266,-90.509
Amity,AR,34.2594,-93.4206
Amity,MO,39.8837,-94.5136
Amity,OR,45.1157,-123.1744
Amity,PA,40.0498,-80.1681
Amityville,NY,40.6842,-73.4171
Amlin,OH,40.072,-83.1792
Amma,WV,38.5687,-81.2657
Ammon,VA,37.0724,-77.6475
Amo,IN,39.6886,-86.6136
Amonate,VA,37.1909,-81.6387
Amoret,MO,38.2605,-94.5734
Amorita,OK,36.9412,-98.2458
Amory,MS,33.9844,-88.4709
Amsterdam,MO,38.3954,-94.5763
Amsterdam,NY,42.9387,-74.1882
Amsterdam,OH,40.4731,-80.9596
Amston,CT,41.629,-72.3646
Anabel,MO,39.7428,-92.328
Anacoco,LA,31.2149,-93.3829
Anaconda,MT,46.1299,-112.9739
Anacortes,WA,48.5004,-122.6309
Anadarko,OK,35.0728,-98.2429
Anaheim,CA,33.83592,-117.89772
Anahola,HI,22.1423,-159.3139
Anahuac,TX,29.662,-94.593
Anaktuvuk Pass,AK,68.1433,-151.7358
Analomink,PA,41.0712,-75.2364
Anamoose,ND,47.8703,-100.2529
Anamosa,IA,42.1078,-91.2851
Anatone,WA,46.1285,-117.0883
Anawalt,WV,37.3362,-81.4151
Anchor,IL,40.5441,-88.5266
Anchor Point,AK,59.8371,-151.7078
Anchorage,AK,61.17453,-149.84522
Anchorville,MI,42.8241,-82.6652
Ancona,IL,41.0426,-88.8642
Ancram,NY,42.0851,-73.6424
Ancramdale,NY,42.0381,-73.5819
Andale,KS,37.7797,-97.6366
Andalusia,AL,31.3109,-86.4986
Andalusia,IL,41.4392,-90.7176
Anderson,AK,64.3442,-149.1869
Anderson,AL,34.9424,-87.2734
Anderson,CA,40.4574,-122.3282
Anderson,IN,40.1122,-85.68096
Anderson,MO,36.6506,-94.4436
Anderson,SC,34.48193,-82.70185
Anderson,TX,30.5443,-96.0018
Anderson Island,WA,47.1563,-122.7067
Andersonville,GA,32.1559,-84.164
Andersonville,TN,36.1915,-84.0544
Andes,NY,42.1569,-74.7887
Andover,CT,41.7332,-72.3767
Andover,IA,41.9792,-90.2518
Andover,IL,41.2954,-90.2905
Andover,KS,37.6985,-97.1179
Andover,MA,42.64992,-71.16922
Andover,ME,44.6637,-70.7967
Andover,MN,45.2377,-93.2724
Andover,NH,43.4287,-71.783
Andover,NJ,40.9614,-74.7524
Andover,NY,42.1575,-77.792
Andover,OH,41.6225,-80.5754
Andover,SD,45.4222,-97.9175
Andover,VA,36.9234,-82.7964
Andreas,PA,40.7465,-75.8342
Andrew,IA,42.1536,-90.5924
Andrews,IN,40.8618,-85.6067
Andrews,NC,35.1959,-83.8228
Andrews,SC,33.4525,-79.5604
Andrews,TX,32.3201,-102.5409
Andrews Air Force Base,MD,38.8062,-76.8756
Aneta,ND,47.6993,-97.9814
Aneth,UT,37.2161,-109.1871
Angel Fire,NM,36.3849,-105.2439
Angela,MT,46.73,-106.2011
Angelica,NY,42.3263,-77.9947
Angels Camp,CA,38.071,-120.5722
Angelus Oaks,CA,34.1531,-116.9485
Angie,LA,30.9224,-89.8567
Angier,NC,35.4897,-78.7249
Angle Inlet,MN,49.3453,-95.0627
Angleton,TX,29.1752,-95.4393
Angola,IN,41.6563,-85.0198
Angola,LA,30.9656,-91.5979
Angola,NY,42.6366,-79.0497
Angoon,AK,57.5005,-134.586
Angora,MN,47.7577,-92.6413
Angora,NE,41.8934,-103.085
Anguilla,MS,32.9739,-90.8316
Angwin,CA,38.5769,-122.4477
Aniak,AK,61.5783,-159.5222
Animas,NM,32.053,-108.9069
Anita,IA,41.45,-94.7794
Anita,PA,41.0018,-78.9666
Aniwa,WI,45.0088,-89.3578
Ankeny,IA,41.7203,-93.5974
Anmoore,WV,39.2587,-80.2875
Ann Arbor,MI,42.26549,-83.7714
Anna,IL,37.4668,-89.2207
Anna,OH,40.4051,-84.2103
Anna,TX,33.3445,-96.5639
Anna Maria,FL,27.5291,-82.7317
Annabella,UT,38.7168,-112.0657
Annada,MO,39.2558,-90.8224
Annandale,MN,45.2483,-94.1061
Annandale,NJ,40.6287,-74.8855
Annandale,VA,38.8307,-77.2142
Annandale On Hudson,NY,42.0129,-73.9082
Annapolis,CA,38.7026,-123.3539
Annapolis,IL,39.1179,-87.8029
Annapolis,MD,38.99103,-76.52298
Annapolis,MO,37.3981,-90.6702
Annapolis Junction,MD,39.1332,-76.7988
Annawan,IL,41.398,-89.9129
Anniston,AL,33.71892,-85.80995
Anniston,MO,36.8259,-89.3279
Annona,TX,33.5535,-94.8992
Annville,KY,37.3052,-83.9711
Annville,PA,40.3456,-76.5447
Anoka,MN,45.2825,-93.4186
Anselmo,NE,41.6208,-99.8644
Ansley,NE,41.3019,-99.3645
Anson,ME,44.7831,-69.9309
Anson,TX,32.7489,-99.8953
Ansonia,CT,41.3427,-73.0742
Ansonia,OH,40.2151,-84.6406
Ansonville,NC,35.1046,-80.1092
Ansted,WV,38.1369,-81.0955
Antelope,CA,38.7159,-121.3648
Antelope,MT,48.6968,-104.4529
Antelope,OR,44.8892,-120.7914
Antes Fort,PA,41.1865,-77.2184
Anthon,IA,42.387,-95.8948
Anthony,FL,29.3048,-82.1262
Anthony,KS,37.1512,-98.0285
Anthony,NM,32.004,-106.6058
Anthony,TX,31.9907,-106.5976
Antigo,WI,45.1314,-89.1419
Antimony,UT,38.1015,-111.993
Antioch,CA,37.97985,-121.79235
Antioch,IL,42.4648,-88.1178
Antioch,TN,36.0598,-86.6657
Antler,ND,48.9585,-101.3338
Antlers,OK,34.2349,-95.6254
Antoine,AR,34.0362,-93.4207
Anton,CO,39.6909,-103.1373
Anton,TX,33.8043,-102.1652
Anton Chico,NM,35.2001,-105.1422
Antonito,CO,37.0855,-106.0379
Antrim,NH,43.0595,-71.9387
Antwerp,NY,44.2358,-75.6005
Antwerp,OH,41.1887,-84.7448
Anvik,AK,62.6561,-160.2067
Anza,CA,33.5688,-116.7135
Apache,OK,34.9034,-98.3695
Apache Junction,AZ,33.38165,-111.4884
Apalachicola,FL,29.72575,-84.99595
Apalachin,NY,42.0556,-76.1519
Apex,NC,35.7225,-78.8408
Apison,TN,35.0149,-85.0164
Aplington,IA,42.587,-92.8751
Apollo,PA,40.5565,-79.5772
Apollo Beach,FL,27.7716,-82.4102
Apopka,FL,28.67453,-81.50477
Appalachia,VA,36.9438,-82.7976
Apple Creek,OH,40.7551,-81.8093
Apple Grove,WV,38.6575,-82.1068
Apple River,IL,42.4714,-90.1201
Apple Springs,TX,31.2269,-94.9812
Apple Valley,CA,34.49945,-117.20295
Applegate,CA,39.0007,-120.9924
Applegate,MI,43.3619,-82.6479
Appleton,MN,45.2054,-95.9949
Appleton,NY,43.3105,-78.6372
Appleton,WA,45.8504,-121.3129
Appleton,WI,44.32817,-88.42512
Appleton City,MO,38.1848,-94.0229
Appling,GA,33.6271,-82.2856
Appomattox,VA,37.353,-78.8224
Aptos,CA,36.97935,-121.8941
Apulia Station,NY,42.8187,-76.0724
Aquasco,MD,38.5825,-76.7149
Aquashicola,PA,40.8133,-75.592
Aquebogue,NY,40.9445,-72.627
Aquilla,TX,31.8589,-97.2258
Arab,AL,34.3283,-86.4896
Arabi,GA,31.8496,-83.7277
Arabi,LA,29.9612,-89.9965
Aragon,GA,34.0666,-85.0696
Aragon,NM,33.8859,-108.5466
Aransas Pass,TX,27.911,-97.17375
Arapaho,OK,35.5789,-98.9595
Arapahoe,CO,38.8417,-102.194
Arapahoe,NC,35.0055,-76.8149
Arapahoe,NE,40.3027,-99.8997
Arapahoe,WY,42.9679,-108.4941
Ararat,NC,36.3859,-80.5895
Ararat,VA,36.6139,-80.5093
Arbela,MO,40.4863,-92.0047
Arboles,CO,37.0281,-107.4192
Arbon,ID,42.5026,-112.5585
Arbovale,WV,38.4546,-79.7934
Arbuckle,CA,39.0138,-122.0274
Arbyrd,MO,36.0501,-90.2284
Arcade,NY,42.563,-78.4134
Arcadia,CA,34.13403,-118.03713
Arcadia,FL,27.14657,-81.88737
Arcadia,IA,42.0573,-95.0371
Arcadia,IN,40.1776,-86.0409
Arcadia,KS,37.6341,-94.6548
Arcadia,LA,32.5556,-92.9245
Arcadia,MI,44.5232,-86.2061
Arcadia,MO,37.4871,-90.6062
Arcadia,NE,41.4293,-99.1205
Arcadia,OH,41.1116,-83.5019
Arcadia,OK,35.6543,-97.3243
Arcadia,PA,40.7817,-78.8536
Arcadia,SC,34.9572,-81.9916
Arcadia,WI,44.2539,-91.4805
Arcanum,OH,39.9888,-84.5312
Arcata,CA,40.87135,-124.08105
Arch Cape,OR,45.8109,-123.963
Archbald,PA,41.4876,-75.5334
Archbold,OH,41.5333,-84.3048
Archer,FL,29.5597,-82.5108
Archer,IA,43.1179,-95.7417
Archer,NE,41.1782,-98.1182
Archer City,TX,33.5562,-98.6249
Archibald,LA,32.3632,-91.7693
Archie,MO,38.4986,-94.363
Arco,ID,43.6355,-113.3176
Arco,MN,44.4091,-96.1999
Arcola,IL,39.687,-88.3037
Arcola,IN,41.1038,-85.2925
Arcola,MO,37.5512,-93.8619
Arcola,MS,33.2698,-90.8798
Arctic Village,AK,68.1269,-145.5378
Ardara,PA,40.3578,-79.735
Arden,NC,35.4637,-82.5354
Arden,NY,41.2745,-74.1529
Ardenvoir,WA,47.7373,-120.369
Ardmore,AL,34.9804,-86.8346
Ardmore,OK,34.2066,-97.1903
Ardmore,PA,40.002,-75.2966
Ardmore,TN,35.0574,-86.8796
Ardsley,NY,41.0113,-73.8413
Ardsley On Hudson,NY,41.0259,-73.8718
Aredale,IA,42.8318,-93.021
Arena,WI,43.1521,-89.9386
Arenas Valley,NM,32.7839,-108.1854
Arendtsville,PA,39.9236,-77.3001
Arenzville,IL,39.8979,-90.3636
Argenta,IL,39.934,-88.8052
Argillite,KY,38.4322,-82.8094
Argonia,KS,37.284,-97.7557
Argonne,WI,45.7118,-88.8104
Argos,IN,41.2308,-86.2506
Argusville,ND,47.1066,-96.9058
Argyle,FL,30.7056,-86.0314
Argyle,GA,31.0744,-82.644
Argyle,IA,40.5317,-91.5663
Argyle,MI,43.5589,-82.9455
Argyle,MN,48.3314,-96.8671
Argyle,MO,38.2986,-92.0155
Argyle,NY,43.2381,-73.4641
Argyle,TX,33.1062,-97.16
Argyle,WI,42.6955,-89.8598
Ariel,WA,45.9952,-122.4677
Arimo,ID,42.56,-112.1746
Arion,IA,41.9504,-95.4623
Aripeka,FL,28.4302,-82.6616
Arispe,IA,40.9314,-94.2193
Aristes,PA,40.8167,-76.3503
Ariton,AL,31.583,-85.7077
Arivaca,AZ,31.5885,-111.316
Arizona City,AZ,32.7559,-111.671
Arjay,KY,36.8283,-83.6415
Ark,VA,37.4323,-76.6016
Arkabutla,MS,34.6863,-90.1068
Arkadelphia,AR,34.11903,-93.05887
Arkansas City,AR,33.6143,-91.2325
Arkansas City,KS,37.0676,-97.0357
Arkansaw,WI,44.6267,-92.0566
Arkdale,WI,44.0529,-89.8962
Arkoma,OK,35.3434,-94.4403
Arkport,NY,42.4225,-77.6918
Arkville,NY,42.1417,-74.5721
Arlee,MT,47.186,-114.076
Arley,AL,34.0632,-87.1828
Arlington,AL,32.0668,-87.5597
Arlington,AZ,33.3133,-112.7891
Arlington,CO,38.4068,-103.3697
Arlington,GA,31.442,-84.7241
Arlington,IA,42.7338,-91.6668
Arlington,IL,41.4437,-89.2219
Arlington,IN,39.6488,-85.5828
Arlington,KS,37.8598,-98.159
Arlington,KY,36.7903,-89.0128
Arlington,MA,42.4182,-71.16585
Arlington,MN,44.6153,-94.0762
Arlington,NE,41.4417,-96.307
Arlington,OH,40.8761,-83.6685
Arlington,OR,45.6664,-120.1971
Arlington,SD,44.3668,-97.0687
Arlington,TN,35.2752,-89.7295
Arlington,TX,32.71957,-97.1604
Arlington,VA,38.87433,-77.09769
Arlington,VT,43.0857,-73.1594
Arlington,WA,48.1829,-122.1121
Arlington,WI,43.3269,-89.3631
Arlington Heights,IL,42.0881,-87.9818
Arlington Heights,MA,42.4204,-71.1801
Arma,KS,37.5573,-94.6949
Armada,MI,42.8409,-82.8899
Armagh,PA,40.4603,-79.0097
Armbrust,PA,40.2237,-79.5512
Armington,IL,40.3613,-89.3231
Arminto,WY,43.1789,-107.2576
Armona,CA,36.3095,-119.7053
Armonk,NY,41.136,-73.7009
Armorel,AR,35.9201,-89.7981
Armour,SD,43.316,-98.3414
Armstrong,IA,43.4024,-94.4853
Armstrong,IL,40.2175,-87.8943
Armstrong,MO,39.2566,-92.709
Armstrong,TX,26.8698,-97.7698
Armstrong Creek,WI,45.6726,-88.4908
Armuchee,GA,34.4411,-85.1843
Arnaudville,LA,30.3981,-91.9263
Arnegard,ND,47.8088,-103.4538
Arnett,OK,36.0522,-99.6514
Arnett,WV,37.8334,-81.4301
Arnold,CA,38.3086,-120.268
Arnold,KS,38.6403,-100.0462
Arnold,MD,39.0476,-76.4941
Arnold,MI,46.0508,-87.4921
Arnold,MO,38.4305,-90.387
Arnold,NE,41.4456,-100.1567
Arnold Afb,TN,35.4976,-86.0748
Arnolds Park,IA,43.3637,-95.1282
Arnoldsburg,WV,38.8227,-81.1551
Arnoldsville,GA,33.8803,-83.2341
Arnot,PA,41.6626,-77.123
Arock,OR,42.9156,-117.498
Aroda,VA,38.3256,-78.2366
Aroma Park,IL,41.0798,-87.8114
Aromas,CA,36.8769,-121.6324
Arona,PA,40.268,-79.6591
Arp,TX,32.2418,-95.0639
Arpin,WI,44.5419,-90.037
Arrey,NM,32.8487,-107.3192
Arriba,CO,39.3025,-103.271
Arrington,TN,35.8566,-86.6633
Arrington,VA,37.6902,-78.9479
Arrow Rock,MO,39.0694,-92.9487
Arrowsmith,IL,40.412,-88.6296
Arroyo Grande,CA,35.14235,-120.5279
Arroyo Hondo,NM,36.5796,-105.6873
Arroyo Seco,NM,36.52,-105.534
Art,TX,30.767,-99.0486
Artemas,PA,39.7575,-78.4031
Artemus,KY,36.8388,-83.8329
Artesia,CA,33.8656,-118.0781
Artesia,MS,33.4115,-88.6443
Artesia,NM,32.796,-104.36775
Artesia Wells,TX,28.2639,-99.2802
Artesian,SD,44.021,-98.0114
Arthur,IA,42.3363,-95.3675
Arthur,IL,39.7077,-88.4555
Arthur,ND,47.1048,-97.2097
Arthur,NE,41.574,-101.6931
Arthur,TN,36.5481,-83.6707
Arthur City,TX,33.8643,-95.6111
Arthurdale,WV,39.4951,-79.8151
Artie,WV,37.94,-81.3545
Artois,CA,39.6197,-122.1927
Arvada,CO,39.8212,-105.10553
Arvada,WY,44.6899,-106.1092
Arverne,NY,40.5923,-73.7933
Arvilla,ND,47.9093,-97.4871
Arvin,CA,35.1966,-118.8336
Arvonia,VA,37.6714,-78.3889
Ary,KY,37.3638,-83.1546
Asbury,MO,37.2942,-94.5655
Asbury,NJ,40.695,-75.0281
Asbury,WV,37.8313,-80.5747
Asbury Park,NJ,40.2507,-74.0486
Ascutney,VT,43.4107,-72.4298
Ash,NC,34.0659,-78.5056
Ash Flat,AR,36.2201,-91.6421
Ash Fork,AZ,35.215,-112.5027
Ash Grove,MO,37.316,-93.5781
Ashaway,RI,41.4231,-71.7837
Ashburn,GA,31.7059,-83.6608
Ashburn,MO,39.561,-91.1844
Ashburn,VA,39.04512,-77.53543
Ashburnham,MA,42.6496,-71.9267
Ashby,MA,42.6745,-71.8174
Ashby,MN,46.0781,-95.8214
Ashby,NE,41.9776,-101.9636
Ashcamp,KY,37.2589,-82.4613
Ashdown,AR,33.6787,-94.1351
Asheboro,NC,35.72007,-79.78693
Asher,KY,37.0114,-83.4553
Asher,OK,34.9849,-96.8763
Asherton,TX,28.4364,-99.7486
Asheville,NC,35.60044,-82.54426
Ashfield,MA,42.5232,-72.811
Ashfield,PA,40.7841,-75.7083
Ashford,AL,31.1888,-85.2535
Ashford,CT,41.889,-72.1476
Ashford,WA,46.7531,-121.9898
Ashford,WV,38.1823,-81.7113
Ashippun,WI,43.2119,-88.5162
Ashkum,IL,40.8844,-87.9411
Ashland,AL,33.2474,-85.829
Ashland,IL,39.9386,-90.0792
Ashland,KS,37.1823,-99.759
Ashland,KY,38.40865,-82.68825
Ashland,LA,32.1378,-93.0906
Ashland,MA,42.2539,-71.4583
Ashland,ME,46.6184,-68.3876
Ashland,MO,38.7878,-92.2537
Ashland,MS,34.8346,-89.1427
Ashland,MT,45.58855,-106.27525
Ashland,NE,41.0541,-96.3904
Ashland,NH,43.7034,-71.6121
Ashland,NY,42.3037,-74.3335
Ashland,OH,40.8559,-82.3189
Ashland,OR,42.1885,-122.693
Ashland,PA,40.7732,-76.343
Ashland,VA,37.7395,-77.4784
Ashland,WI,46.5586,-90.7388
Ashland City,TN,36.2731,-87.0447
Ashley,IL,38.306,-89.2311
Ashley,IN,41.5347,-85.0504
Ashley,MI,43.1891,-84.488
Ashley,ND,46.0537,-99.3164
Ashley,OH,40.4163,-82.9542
Ashley Falls,MA,42.0596,-73.3202
Ashmore,IL,39.5254,-88.0341
Ashtabula,OH,41.8665,-80.79225
Ashton,IA,43.3053,-95.7655
Ashton,ID,44.0153,-111.4253
Ashton,IL,41.8643,-89.2086
Ashton,MD,39.151,-76.9924
Ashton,NE,41.2672,-98.8034
Ashton,SD,45.0465,-98.3973
Ashton,WV,38.6032,-82.1123
Ashuelot,NH,42.7851,-72.4349
Ashville,AL,33.8374,-86.2552
Ashville,NY,42.1084,-79.4056
Ashville,OH,39.7316,-82.9446
Ashville,PA,40.5513,-78.5346
Ashwood,OR,44.7195,-120.7192
Askov,MN,46.1964,-92.7528
Asotin,WA,46.1343,-117.0015
Aspen,CO,39.20925,-106.8532
Aspermont,TX,33.1301,-100.2344
Aspers,PA,39.9765,-77.2287
Aspinwall,IA,41.9119,-95.1356
Assaria,KS,38.6676,-97.6203
Assawoman,VA,37.8658,-75.5277
Assonet,MA,41.7975,-71.0607
Assumption,IL,39.5095,-89.0398
Astatula,FL,28.7088,-81.7195
Aston,PA,39.8643,-75.4332
Astor,FL,29.165,-81.5399
Astoria,IL,40.2311,-90.3443
Astoria,NY,40.7676,-73.92048
Astoria,OR,46.1558,-123.798
Astoria,SD,44.5735,-96.5416
Atalissa,IA,41.5614,-91.1748
Atascadero,CA,35.4518,-120.71665
Atascosa,TX,29.2705,-98.7421
Atchison,KS,39.5594,-95.1304
Atco,NJ,39.76,-74.8665
Atglen,PA,39.9458,-75.9703
Athelstane,WI,45.4228,-88.1753
Athena,OR,45.8289,-118.4971
Athens,AL,34.8144,-86.98715
Athens,GA,33.95448,-83.38565
Athens,IL,39.9917,-89.6684
Athens,IN,41.0537,-86.1253
Athens,LA,32.6451,-93.0239
Athens,ME,44.9388,-69.6695
Athens,MI,42.103,-85.2317
Athens,NY,42.2736,-73.8152
Athens,OH,39.3178,-82.102
Athens,PA,41.949,-76.4889
Athens,TN,35.45015,-84.59865
Athens,TX,32.2043,-95.8166
Athens,WI,44.9823,-90.0078
Athens,WV,37.4323,-80.9974
Atherton,CA,37.4563,-122.2002
Athol,ID,47.9267,-116.7318
Athol,KS,39.7719,-98.9077
Athol,MA,42.5959,-72.2267
Athol,NY,43.4839,-73.8817
Athol Springs,NY,42.7684,-78.8871
Atka,AK,52.1961,-174.2006
Atkins,AR,35.2449,-92.9507
Atkins,IA,41.9881,-91.876
Atkins,VA,36.8665,-81.4048
Atkinson,IL,41.4162,-90.0225
Atkinson,NC,34.5304,-78.1671
Atkinson,NE,42.5483,-98.9761
Atkinson,NH,42.837,-71.1603
Atlanta,GA,33.81708,-84.38023
Atlanta,ID,43.8479,-115.2538
Atlanta,IL,40.2586,-89.23
Atlanta,IN,40.2103,-86.019
Atlanta,KS,37.4343,-96.7661
Atlanta,LA,31.776,-92.7958
Atlanta,MI,44.9924,-84.148
Atlanta,MO,39.9146,-92.475
Atlanta,NE,40.3667,-99.4732
Atlanta,NY,42.5596,-77.4669
Atlanta,TX,33.109,-94.1646
Atlantic,IA,41.4003,-95.0101
Atlantic,NC,34.8888,-76.3521
Atlantic,PA,41.5333,-80.2863
Atlantic,VA,37.9073,-75.5089
Atlantic Beach,FL,30.3483,-81.4159
Atlantic Beach,NC,34.6991,-76.7402
Atlantic Beach,NY,40.5887,-73.7255
Atlantic City,NJ,39.365,-74.42583
Atlantic Highlands,NJ,40.4015,-74.0309
Atlantic Mine,MI,47.0937,-88.6613
Atlas,MI,42.94,-83.5369
Atlasburg,PA,40.3413,-80.3822
Atmore,AL,31.03227,-87.4928
Atoka,OK,34.3445,-96.1418
Atoka,TN,35.4412,-89.7781
Atomic City,ID,43.4449,-112.8128
Atqasuk,AK,70.4947,-157.4411
Attalla,AL,34.0296,-86.0967
Attapulgus,GA,30.7493,-84.4846
Attica,IN,40.2811,-87.2241
Attica,KS,37.2528,-98.2264
Attica,MI,43.0547,-83.1668
Attica,NY,42.8499,-78.2798
Attica,OH,41.0773,-82.9032
Attleboro,MA,41.9296,-71.3009
Attleboro Falls,MA,41.9726,-71.3082
Atwater,CA,37.3489,-120.6028
Atwater,MN,45.1116,-94.7938
Atwater,OH,41.0335,-81.1985
Atwood,CA,33.8674,-117.831
Atwood,CO,40.5082,-103.2749
Atwood,IL,39.8044,-88.4494
Atwood,IN,41.254,-85.9697
Atwood,KS,39.7926,-101.0318
Atwood,OK,34.9562,-96.3386
Atwood,TN,35.9663,-88.6247
Au Gres,MI,44.0338,-83.702
Au Sable Forks,NY,44.4499,-73.6857
Au Train,MI,46.4446,-86.9115
Auberry,CA,37.0726,-119.4572
Aubrey,AR,34.7195,-90.8969
Aubrey,TX,33.292,-96.9879
Auburn,AL,32.58313,-85.4893
Auburn,CA,38.93243,-121.08047
Auburn,GA,34.0191,-83.8261
Auburn,IA,42.2763,-94.8711
Auburn,IL,39.5918,-89.744
Auburn,IN,41.359,-85.0468
Auburn,KS,38.9167,-95.8199
Auburn,KY,36.8818,-86.7198
Auburn,MA,42.2055,-71.8391
Auburn,ME,44.16293,-70.23933
Auburn,MI,43.608,-84.1027
Auburn,NE,40.3789,-95.8526
Auburn,NH,42.9925,-71.3449
Auburn,NY,42.93113,-76.56493
Auburn,PA,40.5962,-76.1344
Auburn,WA,47.30265,-122.19962
Auburn,WV,39.0864,-80.8837
Auburn,WY,42.8051,-110.9944
Auburn Hills,MI,42.6592,-83.3119
Auburn University,AL,32.6024,-85.4873
Auburndale,FL,28.0724,-81.8122
Auburndale,MA,42.3441,-71.248
Auburndale,WI,44.6378,-90.0136
Auburntown,TN,35.9338,-86.1126
Audubon,IA,41.73,-94.9164
Audubon,MN,46.8719,-95.9881
Audubon,NJ,39.891,-75.0724
Audubon,PA,40.2119,-75.3559
Augusta,AR,35.2788,-91.3527
Augusta,GA,33.43296,-82.07515
Augusta,IL,40.2341,-90.9554
Augusta,KS,37.6836,-96.9648
Augusta,KY,38.763,-83.9954
Augusta,ME,44.33484,-69.77908
Augusta,MI,42.3563,-85.354
Augusta,MO,38.5728,-90.8815
Augusta,MT,47.4537,-112.3883
Augusta,NJ,41.1451,-74.6848
Augusta,OH,40.686,-81.0219
Augusta,WI,44.6947,-91.1232
Augusta,WV,39.2998,-78.5931
Augusta Springs,VA,38.1025,-79.3195
Auke Bay,AK,58.4494,-134.7003
Aulander,NC,36.1475,-77.1141
Ault,CO,40.5938,-104.7356
Aultman,PA,40.5698,-79.2617
Aumsville,OR,44.8313,-122.8517
Aurelia,IA,42.6912,-95.4381
Auriesville,NY,42.9295,-74.3165
Aurora,CO,39.70912,-104.70596
Aurora,IA,42.6203,-91.7335
Aurora,IL,41.7715,-88.26696
Aurora,IN,39.0719,-84.9452
Aurora,KS,39.4472,-97.5304
Aurora,ME,44.8861,-68.2959
Aurora,MN,47.4951,-92.2415
Aurora,MO,36.9709,-93.718
Aurora,NC,35.3023,-76.7994
Aurora,NE,40.8528,-98.0201
Aurora,NY,42.7472,-76.6775
Aurora,OH,41.3176,-81.3454
Aurora,OR,45.2284,-122.8039
Aurora,SD,44.2838,-96.7043
Aurora,UT,38.9222,-111.9341
Aurora,WV,39.3181,-79.5764
Austell,GA,33.81035,-84.61295
Austerlitz,NY,42.3223,-73.455
Austin,AR,34.9921,-91.9798
Austin,CO,38.7975,-107.9738
Austin,IN,38.7478,-85.7962
Austin,KY,36.8124,-85.985
Austin,MN,43.6695,-92.9784
Austin,NV,39.508,-117.0811
Austin,PA,41.6296,-78.0908
Austin,TX,30.30944,-97.76229
Austinburg,OH,41.7554,-80.8584
Austinville,IA,42.5824,-92.9599
Austinville,VA,36.8195,-80.8583
Austwell,TX,28.4023,-96.853
Autaugaville,AL,32.4625,-86.7149
Autryville,NC,35.0997,-78.6021
Auxier,KY,37.737,-82.7582
Auxvasse,MO,39.0122,-91.8858
Ava,IL,37.8793,-89.4654
Ava,MO,36.9407,-92.6765
Ava,NY,43.3445,-75.4509
Ava,OH,39.8317,-81.5748
Avalon,CA,33.332,-118.3437
Avalon,NJ,39.0951,-74.7262
Avalon,TX,32.2054,-96.79
Avalon,WI,42.6593,-88.8307
Avant,OK,36.4901,-96.0616
Avawam,KY,37.2254,-83.2736
Avella,PA,40.2734,-80.4565
Avenal,CA,35.9877,-120.1227
Avenel,NJ,40.5826,-74.2785
Avenue,MD,38.2826,-76.7466
Avera,GA,33.141,-82.515
Averill,VT,44.9981,-71.7104
Averill Park,NY,42.6365,-73.5504
Avery,CA,38.2044,-120.3688
Avery,ID,47.2714,-115.866
Avery,TX,33.5339,-94.7867
Avery Island,LA,29.8981,-91.9062
Avila Beach,CA,35.18,-120.7318
Avilla,IN,41.3689,-85.2414
Avilla,MO,37.1953,-94.1297
Avinger,TX,32.8485,-94.5795
Avis,PA,41.186,-77.3162
Aviston,IL,38.6089,-89.6034
Avoca,AR,36.4047,-94.0713
Avoca,IA,41.4768,-95.3509
Avoca,IN,38.9132,-86.5489
Avoca,MI,43.0752,-82.6955
Avoca,MN,43.9706,-95.6002
Avoca,NE,40.8159,-96.0957
Avoca,NY,42.3679,-77.4641
Avoca,TX,32.8832,-99.6964
Avoca,WI,43.1571,-90.2889
Avon,CO,39.6313,-106.5108
Avon,CT,41.7905,-72.8653
Avon,IL,40.6549,-90.4461
Avon,IN,39.7629,-86.3996
Avon,MA,42.1258,-71.0437
Avon,MN,45.6122,-94.436
Avon,MS,33.2301,-91.0473
Avon,MT,46.5972,-112.602
Avon,NC,35.3521,-75.5104
Avon,NY,42.903,-77.7274
Avon,OH,41.4467,-82.0204
Avon,SD,43.0397,-98.0283
Avon By The Sea,NJ,40.1918,-74.0167
Avon Lake,OH,41.5019,-82.0111
Avon Park,FL,27.598,-81.50385
Avondale,AZ,33.4549,-112.32655
Avondale,CO,38.1025,-104.5298
Avondale,PA,39.8219,-75.7687
Avondale,WV,37.4126,-81.7843
Avondale Estates,GA,33.7717,-84.2607
Avonmore,PA,40.5221,-79.4853
Awendaw,SC,33.0063,-79.6561
Axis,AL,30.9394,-88.0159
Axson,GA,31.3035,-82.7319
Axtell,KS,39.8707,-96.2676
Axtell,NE,40.5269,-99.1169
Axtell,TX,31.661,-96.9882
Axtell,UT,39.0532,-111.8243
Axton,VA,36.6596,-79.712
Ayden,NC,35.4565,-77.4051
Aydlett,NC,36.3045,-75.9029
Ayer,MA,42.5591,-71.5788
Aylett,VA,37.8221,-77.1885
Aynor,SC,33.9823,-79.1777
Ayr,ND,47.0139,-97.4629
Ayr,NE,40.4411,-98.439
Ayrshire,IA,43.037,-94.8478
Azalea,OR,42.845,-123.155
Azalia,MI,42.0082,-83.6643
Azle,TX,32.8996,-97.5524
Aztec,NM,36.8205,-108.011
Azusa,CA,34.1248,-117.9031
Babb,MT,48.8788,-113.3681
Babbitt,MN,47.7091,-91.957
Babcock,WI,44.3031,-90.0986
Babson Park,FL,27.8163,-81.5139
Babson Park,MA,42.2987,-71.2595
Babylon,NY,40.6957,-73.3257
Backus,MN,46.8699,-94.3959
Bacliff,TX,29.5055,-94.9893
Baconton,GA,31.3878,-84.1135
Bacova,VA,38.054,-79.8437
Bad Axe,MI,43.8067,-83.0054
Baden,PA,40.6416,-80.1985
Badger,CA,36.6313,-119.0132
Badger,IA,42.6144,-94.1461
Badger,MN,48.7913,-96.0965
Badger,SD,44.4918,-97.2184
Badin,NC,35.406,-80.1167
Bagdad,AZ,34.5785,-113.1755
Bagdad,FL,30.5986,-87.0315
Bagdad,KY,38.2608,-85.0651
Baggs,WY,41.0312,-107.6687
Bagley,IA,41.8341,-94.4415
Bagley,MN,47.487,-95.4133
Bagley,WI,42.9207,-91.0685
Bagwell,TX,33.8361,-95.1487
Bahama,NC,36.1566,-78.8903
Bailey,CO,39.4482,-105.4693
Bailey,MI,43.2768,-85.8313
Bailey,MS,32.4676,-88.7228
Bailey,NC,35.8072,-78.0892
Bailey,TX,33.43,-96.1662
Bailey Island,ME,43.7341,-69.9952
Baileys Harbor,WI,45.0565,-87.1676
Baileyton,AL,34.2683,-86.6213
Baileyville,IL,42.1905,-89.5939
Baileyville,KS,39.8816,-96.1801
Baileyville,ME,45.1035,-67.4722
Bainbridge,GA,30.90883,-84.57597
Bainbridge,IN,39.7612,-86.812
Bainbridge,NY,42.312,-75.4894
Bainbridge,OH,39.2131,-83.2763
Bainbridge,PA,40.1086,-76.6726
Bainbridge Island,WA,47.6478,-122.538
Bainville,MT,48.158,-104.1995
Baird,TX,32.3916,-99.3777
Bairdford,PA,40.6312,-79.8814
Bairoil,WY,42.2327,-107.5633
Baisden,WV,37.584,-81.9051
Baker,CA,35.3606,-116.0638
Baker,FL,30.8316,-86.677
Baker,LA,30.54865,-91.11165
Baker,MT,46.3552,-104.2667
Baker,NV,38.9559,-114.2438
Baker,WV,39.0656,-78.7748
Baker City,OR,44.7749,-117.8344
Bakers Mills,NY,43.6148,-74.0249
Bakersfield,CA,35.33482,-118.98569
Bakersfield,MO,36.5332,-92.1507
Bakersfield,VT,44.7914,-72.7697
Bakerstown,PA,40.6478,-79.931
Bakersville,NC,36.0286,-82.1711
Bakersville,OH,40.3572,-81.6436
Bakerton,WV,39.3159,-77.8772
Bakewell,TN,35.3452,-85.138
Bala Cynwyd,PA,40.0118,-75.2342
Balaton,MN,44.2253,-95.8838
Balch Springs,TX,32.7287,-96.6228
Bald Knob,AR,35.3113,-91.5502
Baldwin,GA,34.4574,-83.476
Baldwin,IA,42.0732,-90.82
Baldwin,IL,38.1754,-89.8414
Baldwin,LA,29.8488,-91.5458
Baldwin,MD,39.5194,-76.4927
Baldwin,MI,43.8894,-85.8819
Baldwin,ND,46.9543,-100.7615
Baldwin,NY,40.6548,-73.6097
Baldwin,WI,44.9657,-92.3655
Baldwin City,KS,38.7953,-95.2276
Baldwin Park,CA,34.0964,-117.9682
Baldwin Place,NY,41.3421,-73.7454
Baldwinsville,NY,43.162,-76.3237
Baldwinville,MA,42.5936,-72.0646
Baldwyn,MS,34.528,-88.6375
Balfour,ND,47.9685,-100.5209
Balko,OK,36.5996,-100.7103
Ball,LA,31.4151,-92.3945
Ball Ground,GA,34.3393,-84.3758
Ballantine,MT,45.9547,-108.1231
Ballard,WV,37.498,-80.7614
Ballentine,SC,34.1265,-81.2348
Ballico,CA,37.4548,-120.6931
Ballinger,TX,31.7468,-99.9589
Ballouville,CT,41.8768,-71.8612
Ballston Lake,NY,42.9192,-73.8552
Ballston Spa,NY,43.005,-73.8486
Ballwin,MO,38.59408,-90.54442
Bally,PA,40.405,-75.5769
Balm,FL,27.7648,-82.2734
Balmorhea,TX,30.9843,-103.7446
Balsam,NC,35.4268,-83.0851
Balsam Grove,NC,35.2298,-82.8779
Balsam Lake,WI,45.4588,-92.415
Balta,ND,48.1667,-100.0371
Baltic,CT,41.6263,-72.0775
Baltic,OH,40.4476,-81.6792
Baltic,SD,43.7309,-96.7563
Baltimore,MD,39.30186,-76.621
Baltimore,OH,39.8645,-82.624
Bamberg,SC,33.2779,-81.0177
Banco,VA,38.4512,-78.2817
Bancroft,IA,43.2935,-94.2108
Bancroft,ID,42.7205,-111.8429
Bancroft,MI,42.882,-84.1207
Bancroft,NE,42.0267,-96.6171
Bancroft,WI,44.3065,-89.5304
Bancroft,WV,38.5086,-81.841
Bandana,KY,37.1459,-88.9455
Bandera,TX,29.7276,-99.0453
Bandon,OR,43.0968,-124.4037
Bandy,VA,37.1661,-81.6508
Bangall,NY,41.8756,-73.6912
Bangor,CA,39.3885,-121.4052
Bangor,ME,44.8127,-68.7848
Bangor,MI,42.3312,-86.1311
Bangor,PA,40.853,-75.1718
Bangor,WI,43.8687,-90.9809
Bangs,TX,31.7503,-99.1568
Banks,AL,31.8368,-85.7998
Banks,AR,33.5497,-92.2604
Banks,ID,44.0804,-116.124
Banks,OR,45.6535,-123.121
Bankston,AL,33.7008,-87.6897
Banner,KY,37.5707,-82.6806
Banner,MS,34.0949,-89.4154
Banner,WY,44.6003,-106.7954
Banner Elk,NC,36.1705,-81.8412
Banning,CA,33.9282,-116.8899
Bannister,MI,43.1615,-84.3597
Bannock,OH,40.1032,-80.9756
Banquete,TX,27.8051,-97.7922
Bantam,CT,41.7215,-73.252
Bantry,ND,48.5351,-100.5954
Bapchule,AZ,33.1405,-111.9128
Baptistown,NJ,40.5218,-75.006
Bar Harbor,ME,44.3738,-68.2448
Bar Mills,ME,43.6131,-70.5498
Baraboo,WI,43.4825,-89.7462
Baraga,MI,46.8048,-88.5758
Barataria,LA,29.6964,-90.1122
Barbeau,MI,46.2848,-84.2173
Barberton,OH,41.0197,-81.6212
Barberville,FL,29.2005,-81.4065
Barboursville,VA,38.2095,-78.3098
Barboursville,WV,38.3893,-82.296
Barbourville,KY,36.8665,-83.8888
Barclay,MD,39.1299,-75.8601
Barco,NC,36.3588,-75.9793
Bard,CA,32.7822,-114.5619
Bard,NM,35.1303,-103.1605
Bardolph,IL,40.495,-90.5646
Bardstown,KY,37.8083,-85.4613
Bardwell,KY,36.8634,-89.0209
Bardwell,TX,32.2731,-96.703
Bargersville,IN,39.5,-86.1797
Barhamsville,VA,37.4617,-76.8321
Baring,MO,40.2509,-92.2311
Baring,WA,47.7671,-121.4814
Barium Springs,NC,35.7192,-80.8991
Bark River,MI,45.6956,-87.2073
Barker,NY,43.3368,-78.542
Barker,TX,29.7844,-95.6849
Barkhamsted,CT,41.9293,-72.914
Barksdale,TX,29.8282,-100.105
Barksdale Afb,LA,32.5137,-93.6404
Barling,AR,35.333,-94.3082
Barlow,KY,37.0493,-89.0408
Barlow,OH,39.3987,-81.6649
Barnard,KS,39.1816,-98.0711
Barnard,MO,40.1862,-94.8056
Barnard,SD,45.7325,-98.4965
Barnard,VT,43.7287,-72.619
Barnardsville,NC,35.7748,-82.4567
Barnegat,NJ,39.7552,-74.247
Barnegat Light,NJ,39.7512,-74.1146
Barnes,KS,39.6841,-96.8676
Barnes City,IA,41.4883,-92.4703
Barneston,NE,40.0483,-96.577
Barnesville,GA,33.0457,-84.1515
Barnesville,MD,39.2233,-77.3764
Barnesville,MN,46.6522,-96.4198
Barnesville,NC,34.4088,-79.0467
Barnesville,OH,39.9853,-81.1375
Barnesville,PA,40.8138,-76.0611
Barnet,VT,44.3179,-72.0783
Barnett,MO,38.3967,-92.6686
Barneveld,NY,43.2237,-75.1612
Barneveld,WI,43.0158,-89.9042
Barney,GA,31.0074,-83.5219
Barney,ND,46.2496,-96.9708
Barnhart,MO,38.3384,-90.4142
Barnhart,TX,31.1596,-101.1918
Barnhill,IL,38.2845,-88.3642
Barnsdall,OK,36.5429,-96.1318
Barnstable,MA,41.6983,-70.3001
Barnstead,NH,43.3349,-71.2887
Barnum,IA,42.5159,-94.3703
Barnum,MN,46.5196,-92.6292
Barnwell,SC,33.2335,-81.3523
Baroda,MI,41.9488,-86.4913
Barrackville,WV,39.5052,-80.1725
Barre,MA,42.4097,-72.1084
Barre,VT,44.1945,-72.4936
Barren Springs,VA,36.9078,-80.809
Barrett,MN,45.8996,-95.8754
Barrington,IL,42.2421,-87.8742
Barrington,NH,43.2027,-71.0377
Barrington,NJ,39.8651,-75.0564
Barrington,RI,41.7443,-71.3175
Barron,WI,45.4005,-91.85
Barronett,WI,45.619,-92.0196
Barrow,AK,71.2346,-156.8174
Barry,IL,39.7047,-91.0265
Barry,MN,45.5593,-96.5589
Barry,TX,32.1014,-96.6251
Barryton,MI,43.7507,-85.1547
Barrytown,NY,42.0005,-73.9199
Barryville,NY,41.4912,-74.9152
Barstow,CA,34.895,-117.03075
Barstow,IL,41.5147,-90.3577
Barstow,MD,38.5254,-76.6161
Barstow,TX,31.4639,-103.3971
Bart,PA,40.0185,-76.2976
Bartelso,IL,38.5385,-89.4578
Bartlesville,OK,36.73483,-95.948
Bartlett,IL,41.9794,-88.2063
Bartlett,KS,37.0601,-95.2115
Bartlett,NE,41.8697,-98.5567
Bartlett,NH,44.0802,-71.292
Bartlett,OH,39.4195,-81.8157
Bartlett,TX,30.7991,-97.4263
Bartley,NE,40.2581,-100.2908
Bartley,WV,37.3407,-81.7376
Barto,PA,40.3815,-75.5749
Barton,AR,34.5467,-90.7679
Barton,MD,39.5331,-79.0281
Barton,NY,42.0695,-76.3983
Barton,OH,40.1073,-80.8412
Barton,VT,44.7438,-72.1681
Barton City,MI,44.702,-83.5994
Bartonsville,PA,41.008,-75.2967
Bartow,FL,27.89605,-81.8279
Bartow,GA,32.8632,-82.4708
Bartow,WV,38.5513,-79.7952
Barwick,GA,30.8902,-83.7407
Basalt,CO,39.3535,-106.9988
Basalt,ID,43.3155,-112.1644
Basco,IL,40.3283,-91.197
Bascom,FL,30.9514,-85.0972
Bascom,OH,41.1328,-83.2854
Basehor,KS,39.1281,-94.957
Basile,LA,30.4978,-92.5736
Basin,MT,46.3296,-112.1967
Basin,WY,44.3788,-108.0438
Baskerville,VA,36.7236,-78.279
Baskett,KY,37.8709,-87.4625
Baskin,LA,32.2897,-91.7132
Basking Ridge,NJ,40.6789,-74.5605
Basom,NY,43.0807,-78.3951
Bass Harbor,ME,44.2401,-68.3439
Bass Lake,CA,37.3244,-119.5568
Bassett,AR,35.5365,-90.1268
Bassett,NE,42.5763,-99.5387
Bassett,VA,36.7534,-80.0055
Bassett,WI,42.5406,-88.2279
Bassfield,MS,31.5037,-89.7027
Bastian,VA,37.1574,-81.1989
Bastrop,LA,32.7728,-91.89005
Bastrop,TX,30.1388,-97.2921
Basye,VA,38.8089,-78.7776
Bat Cave,NC,35.4515,-82.2871
Batavia,IA,40.9905,-92.1431
Batavia,IL,41.8482,-88.3098
Batavia,NY,42.9992,-78.18885
Batavia,OH,39.0957,-84.1451
Batchelor,LA,30.8298,-91.6944
Batchtown,IL,39.0725,-90.6591
Bates,OR,44.7138,-118.6469
Bates City,MO,39.0219,-94.0798
Batesburg,SC,33.8702,-81.5505
Batesland,SD,43.1085,-102.2006
Batesville,AR,35.7586,-91.58475
Batesville,IN,39.3001,-85.2221
Batesville,MS,34.3115,-89.9443
Batesville,TX,28.9286,-99.6115
Batesville,VA,38.0013,-78.7271
Bath,IL,40.1536,-90.1661
Bath,IN,39.4992,-84.836
Bath,ME,43.9062,-69.8266
Bath,MI,42.8206,-84.4545
Bath,NC,35.4702,-76.7715
Bath,NH,44.1808,-71.9828
Bath,NY,42.3575,-77.3028
Bath,OH,41.1889,-81.6362
Bath,PA,40.7551,-75.4086
Bath,SC,33.5046,-81.869
Bath,SD,45.4564,-98.3552
Bath Springs,TN,35.4521,-88.1286
Bathgate,ND,48.8686,-97.4832
Baton Rouge,LA,30.47667,-91.10673
Batson,TX,30.225,-94.6096
Battery Park,VA,36.9965,-76.5741
Battiest,OK,34.3934,-94.9249
Battle Creek,IA,42.3327,-95.6045
Battle Creek,MI,42.29353,-85.1247
Battle Creek,NE,41.9943,-97.5982
Battle Ground,IN,40.5248,-86.8238
Battle Ground,WA,45.7907,-122.5318
Battle Lake,MN,46.3142,-95.7144
Battle Mountain,NV,40.622,-116.9554
Battleboro,NC,36.0067,-77.7074
Battlement Mesa,CO,39.4305,-108.0239
Battletown,KY,38.0393,-86.2991
Baudette,MN,48.6927,-94.5995
Bausman,PA,40.024,-76.3281
Bauxite,AR,34.5091,-92.4828
Baxley,GA,31.781,-82.34855
Baxter,IA,41.8204,-93.1583
Baxter,KY,36.8749,-83.3141
Baxter,MN,46.3429,-94.2822
Baxter,TN,36.1249,-85.6378
Baxter,WV,39.544,-80.1423
Baxter Springs,KS,37.0281,-94.7393
Bay,AR,35.7456,-90.5507
Bay Center,WA,46.6315,-123.9549
Bay City,MI,43.6429,-83.92147
Bay City,OR,45.5197,-123.8761
Bay City,TX,28.9232,-95.94335
Bay City,WI,44.6166,-92.4469
Bay Minette,AL,30.8635,-87.7644
Bay Pines,FL,27.8142,-82.7782
Bay Port,MI,43.8377,-83.3525
Bay Saint Louis,MS,30.3494,-89.4807
Bay Shore,MI,45.3583,-85.0973
Bay Shore,NY,40.7051,-73.243
Bay Springs,MS,31.9449,-89.2338
Bay Village,OH,41.4841,-81.9289
Bayard,IA,41.8519,-94.5583
Bayard,NE,41.7579,-103.3019
Bayard,NM,32.7617,-108.1306
Bayard,WV,39.2729,-79.3645
Bayboro,NC,35.1526,-76.7518
Bayfield,CO,37.2603,-107.6137
Bayfield,WI,46.8354,-90.8217
Baylis,IL,39.7612,-90.8832
Bayonne,NJ,40.6664,-74.1192
Bayou La Batre,AL,30.408,-88.2507
Bayport,MN,45.0214,-92.7844
Bayport,NY,40.7444,-73.0542
Bays,KY,37.6405,-83.2441
Bayside,CA,40.8266,-124.0552
Bayside,NY,40.77873,-73.77747
Bayside,TX,28.0968,-97.2106
Baytown,TX,29.75552,-94.94325
Bayview,ID,47.9822,-116.5494
Bayville,NJ,39.9093,-74.1549
Bayville,NY,40.9074,-73.5601
Bazine,KS,38.4565,-99.7016
Beach,ND,46.9324,-103.9843
Beach City,OH,40.6562,-81.5851
Beach Haven,NJ,39.6411,-74.1922
Beach Haven,PA,41.0684,-76.1758
Beach Lake,PA,41.6034,-75.1165
Beachwood,NJ,39.9302,-74.1961
Beachwood,OH,41.4701,-81.5232
Beacon,IA,41.272,-92.6819
Beacon,NY,41.5097,-73.9634
Beacon Falls,CT,41.4369,-73.0597
Beale Afb,CA,39.1115,-121.3604
Bealeton,VA,38.5453,-77.7561
Beallsville,MD,39.179,-77.4128
Beallsville,OH,39.8484,-81.0368
Beallsville,PA,40.0655,-80.0221
Beals,ME,44.513,-67.6056
Beaman,IA,42.2367,-92.8162
Bean Station,TN,36.3249,-83.3142
Bear,DE,39.6102,-75.6747
Bear Branch,KY,37.1939,-83.5035
Bear Creek,AL,34.1649,-87.7396
Bear Creek,NC,35.6129,-79.3726
Bear Creek,PA,41.1922,-75.7161
Bear Creek,WI,44.5348,-88.7404
Bear Lake,MI,44.4311,-86.1425
Bear Lake,PA,41.9701,-79.4614
Bear Mountain,NY,41.1609,-74.0608
Bear River City,UT,41.6093,-112.1241
Bearcreek,MT,45.1608,-109.1571
Bearden,AR,33.7298,-92.618
Beardsley,MN,45.5539,-96.706
Beardstown,IL,40.0044,-90.4229
Bearsville,NY,42.0406,-74.1551
Beasley,TX,29.479,-95.9681
Beason,IL,40.1437,-89.1948
Beatrice,AL,31.7273,-87.1719
Beatrice,NE,40.2705,-96.7435
Beattie,KS,39.8988,-96.4286
Beatty,NV,36.8199,-116.6094
Beatty,OR,42.4369,-121.22
Beattyville,KY,37.5999,-83.714
Beaufort,MO,38.4294,-91.1709
Beaufort,NC,34.758,-76.6228
Beaufort,SC,32.41742,-80.6769
Beaumont,CA,33.9504,-116.9701
Beaumont,KS,37.658,-96.5329
Beaumont,KY,36.8705,-85.644
Beaumont,MS,31.1693,-88.92
Beaumont,TX,30.09015,-94.14427
Beaumont,VA,37.7338,-77.8881
Beauty,KY,37.8401,-82.439
Beaver,AK,66.3594,-147.3964
Beaver,AR,36.4311,-93.6994
Beaver,IA,42.0387,-94.1436
Beaver,KY,37.3774,-82.6869
Beaver,OH,39.0332,-82.8514
Beaver,OK,36.8341,-100.5177
Beaver,OR,45.2767,-123.8234
Beaver,PA,40.6972,-80.3365
Beaver,UT,38.2807,-112.6299
Beaver,WA,48.0673,-124.3054
Beaver,WV,37.7516,-81.0731
Beaver Bay,MN,47.256,-91.3566
Beaver City,NE,40.129,-99.8065
Beaver Creek,MN,43.6223,-96.3698
Beaver Crossing,NE,40.7887,-97.2914
Beaver Dam,KY,37.387,-86.8729
Beaver Dam,WI,43.4616,-88.8407
Beaver Dams,NY,42.2798,-76.972
Beaver Falls,NY,43.887,-75.4274
Beaver Falls,PA,40.7687,-80.3592
Beaver Island,MI,45.6684,-85.5473
Beaver Meadows,PA,40.9281,-75.9146
Beaver Springs,PA,40.7495,-77.2206
Beavercreek,OR,45.2597,-122.4751
Beaverdale,PA,40.3173,-78.7009
Beaverdam,OH,40.8314,-83.9758
Beaverdam,VA,37.9038,-77.6308
Beaverton,AL,33.9429,-88.0157
Beaverton,MI,43.8866,-84.4241
Beaverton,OR,45.48083,-122.81754
Beavertown,PA,40.7774,-77.1691
Beaverville,IL,40.9672,-87.6217
Beccaria,PA,40.7683,-78.4455
Bechtelsville,PA,40.3795,-75.6257
Beckemeyer,IL,38.6058,-89.4319
Becker,MN,45.4365,-93.841
Becker,MS,33.8698,-88.4622
Becket,MA,42.3594,-73.1203
Beckley,WV,37.77105,-81.2153
Beckville,TX,32.2452,-94.4555
Beckwourth,CA,39.7721,-120.4051
Bedford,IA,40.6683,-94.7324
Bedford,IN,38.8729,-86.4871
Bedford,KY,38.5864,-85.3133
Bedford,MA,42.4843,-71.2768
Bedford,MI,42.3953,-85.2322
Bedford,NH,42.9403,-71.5213
Bedford,NY,41.1909,-73.6355
Bedford,OH,41.3921,-81.5232
Bedford,PA,39.9908,-78.5261
Bedford,TX,32.84243,-97.14143
Bedford,VA,37.3153,-79.5331
Bedford,WY,42.8701,-110.9401
Bedford Hills,NY,41.2344,-73.6915
Bedford Park,IL,41.8119,-87.6873
Bedias,TX,30.7065,-95.9546
Bedminster,NJ,40.6571,-74.6432
Bedminster,PA,40.4259,-75.1791
Bedrock,CO,38.2509,-108.9799
Bee,NE,41.0007,-97.0745
Bee,VA,37.1014,-82.1856
Bee Branch,AR,35.4683,-92.3779
Bee Spring,KY,37.2975,-86.2794
Beebe,AR,35.0937,-91.9074
Beebe Plain,VT,45.0058,-72.1383
Beech Bluff,TN,35.5922,-88.6396
Beech Bottom,WV,40.2259,-80.6513
Beech Creek,KY,37.1716,-87.0559
Beech Creek,PA,41.0845,-77.5851
Beech Grove,AR,36.1281,-90.6914
Beech Grove,IN,39.7154,-86.0933
Beech Grove,KY,37.6162,-87.3964
Beech Island,SC,33.4707,-81.8639
Beecher,IL,41.3444,-87.6115
Beecher City,IL,39.1835,-88.8038
Beecher Falls,VT,45.0085,-71.4907
Beechgrove,TN,35.6447,-86.2046
Beechmont,KY,37.1737,-87.0349
Beedeville,AR,35.4291,-91.1057
Beeler,KS,38.4445,-100.1949
Beemer,NE,41.9374,-96.815
Beersheba Springs,TN,35.4652,-85.6942
Beeson,WV,37.4909,-81.2062
Beetown,WI,42.795,-90.8854
Beeville,TX,28.40765,-97.7688
Beggs,OK,35.7896,-96.0264
Beirne,AR,33.8887,-93.2041
Bejou,MN,47.4491,-95.9454
Bel Air,MD,39.53485,-76.33585
Bel Alton,MD,38.4731,-76.9789
Belcamp,MD,39.4756,-76.242
Belcher,KY,37.3478,-82.3406
Belcher,LA,32.7544,-93.8508
Belchertown,MA,42.2751,-72.411
Belcourt,ND,48.8379,-99.7688
Belden,CA,40.006,-121.2491
Belden,MS,34.3057,-88.8462
Belden,NE,42.4022,-97.1956
Beldenville,WI,44.7721,-92.4372
Belding,MI,43.0885,-85.2313
Belen,MS,34.2351,-90.2927
Belen,NM,34.6511,-106.6952
Belews Creek,NC,36.2269,-80.093
Belfair,WA,47.4325,-122.9289
Belfast,ME,44.4354,-69.0148
Belfast,NY,42.32,-78.0943
Belfast,TN,35.4069,-86.7095
Belfield,ND,46.8198,-103.1261
Belford,NJ,40.4173,-74.0889
Belfry,KY,37.6401,-82.2573
Belfry,MT,45.0498,-109.0788
Belgium,WI,43.4995,-87.8509
Belgrade,ME,44.4688,-69.8606
Belgrade,MN,45.4865,-94.9699
Belgrade,MO,37.7889,-90.8613
Belgrade,MT,45.7801,-111.1439
Belgrade,NE,41.4611,-98.0866
Belgrade Lakes,ME,44.5265,-69.887
Belhaven,NC,35.4458,-76.6391
Belington,WV,39.0244,-79.9495
Belk,AL,33.6476,-87.9314
Belknap,IL,37.3266,-88.9507
Bell,CA,33.9775,-118.187
Bell,FL,29.7837,-82.8711
Bell Buckle,TN,35.6381,-86.3949
Bell City,LA,30.1054,-93.0372
Bell City,MO,37.0116,-89.7984
Bell Gardens,CA,33.9653,-118.1515
Bella Vista,AR,36.46765,-94.26875
Bella Vista,CA,40.7409,-122.0725
Bellaire,MI,44.9765,-85.2265
Bellaire,OH,40.0204,-80.7638
Bellaire,TX,29.76815,-95.44765
Bellamy,AL,32.449,-88.1336
Bellarthur,NC,35.5847,-77.5134
Bellbrook,OH,39.6402,-84.0824
Belle,MO,38.2711,-91.7303
Belle,WV,38.2324,-81.5024
Belle Center,OH,40.5024,-83.7688
Belle Chasse,LA,29.8447,-89.9974
Belle Fourche,SD,44.6723,-103.8396
Belle Glade,FL,26.6843,-80.6724
Belle Haven,VA,37.5645,-75.8694
Belle Mead,NJ,40.4483,-74.6557
Belle Mina,AL,34.6568,-86.8792
Belle Plaine,IA,41.8992,-92.2574
Belle Plaine,KS,37.4052,-97.2852
Belle Plaine,MN,44.6139,-93.7604
Belle Rive,IL,38.2153,-88.7558
Belle Rose,LA,30.026,-91.0444
Belle Valley,OH,39.7906,-81.5562
Belle Vernon,PA,40.1588,-79.8122
Belleair Beach,FL,27.9229,-82.8393
Bellefontaine,MS,33.6487,-89.3101
Bellefontaine,OH,40.3605,-83.7571
Bellefonte,PA,40.8978,-77.7732
Bellemont,AZ,35.2381,-111.8335
Bellerose,NY,40.7347,-73.723
Belleview,FL,29.1469,-82.0625
Belleview,MO,37.682,-90.7991
Belleville,AR,35.1038,-93.4518
Belleville,IL,38.51462,-89.99298
Belleville,KS,39.8241,-97.629
Belleville,MI,42.19985,-83.4853
Belleville,NJ,40.7946,-74.1631
Belleville,NY,43.778,-76.1259
Belleville,PA,40.6016,-77.7358
Belleville,WI,42.8669,-89.5377
Belleville,WV,39.1314,-81.6923
Bellevue,IA,42.2582,-90.4356
Bellevue,ID,43.4397,-114.2498
Bellevue,KY,39.1024,-84.4787
Bellevue,MI,42.4525,-85.0489
Bellevue,NE,41.14703,-95.93483
Bellevue,OH,41.2684,-82.8577
Bellevue,TX,33.5879,-98.1574
Bellevue,WA,47.60594,-122.16984
Bellflower,CA,33.8842,-118.12175
Bellflower,IL,40.3401,-88.5227
Bellflower,MO,39.0012,-91.3489
Bellingham,MA,42.0746,-71.4768
Bellingham,MN,45.1556,-96.3224
Bellingham,WA,48.75216,-122.46446
Bellmawr,NJ,39.86825,-75.0945
Bellmont,IL,38.3845,-87.9081
Bellmore,IN,39.7791,-87.2218
Bellmore,NY,40.6729,-73.5365
Bellona,NY,42.7554,-77.0217
Bellows Falls,VT,43.1482,-72.4664
Bellport,NY,40.7733,-72.9469
Bells,TN,35.7198,-89.0729
Bells,TX,33.6178,-96.4237
Bellvale,NY,41.2504,-74.3107
Bellville,GA,32.1524,-81.9743
Bellville,OH,40.6136,-82.5175
Bellville,TX,29.9658,-96.2531
Bellvue,CO,40.6265,-105.261
Bellwood,AL,31.1732,-85.7933
Bellwood,IL,41.8825,-87.8786
Bellwood,NE,41.3474,-97.2747
Bellwood,PA,40.6039,-78.3372
Belmar,NJ,40.1736,-74.0469
Belmond,IA,42.8511,-93.62
Belmont,CA,37.5174,-122.2927
Belmont,LA,31.71,-93.4959
Belmont,MA,42.3959,-71.1787
Belmont,MI,43.075,-85.5632
Belmont,MS,34.5102,-88.2309
Belmont,NC,35.244,-81.044
Belmont,NH,43.4512,-71.489
Belmont,NY,42.2334,-78.011
Belmont,OH,40.032,-81.0066
Belmont,TX,29.5233,-97.6839
Belmont,VT,43.4284,-72.8257
Belmont,WA,47.0793,-117.177
Belmont,WI,42.7308,-90.3359
Belmont,WV,39.3795,-81.2584
Belmore,OH,41.1539,-83.9413
Beloit,KS,39.4416,-98.1192
Beloit,OH,40.8957,-80.9897
Beloit,WI,42.53515,-89.0589
Belpre,KS,37.9347,-99.0936
Belpre,OH,39.2868,-81.5968
Belsano,PA,40.5176,-78.8767
Belspring,VA,37.1982,-80.6151
Belt,MT,47.3821,-110.9081
Belton,KY,37.1511,-86.9774
Belton,MO,38.8161,-94.5328
Belton,SC,34.5087,-82.5101
Belton,TX,31.0723,-97.472
Beltrami,MN,47.5721,-96.4549
Beltsville,MD,39.04015,-76.91585
Belva,WV,38.2491,-81.1566
Belvedere Tiburon,CA,37.8843,-122.4637
Belvidere,IL,42.2595,-88.8509
Belvidere,NC,36.3096,-76.5436
Belvidere,NE,40.251,-97.5554
Belvidere,NJ,40.8308,-75.0503
Belvidere,SD,43.886,-101.2387
Belvidere,TN,35.1415,-86.1728
Belvidere Center,VT,44.7248,-72.7016
Belview,MN,44.6055,-95.3178
Belvue,KS,39.2273,-96.1866
Belzoni,MS,33.1842,-90.4924
Bement,IL,39.9222,-88.5688
Bemidji,MN,47.5228,-94.8408
Bemus Point,NY,42.1513,-79.3581
Ben Bolt,TX,27.6475,-98.0814
Ben Franklin,TX,33.4768,-95.7689
Ben Hur,VA,36.7435,-83.2234
Ben Lomond,AR,33.8115,-94.1251
Ben Lomond,CA,37.0882,-122.0887
Ben Wheeler,TX,32.4126,-95.6371
Bena,MN,47.3477,-94.2519
Bena,VA,37.271,-76.4555
Benavides,TX,27.5925,-98.4142
Bend,OR,44.02768,-121.36773
Bend,TX,31.1123,-98.4821
Bendena,KS,39.7174,-95.1765
Bendersville,PA,39.9792,-77.2496
Benedict,KS,37.6118,-95.7038
Benedict,MD,38.5093,-76.6797
Benedict,MN,47.158,-94.6906
Benedict,ND,47.7865,-101.0579
Benedict,NE,41.0033,-97.6029
Benedicta,ME,45.8125,-68.4089
Benet Lake,WI,42.5001,-88.08
Benezett,PA,41.3253,-78.3576
Benge,WA,46.8591,-118.1611
Benham,KY,36.9648,-82.9485
Benicia,CA,38.0685,-122.1614
Benjamin,TX,33.584,-99.7923
Benkelman,NE,40.098,-101.5344
Benld,IL,39.0939,-89.8031
Bennet,NE,40.68,-96.5064
Bennett,CO,39.7589,-104.4275
Bennett,IA,41.7353,-90.9656
Bennett,NC,35.5673,-79.5225
Bennettsville,SC,34.6255,-79.6898
Bennington,IN,38.876,-85.0719
Bennington,KS,39.0224,-97.6031
Bennington,NE,41.3623,-96.1575
Bennington,NH,43.0103,-71.9153
Bennington,OK,33.9771,-96.0188
Bennington,VT,42.8827,-73.1923
Benoit,MS,33.6448,-91.0338
Benoit,WI,46.5019,-91.0769
Bensalem,PA,40.1109,-74.9378
Bensenville,IL,41.95255,-87.94255
Benson,AZ,31.9883,-110.2941
Benson,IL,40.8306,-89.1165
Benson,MD,39.5093,-76.3851
Benson,MN,45.3129,-95.5766
Benson,NC,35.4037,-78.5421
Benson,VT,43.6877,-73.2919
Bent,NM,33.148,-105.8635
Bent Mountain,VA,37.1549,-80.1215
Bentley,KS,37.8866,-97.5166
Bentley,LA,31.5157,-92.4882
Bentley,MI,43.9267,-84.1053
Bentleyville,PA,40.1187,-80.007
Benton,AR,34.5742,-92.6155
Benton,CA,37.8926,-118.5647
Benton,IA,40.7082,-94.3689
Benton,IL,38.0,-88.9227
Benton,KS,37.7946,-97.0971
Benton,KY,36.8806,-88.3548
Benton,LA,32.6976,-93.691
Benton,MO,37.0697,-89.5664
Benton,MS,32.8158,-90.2815
Benton,PA,41.2231,-76.3406
Benton,TN,35.173,-84.6544
Benton,WI,42.5545,-90.3508
Benton City,MO,39.1209,-91.7661
Benton City,WA,46.2806,-119.4913
Benton Harbor,MI,42.11265,-86.4388
Benton Ridge,OH,41.0031,-83.7931
Bentonia,MS,32.7,-90.3722
Bentonville,AR,36.34737,-94.2605
Bentonville,IN,39.657,-85.168
Bentonville,OH,38.7498,-83.6126
Bentonville,VA,38.8187,-78.2757
Benwood,WV,40.0181,-80.7342
Benzonia,MI,44.5955,-86.0961
Berclair,TX,28.5295,-97.5925
Berea,KY,37.5743,-84.2856
Berea,OH,41.3676,-81.8618
Berea,WV,39.1365,-80.9337
Beresford,SD,43.0874,-96.7813
Bergen,NY,43.0869,-77.9603
Bergenfield,NJ,40.9238,-73.9989
Berger,MO,38.6444,-91.3374
Bergheim,TX,29.8274,-98.5753
Bergholz,OH,40.5195,-80.884
Bergland,MI,46.5881,-89.5973
Bergman,AR,36.3083,-93.0321
Bergoo,WV,38.4865,-80.3006
Bergton,VA,38.7925,-78.9668
Berino,NM,32.0682,-106.631
Berkeley,CA,37.87187,-122.27175
Berkeley,IL,41.8888,-87.909
Berkeley Heights,NJ,40.6752,-74.4346
Berkeley Springs,WV,39.5526,-78.1877
Berkey,OH,41.6989,-83.831
Berkley,MA,41.8353,-71.0765
Berkley,MI,42.5028,-83.1887
Berkshire,MA,42.5126,-73.1929
Berkshire,NY,42.3074,-76.192
Berlin,CT,41.6215,-72.7457
Berlin,GA,31.0682,-83.6238
Berlin,MA,42.3844,-71.6356
Berlin,MD,38.3475,-75.1866
Berlin,ND,46.3786,-98.4898
Berlin,NH,44.4811,-71.1892
Berlin,NJ,39.7788,-74.9308
Berlin,NY,42.6919,-73.3702
Berlin,OH,40.5612,-81.7943
Berlin,PA,39.9188,-78.9637
Berlin,WI,43.9769,-88.949
Berlin Center,OH,41.0243,-80.9341
Berlin Heights,OH,41.3205,-82.4777
Bern,ID,42.3191,-111.3926
Bern,KS,39.9571,-95.961
Bernalillo,NM,35.3285,-106.5309
Bernard,IA,42.3321,-90.863
Bernard,ME,44.2415,-68.358
Bernardston,MA,42.6952,-72.5772
Bernardsville,NJ,40.7225,-74.5778
Berne,IN,40.6716,-84.9343
Berne,NY,42.6108,-74.1466
Bernhards Bay,NY,43.2717,-75.9373
Bernice,LA,32.8221,-92.6579
Bernie,MO,36.6727,-89.9878
Bernville,PA,40.4551,-76.1247
Berrien Center,MI,41.9484,-86.285
Berrien Springs,MI,41.9472,-86.34645
Berry,AL,33.6945,-87.6226
Berry,KY,38.516,-84.3611
Berry Creek,CA,39.6776,-121.3689
Berrysburg,PA,40.601,-76.8117
Berryton,KS,38.9442,-95.5825
Berryville,AR,36.3519,-93.5587
Berryville,VA,39.1532,-77.9688
Bertha,MN,46.2515,-95.0357
Berthold,ND,48.3064,-101.6866
Berthoud,CO,40.2993,-105.1055
Bertram,TX,30.7411,-98.0529
Bertrand,MO,36.8927,-89.4483
Bertrand,NE,40.5608,-99.5759
Berwick,IA,41.6658,-93.5432
Berwick,IL,40.7799,-90.5059
Berwick,LA,29.6929,-91.2518
Berwick,ME,43.2899,-70.855
Berwick,PA,41.0665,-76.2443
Berwind,WV,37.2687,-81.6668
Berwyn,IL,41.8347,-87.7914
Berwyn,PA,40.0412,-75.4475
Beryl,UT,37.8958,-113.6614
Bessemer,AL,33.436,-86.9837
Bessemer,MI,46.4802,-90.0515
Bessemer,PA,40.9755,-80.4937
Bessemer City,NC,35.2849,-81.2863
Bessie,OK,35.3854,-98.9896
Bethalto,IL,38.9074,-90.0344
Bethania,NC,36.183,-80.3387
Bethany,CT,41.4262,-73.0007
Bethany,IL,39.6348,-88.7543
Bethany,LA,32.3662,-94.0034
Bethany,MO,40.2601,-94.0189
Bethany,OK,35.5043,-97.6399
Bethany,WV,40.2107,-80.5503
Bethany Beach,DE,38.531,-75.0674
Bethel,AK,60.7922,-161.7558
Bethel,CT,41.3813,-73.4008
Bethel,DE,38.5685,-75.6243
Bethel,ME,44.4162,-70.8037
Bethel,MN,45.3887,-93.2315
Bethel,MO,39.8922,-92.0316
Bethel,NC,35.7909,-77.3748
Bethel,NY,41.6693,-74.894
Bethel,OH,38.9424,-84.0919
Bethel,OK,34.3598,-94.8374
Bethel,PA,40.4808,-76.2742
Bethel,VT,43.8195,-72.6528
Bethel Island,CA,38.0266,-121.6425
Bethel Park,PA,40.321,-80.0398
Bethel Springs,TN,35.2289,-88.644
Bethelridge,KY,37.2337,-84.7583
Bethesda,MD,39.04261,-77.14609
Bethesda,OH,40.0192,-81.0767
Bethlehem,CT,41.6387,-73.2091
Bethlehem,GA,33.9261,-83.7282
Bethlehem,IN,38.5399,-85.4218
Bethlehem,KY,38.4529,-85.0169
Bethlehem,MD,38.7406,-75.9587
Bethlehem,NH,44.2808,-71.6829
Bethlehem,PA,40.64647,-75.39003
Bethpage,NY,40.74,-73.4857
Bethpage,TN,36.5186,-86.3146
Bethune,CO,39.3448,-102.4281
Bethune,SC,34.4201,-80.3662
Betsy Layne,KY,37.5555,-82.6267
Bettendorf,IA,41.5509,-90.4942
Betterton,MD,39.3655,-76.0639
Bettles Field,AK,65.2264,-151.0251
Bettsville,OH,41.2469,-83.2398
Beulah,CO,38.0837,-104.9724
Beulah,MI,44.6306,-86.0025
Beulah,MO,37.6158,-91.9064
Beulah,MS,33.788,-90.9795
Beulah,ND,47.2707,-101.8075
Beulah,WY,44.5436,-104.0745
Beulaville,NC,34.934,-77.7697
Beverly,KS,38.9844,-97.9818
Beverly,KY,36.9442,-83.556
Beverly,MA,42.5608,-70.8759
Beverly,NJ,40.0565,-74.9114
Beverly,OH,39.5714,-81.6346
Beverly,WA,46.8484,-119.9121
Beverly,WV,38.828,-79.8651
Beverly Hills,CA,34.07288,-118.39796
Beverly Hills,FL,28.9232,-82.4737
Beverly Shores,IN,41.6925,-86.9775
Bevier,MO,39.7497,-92.5619
Bevington,IA,41.363,-93.7928
Bevinsville,KY,37.3465,-82.7403
Bexar,AR,36.2901,-92.055
Beyer,PA,40.7865,-79.2011
Bible School Park,NY,42.0805,-76.0973
Bickleton,WA,45.9597,-120.1042
Bickmore,WV,38.3729,-81.0868
Bicknell,IN,38.7727,-87.3137
Bicknell,UT,38.3278,-111.5264
Biddeford,ME,43.4758,-70.4968
Biddeford Pool,ME,43.4448,-70.3414
Biddle,MT,45.0994,-105.3383
Bidwell,OH,38.9276,-82.2701
Bieber,CA,41.1315,-121.1286
Bienville,LA,32.2523,-92.9084
Big Arm,MT,47.7952,-114.302
Big Bar,CA,40.748,-123.229
Big Bay,MI,46.8158,-87.7285
Big Bear City,CA,34.261,-116.8131
Big Bear Lake,CA,34.235,-116.9053
Big Bend,CA,40.9749,-121.825
Big Bend,WI,42.8885,-88.2122
Big Bend,WV,38.9719,-81.136
Big Bend National Park,TX,29.2924,-103.2963
Big Cabin,OK,36.534,-95.2246
Big Clifty,KY,37.5278,-86.1395
Big Cove Tannery,PA,39.8127,-78.0645
Big Creek,CA,37.2032,-119.2492
Big Creek,KY,37.1623,-83.5688
Big Creek,MS,33.8514,-89.4378
Big Creek,WV,38.0043,-82.0401
Big Falls,MN,48.156,-93.7296
Big Falls,WI,44.6178,-89.0166
Big Flat,AR,36.0068,-92.3917
Big Flats,NY,42.1455,-76.9527
Big Horn,WY,44.6531,-107.0247
Big Indian,NY,42.074,-74.453
Big Island,VA,37.5306,-79.3827
Big Lake,AK,61.5214,-149.9544
Big Lake,MN,45.3506,-93.7399
Big Lake,TX,31.417,-101.5423
Big Laurel,KY,36.9798,-83.2171
Big Oak Flat,CA,37.8235,-120.2582
Big Pine,CA,37.1679,-118.2916
Big Pine Key,FL,24.68,-81.362
Big Piney,WY,42.6483,-110.1246
Big Pool,MD,39.6457,-78.0104
Big Prairie,OH,40.6188,-82.072
Big Rapids,MI,43.6897,-85.4797
Big Rock,IL,41.7593,-88.5376
Big Rock,TN,36.5716,-87.7378
Big Rock,VA,37.3532,-82.1968
Big Run,PA,40.9704,-78.8758
Big Run,WV,39.5845,-80.5776
Big Sandy,MT,48.1497,-110.0776
Big Sandy,TN,36.2285,-88.0627
Big Sandy,TX,32.59665,-95.10965
Big Sandy,WV,37.4643,-81.6982
Big Sky,MT,45.2847,-111.3683
Big Spring,TX,32.276,-101.4159
Big Springs,NE,41.0696,-102.0933
Big Springs,WV,38.9854,-81.0721
Big Stone City,SD,45.285,-96.5614
Big Stone Gap,VA,36.8581,-82.7627
Big Sur,CA,36.2458,-121.7009
Big Timber,MT,45.8283,-109.9631
Big Wells,TX,28.5693,-99.5781
Bigelow,AR,34.9847,-92.6308
Bigelow,MN,43.5336,-95.6515
Bigfoot,TX,29.0531,-98.8582
Bigfork,MN,47.7502,-93.6707
Bigfork,MT,48.0633,-114.0726
Biggers,AR,36.2844,-90.8538
Biggs,CA,39.4162,-121.7189
Biggsville,IL,40.8531,-90.8561
Bighill,KY,37.5545,-84.2083
Bighorn,MT,45.997,-107.31
Bigler,PA,40.9848,-78.3064
Biglerville,PA,39.9281,-77.2885
Billerica,MA,42.55515,-71.26035
Billings,MO,37.0628,-93.5476
Billings,MT,45.79684,-108.51599
Billings,NY,41.6712,-73.7632
Billings,OK,36.5246,-97.4189
Billingsley,AL,32.6596,-86.7178
Biloxi,MS,30.42272,-88.95008
Bim,WV,37.9218,-81.6893
Bimble,KY,36.8868,-83.8282
Binford,ND,47.5739,-98.3546
Bingen,WA,45.7751,-121.6328
Binger,OK,35.3106,-98.3148
Bingham,IL,39.1128,-89.2125
Bingham,ME,45.0682,-69.8857
Bingham,NE,42.0211,-102.0885
Bingham Canyon,UT,40.5646,-112.0977
Bingham Lake,MN,43.8942,-95.0457
Binghamton,NY,42.113,-75.8936
Biola,CA,36.8032,-120.0185
Bippus,IN,40.9442,-85.6239
Birch Harbor,ME,44.3842,-68.0317
Birch River,WV,38.4914,-80.7459
Birch Run,MI,43.2649,-83.7903
Birch Tree,MO,36.9476,-91.5008
Birchdale,MN,48.6247,-94.1677
Birchleaf,VA,37.1394,-82.2433
Birchrunville,PA,39.9832,-75.7481
Birchwood,TN,35.352,-84.9618
Birchwood,WI,45.6403,-91.5776
Bird City,KS,39.7579,-101.5319
Bird In Hand,PA,40.0561,-76.183
Bird Island,MN,44.7507,-94.8716
Birds Landing,CA,38.1504,-121.8443
Birdsboro,PA,40.2563,-75.8344
Birdseye,IN,38.3006,-86.7102
Birdsnest,VA,37.439,-75.881
Birmingham,AL,33.51647,-86.84379
Birmingham,IA,40.8626,-91.9534
Birmingham,MI,42.54555,-83.2123
Birmingham,NJ,39.976,-74.7114
Birmingham,OH,41.3349,-82.355
Birnamwood,WI,44.9269,-89.2124
Birney,MT,45.2862,-106.5095
Bisbee,AZ,31.4086,-109.9117
Bisbee,ND,48.6258,-99.3779
Biscoe,AR,34.8733,-91.3945
Biscoe,NC,35.3599,-79.7798
Bishop,CA,37.43245,-118.39995
Bishop,GA,33.8081,-83.4777
Bishop,TX,27.5886,-97.783
Bishop,VA,37.2033,-81.5575
Bishop Hill,IL,41.1977,-90.1183
Bishopville,MD,38.4296,-75.1855
Bishopville,SC,34.2241,-80.275
Bismarck,AR,34.311,-93.1872
Bismarck,IL,40.2552,-87.6138
Bismarck,MO,37.7539,-90.5984
Bismarck,ND,46.81323,-100.75369
Bison,KS,38.5193,-99.1986
Bison,OK,36.1962,-97.8805
Bison,SD,45.5161,-102.4827
Bitely,MI,43.7321,-85.8778
Bittinger,MD,39.6023,-79.2234
Bivalve,MD,38.2953,-75.8914
Bivins,TX,32.966,-94.1404
Biwabik,MN,47.5328,-92.3408
Bixby,MO,37.6603,-91.1151
Bixby,OK,35.942,-95.8833
Blachly,OR,44.1966,-123.5348
Black,AL,31.0132,-85.7456
Black,MO,37.5473,-90.9917
Black Canyon City,AZ,34.0755,-112.134
Black Creek,NC,35.6352,-77.933
Black Creek,NY,42.2855,-78.2312
Black Creek,WI,44.4702,-88.4547
Black Diamond,WA,47.3114,-122.0053
Black Eagle,MT,47.5262,-111.2764
Black Earth,WI,43.1322,-89.739
Black Hawk,CO,39.816,-105.4753
Black Hawk,SD,44.1512,-103.3486
Black Lick,PA,40.4725,-79.1869
Black Mountain,NC,35.5986,-82.2902
Black Oak,AR,35.8368,-90.4005
Black River,MI,44.8138,-83.3407
Black River,NY,44.0042,-75.7958
Black River Falls,WI,44.2954,-90.8313
Black Rock,AR,36.1149,-91.1176
Blackburn,MO,39.0988,-93.4281
Blackduck,MN,47.7381,-94.4961
Blackey,KY,37.1551,-82.9956
Blackfoot,ID,43.1943,-112.3615
Blacklick,OH,40.021,-82.8079
Blacksburg,SC,35.1095,-81.4942
Blacksburg,VA,37.22365,-80.4035
Blackshear,GA,31.2931,-82.2617
Blackstock,SC,34.5779,-81.1249
Blackstone,IL,41.0719,-88.6498
Blackstone,MA,42.0287,-71.5269
Blackstone,VA,37.0916,-77.9851
Blacksville,WV,39.7142,-80.2265
Blackville,SC,33.3645,-81.2718
Blackwater,MO,38.9727,-92.9683
Blackwater,VA,36.639,-82.9866
Blackwell,MO,38.0544,-90.6279
Blackwell,OK,36.8006,-97.2867
Blackwell,TX,32.082,-100.3111
Blackwood,NJ,39.7901,-75.0367
Bladen,NE,40.299,-98.6046
Bladenboro,NC,34.5658,-78.7793
Bladensburg,MD,38.9421,-76.9261
Bladensburg,OH,40.2845,-82.284
Blain,PA,40.3293,-77.5117
Blaine,KY,38.027,-82.8513
Blaine,ME,46.5048,-67.8686
Blaine,OH,40.0701,-80.8176
Blaine,TN,36.1583,-83.6783
Blaine,WA,48.97865,-122.7397
Blair,NE,41.54185,-96.172
Blair,OK,34.7788,-99.3334
Blair,SC,34.4967,-81.3459
Blair,WI,44.2968,-91.2235
Blair,WV,37.8784,-81.8279
Blairs,VA,36.6799,-79.3731
Blairs Mills,PA,40.2548,-77.7695
Blairsburg,IA,42.4937,-93.6594
Blairsden Graeagle,CA,40.1919,-120.1746
Blairstown,IA,41.9063,-92.0829
Blairstown,MO,38.5319,-93.9221
Blairstown,NJ,40.9674,-74.9651
Blairsville,GA,34.87625,-83.9751
Blairsville,PA,40.4413,-79.2533
Blakely,GA,31.3791,-84.9353
Blakely Island,WA,48.5618,-122.812
Blakesburg,IA,40.9555,-92.6195
Blakeslee,OH,41.5239,-84.7303
Blakeslee,PA,41.0485,-75.5343
Blanca,CO,37.4317,-105.5178
Blanch,NC,36.4664,-79.2755
Blanchard,IA,40.6122,-95.2054
Blanchard,ID,48.0223,-116.9909
Blanchard,LA,32.5719,-93.8871
Blanchard,MI,43.5228,-85.0589
Blanchard,ND,47.3277,-97.2466
Blanchard,OK,35.1192,-97.6401
Blanchard,PA,41.0642,-77.5978
Blanchardville,WI,42.8062,-89.8555
Blanchester,OH,39.3034,-83.974
Blanco,NM,36.7242,-107.8253
Blanco,OK,34.7276,-95.7283
Blanco,TX,30.0874,-98.4107
Bland,MO,38.3074,-91.6263
Bland,VA,37.1376,-81.0201
Blandburg,PA,40.6847,-78.4137
Blandford,MA,42.1829,-72.9361
Blanding,UT,37.5863,-109.4866
Blandinsville,IL,40.5516,-90.8595
Blandon,PA,40.4435,-75.8837
Blanford,IN,39.665,-87.5206
Blanket,TX,31.7882,-98.8311
Blauvelt,NY,41.0626,-73.9629
Blawenburg,NJ,40.4076,-74.7027
Bledsoe,KY,36.934,-83.3242
Bledsoe,TX,33.5997,-103.0168
Bleiblerville,TX,30.0292,-96.4448
Blencoe,IA,41.9237,-96.0827
Blenheim,SC,34.5171,-79.6442
Blenker,WI,44.6191,-89.9186
Blessing,TX,28.8649,-96.218
Blevins,AR,33.8718,-93.5771
Bliss,ID,42.9449,-114.9104
Bliss,NY,42.5799,-78.2581
Blissfield,MI,41.8276,-83.8773
Blissfield,OH,40.3983,-81.9688
Block Island,RI,41.1715,-71.5748
Blocker,OK,35.0615,-95.5683
Blocksburg,CA,40.2987,-123.6576
Blockton,IA,40.6242,-94.5049
Blodgett,MO,37.0042,-89.5266
Blodgett,OR,44.6281,-123.6067
Blodgett Mills,NY,42.5673,-76.1238
Blomkest,MN,44.9501,-95.0588
Bloomburg,TX,33.1339,-94.0647
Bloomdale,OH,41.1815,-83.5724
Bloomer,WI,45.1025,-91.49
Bloomery,WV,39.3604,-78.3917
Bloomfield,CT,41.8316,-72.7249
Bloomfield,IA,40.7324,-92.3987
Bloomfield,IN,39.0295,-86.8675
Bloomfield,KY,37.908,-85.2862
Bloomfield,MO,36.8989,-89.9456
Bloomfield,MT,47.41,-104.9596
Bloomfield,NE,42.5978,-97.6545
Bloomfield,NJ,40.8035,-74.1891
Bloomfield,NM,36.6955,-107.9784
Bloomfield,NY,42.8851,-77.46
Bloomfield Hills,MI,42.57497,-83.26068
Blooming Glen,PA,40.3695,-75.2482
Blooming Grove,NY,41.4093,-74.1951
Blooming Grove,TX,32.0758,-96.701
Blooming Prairie,MN,43.8977,-93.0608
Bloomingburg,NY,41.5644,-74.4304
Bloomingburg,OH,39.6286,-83.4095
Bloomingdale,GA,32.1177,-81.3085
Bloomingdale,IL,41.894,-88.08345
Bloomingdale,IN,39.8348,-87.256
Bloomingdale,MI,42.3842,-85.9568
Bloomingdale,NJ,41.0128,-74.3338
Bloomingdale,NY,44.3985,-74.0829
Bloomingdale,OH,40.3742,-80.8072
Bloomingrose,WV,38.1412,-81.6367
Bloomington,CA,34.0662,-117.3993
Bloomington,ID,42.184,-111.4086
Bloomington,IL,40.48185,-88.94688
Bloomington,IN,39.1726,-86.52125
Bloomington,MD,39.4861,-79.083
Bloomington,NE,40.1383,-99.0094
Bloomington,NY,41.8752,-74.0436
Bloomington,TX,28.6495,-96.8945
Bloomington,WI,42.8726,-90.9099
Bloomington Springs,TN,36.2321,-85.6628
Bloomsburg,PA,41.0115,-76.4384
Bloomsbury,NJ,40.6437,-75.0966
Bloomsdale,MO,38.0451,-90.2805
Bloomville,NY,42.3522,-74.8071
Bloomville,OH,41.0182,-82.9899
Blossburg,PA,41.6698,-77.0797
Blossom,TX,33.6945,-95.3823
Blossvale,NY,43.2303,-75.6873
Blount,WV,38.3121,-81.4052
Blounts Creek,NC,35.382,-76.925
Blountstown,FL,30.4394,-85.062
Blountsville,AL,34.0929,-86.5686
Blountville,TN,36.5356,-82.3656
Blowing Rock,NC,36.1355,-81.6996
Bloxom,VA,37.8273,-75.6156
Blue,AZ,33.6512,-109.0685
Blue Ball,PA,40.1173,-76.0524
Blue Bell,PA,40.15495,-75.2731
Blue Creek,OH,38.7776,-83.3302
Blue Creek,WV,38.4908,-81.3928
Blue Diamond,NV,36.0464,-115.4039
Blue Earth,MN,43.6394,-94.0924
Blue Eye,MO,36.5493,-93.3388
Blue Gap,AZ,36.1708,-109.9465
Blue Grass,IA,41.5112,-90.738
Blue Grass,VA,38.5152,-79.5613
Blue Hill,ME,44.4343,-68.5885
Blue Hill,NE,40.311,-98.427
Blue Island,IL,41.6582,-87.6795
Blue Jay,CA,34.2112,-117.0796
Blue Lake,CA,40.9374,-123.8913
Blue Mound,IL,39.6978,-89.1136
Blue Mound,KS,38.0908,-95.0053
Blue Mounds,WI,43.005,-89.8345
Blue Mountain,AR,35.1304,-93.7116
Blue Mountain,MS,34.671,-89.0088
Blue Mountain Lake,NY,43.8553,-74.4435
Blue Point,NY,40.7501,-73.0352
Blue Rapids,KS,39.675,-96.6359
Blue Ridge,GA,34.8555,-84.3281
Blue Ridge,TX,33.3061,-96.3901
Blue Ridge,VA,37.3885,-79.8172
Blue Ridge Summit,PA,39.7399,-77.4707
Blue River,KY,37.6253,-82.8418
Blue River,OR,44.1755,-122.1217
Blue River,WI,43.2366,-90.5873
Blue Rock,OH,39.8,-81.891
Blue Springs,MO,39.01573,-94.2846
Blue Springs,MS,34.4273,-88.859
Blue Springs,NE,40.1407,-96.659
Bluebell,UT,40.3594,-110.2174
Bluefield,VA,37.2526,-81.2712
Bluefield,WV,37.2698,-81.2223
Bluegrove,TX,33.674,-98.23
Bluejacket,OK,36.7975,-95.1018
Bluemont,VA,39.0823,-77.8467
Bluewater,NM,35.255,-107.9856
Bluff,UT,37.2844,-109.5518
Bluff City,AR,33.7038,-93.1588
Bluff City,KS,37.0838,-97.8754
Bluff City,TN,36.4774,-82.2362
Bluff Dale,TX,32.2884,-98.0539
Bluff Springs,IL,39.9796,-90.3524
Bluffs,IL,39.7296,-90.5313
Bluffton,AR,34.9016,-93.5919
Bluffton,GA,31.52,-84.867
Bluffton,IN,40.7368,-85.1622
Bluffton,MN,46.4918,-95.2236
Bluffton,OH,40.879,-83.8914
Bluffton,SC,32.2513,-80.8721
Bluffton,TX,30.8256,-98.515
Bluford,IL,38.3531,-88.7587
Blum,TX,32.1052,-97.3652
Blunt,SD,44.5026,-99.9463
Bly,OR,42.3995,-121.0806
Blythe,CA,33.6045,-114.6244
Blythe,GA,33.2941,-82.203
Blythedale,MO,40.5024,-93.8954
Blytheville,AR,35.9273,-89.919
Blythewood,SC,34.1911,-80.9758
Boalsburg,PA,40.7793,-77.7822
Board Camp,AR,34.5372,-94.0972
Boardman,OR,45.8272,-119.7206
Boaz,AL,34.1679,-86.17105
Boaz,KY,36.93,-88.6223
Bob White,WV,37.9543,-81.7185
Bobtown,PA,39.7612,-79.9814
Boca Grande,FL,26.7545,-82.2611
Boca Raton,FL,26.36766,-80.12066
Bock,MN,45.7845,-93.5522
Bode,IA,42.8661,-94.2781
Bodega,CA,38.3514,-122.9741
Bodega Bay,CA,38.3309,-123.0373
Bodfish,CA,35.587,-118.4847
Boelus,NE,41.1003,-98.6976
Boerne,TX,29.8129,-98.67515
Bogalusa,LA,30.78215,-89.857
Bogard,MO,39.4994,-93.5374
Bogart,GA,33.934,-83.5055
Bogata,TX,33.4699,-95.1937
Boggstown,IN,39.5666,-85.9141
Bogota,NJ,40.8744,-74.0281
Bogota,TN,36.164,-89.4384
Bogue,KS,39.3782,-99.6788
Bogue Chitto,MS,31.4563,-90.4732
Bohannon,VA,37.3905,-76.3614
Bohemia,NY,40.7678,-73.1163
Boiceville,NY,42.0048,-74.2658
Boiling Springs,NC,35.2543,-81.667
Boiling Springs,PA,40.1449,-77.1195
Boiling Springs,SC,35.0465,-81.9818
Bois D Arc,MO,37.2214,-93.5447
Boise,ID,43.53928,-116.22818
Boise City,OK,36.7283,-102.5355
Boissevain,VA,37.2818,-81.3804
Bokchito,OK,33.9859,-96.1621
Bokeelia,FL,26.6627,-82.1401
Bokoshe,OK,35.1865,-94.7858
Bolckow,MO,40.1007,-94.8847
Boles,AR,34.7654,-94.0629
Boles,IL,37.4472,-88.8768
Boley,OK,35.4913,-96.4704
Boligee,AL,32.7746,-88.0267
Bolinas,CA,37.9079,-122.6947
Boling,TX,29.2529,-95.974
Bolingbroke,GA,32.947,-83.8006
Bolingbrook,IL,41.6883,-88.1138
Bolivar,MO,37.6085,-93.4126
Bolivar,NY,42.0704,-78.1448
Bolivar,OH,40.6347,-81.4464
Bolivar,PA,40.3673,-79.1605
Bolivar,TN,35.2461,-89.0007
Bolivia,NC,34.026,-78.1681
Bolt,WV,37.7673,-81.4156
Bolton,CT,41.7689,-72.4396
Bolton,MA,42.4365,-71.6076
Bolton,MS,32.3778,-90.4474
Bolton,NC,34.3091,-78.3372
Bolton Landing,NY,43.5766,-73.6714
Bombay,NY,44.9479,-74.5947
Bomont,WV,38.4498,-81.2323
Bomoseen,VT,43.6437,-73.2094
Bon Air,AL,33.2649,-86.3364
Bon Aqua,TN,35.9471,-87.2996
Bon Secour,AL,30.3128,-87.7431
Bon Wier,TX,30.6876,-93.7665
Bonaire,GA,32.546,-83.6047
Bonanza,OR,42.2463,-121.3336
Bonanza,UT,40.0211,-109.1773
Bonaparte,IA,40.7148,-91.7897
Boncarbo,CO,37.2081,-104.7198
Bond,CO,39.8691,-106.6763
Bondsville,MA,42.2061,-72.3405
Bonduel,WI,44.6992,-88.4543
Bondurant,IA,41.7017,-93.4527
Bondurant,WY,43.2238,-110.3353
Bondville,IL,40.1134,-88.3695
Bondville,VT,43.1618,-72.9128
Bone Gap,IL,38.449,-88.0025
Bonesteel,SD,43.0695,-98.988
Boneville,GA,33.528,-82.5104
Bonfield,IL,41.1573,-88.0619
Bonham,TX,33.5806,-96.1836
Bonifay,FL,30.8464,-85.69
Bonita,CA,32.66245,-117.02605
Bonita,LA,32.9123,-91.6822
Bonita Springs,FL,26.35482,-81.77728
Bonlee,NC,35.6482,-79.4149
Bonne Terre,MO,37.9231,-90.5554
Bonneau,SC,33.2703,-79.8736
Bonner,MT,46.8733,-113.8645
Bonner Springs,KS,39.0672,-94.9227
Bonnerdale,AR,34.3848,-93.3819
Bonners Ferry,ID,48.7306,-116.3322
Bonney Lake,WA,47.143,-122.1644
Bonnie,IL,38.198,-88.9229
Bonnieville,KY,37.3741,-85.896
Bonnots Mill,MO,38.5533,-91.9293
Bonnyman,KY,37.2983,-83.2544
Bono,AR,35.9086,-90.7848
Bonsall,CA,33.294,-117.1897
Boody,IL,39.7624,-89.0507
Booker,TX,36.4429,-100.5238
Boomer,NC,36.0552,-81.3137
Boomer,WV,38.1519,-81.2656
Boon,MI,44.2916,-85.6144
Boone,CO,38.2646,-104.2585
Boone,IA,42.06293,-93.8795
Boone,NC,36.2155,-81.6703
Boone Grove,IN,41.3542,-87.1304
Boones Mill,VA,37.1331,-79.9556
Booneville,AR,35.1364,-93.9274
Booneville,IA,41.5242,-93.8838
Booneville,KY,37.4965,-83.6574
Booneville,MS,34.6694,-88.5443
Boons Camp,KY,37.8216,-82.6704
Boonsboro,MD,39.552,-77.6957
Boonton,NJ,40.9115,-74.414
Boonville,CA,39.0197,-123.3856
Boonville,IN,38.0474,-87.262
Boonville,MO,38.9536,-92.745
Boonville,NC,36.234,-80.6357
Boonville,NY,43.4786,-75.344
Booth,AL,32.5016,-86.5727
Boothbay,ME,43.8945,-69.6273
Boothbay Harbor,ME,43.8518,-69.6278
Boothville,LA,29.3079,-89.3814
Bordelonville,LA,31.1055,-91.9073
Borden,IN,38.4362,-85.9215
Bordentown,NJ,40.1431,-74.7032
Borderland,WV,37.7214,-82.3084
Borger,TX,35.6678,-101.3974
Boring,MD,39.5213,-76.8047
Boring,OR,45.4297,-122.3807
Boron,CA,35.00155,-117.65635
Borrego Springs,CA,33.2386,-116.3514
Borup,MN,47.1896,-96.553
Boscobel,WI,43.1393,-90.7061
Bosler,WY,41.5735,-105.6112
Bosque,NM,34.4996,-106.8038
Bosque Farms,NM,34.8764,-106.6975
Boss,MO,37.6373,-91.2109
Bossier City,LA,32.56042,-93.66612
Bostic,NC,35.4533,-81.8118
Boston,GA,30.7855,-83.7971
Boston,IN,39.7412,-84.8519
Boston,KY,37.7408,-85.5948
Boston,MA,42.3523,-71.03872
Boston,NY,42.6314,-78.7391
Boston,VA,38.5382,-78.1423
Bostwick,FL,29.7996,-81.6273
Bostwick,GA,33.7373,-83.5143
Boswell,IN,40.518,-87.3789
Boswell,OK,34.0245,-95.8403
Boswell,PA,40.1918,-79.0362
Bosworth,MO,39.4767,-93.3335
Bothell,WA,47.78598,-122.2107
Botkins,OH,40.4659,-84.178
Botsford,CT,41.3665,-73.2571
Bottineau,ND,48.8451,-100.4329
Bouckville,NY,42.894,-75.5678
Boulder,CO,40.03745,-105.30257
Boulder,MT,46.2306,-112.1138
Boulder,UT,37.9166,-111.4266
Boulder,WY,42.6881,-109.5401
Boulder City,NV,35.9503,-114.90325
Boulder Creek,CA,37.1547,-122.1365
Boulder Junction,WI,46.1112,-89.6325
Boulevard,CA,32.6719,-116.32
Bound Brook,NJ,40.5681,-74.5397
Bountiful,UT,40.88345,-111.87675
Bourbon,IN,41.3098,-86.1174
Bourbon,MO,38.172,-91.2225
Bourbonnais,IL,41.1661,-87.879
Bourg,LA,29.5485,-90.6087
Bourneville,OH,39.2804,-83.159
Bouse,AZ,33.9578,-114.0036
Bouton,IA,41.8284,-93.9963
Boutte,LA,29.8973,-90.3934
Bovard,PA,40.3198,-79.5034
Bovey,MN,47.2868,-93.3723
Bovill,ID,46.8588,-116.3935
Bovina,TX,34.5137,-102.883
Bovina Center,NY,42.2709,-74.7661
Bow,NH,43.1388,-71.5448
Bow,WA,48.562,-122.4134
Bowbells,ND,48.8378,-102.2839
Bowden,WV,38.9087,-79.7098
Bowdle,SD,45.453,-99.654
Bowdoin,ME,44.0575,-69.9656
Bowdoinham,ME,44.0101,-69.8984
Bowdon,GA,33.5373,-85.2533
Bowdon,ND,47.4343,-99.7015
Bowdon Junction,GA,33.6534,-85.1362
Bowen,IL,40.2341,-91.0705
Bowers,PA,40.4821,-75.7435
Bowerston,OH,40.4371,-81.1862
Bowersville,GA,34.3996,-83.0484
Bowersville,OH,39.5806,-83.7249
Bowie,AZ,32.3265,-109.487
Bowie,MD,38.9021,-76.80921
Bowie,TX,33.5568,-97.8373
Bowlegs,OK,35.1462,-96.67
Bowler,WI,44.9337,-88.9761
Bowling Green,FL,27.6019,-81.8507
Bowling Green,IN,39.3812,-87.0052
Bowling Green,KY,36.96088,-86.42005
Bowling Green,MO,39.3346,-91.1962
Bowling Green,OH,41.37925,-83.6439
Bowling Green,SC,35.1499,-81.2123
Bowling Green,VA,38.03165,-77.2634
Bowlus,MN,45.8121,-94.4175
Bowman,GA,34.1919,-83.0284
Bowman,ND,46.1733,-103.402
Bowman,SC,33.3475,-80.6709
Bowmanstown,PA,40.8011,-75.6614
Bowmansville,NY,42.941,-78.688
Bowmansville,PA,40.1966,-76.016
Bowstring,MN,47.543,-93.7966
Box Elder,MT,48.2841,-109.8205
Box Elder,SD,44.1199,-103.0682
Box Springs,GA,32.5195,-84.5927
Boxborough,MA,42.4884,-71.5178
Boxford,MA,42.6797,-71.0114
Boxholm,IA,42.1706,-94.1052
Boyce,LA,31.3216,-92.6867
Boyce,VA,39.0698,-78.0203
Boyceville,WI,45.0642,-92.0248
Boyd,MN,44.8507,-95.9421
Boyd,MT,45.4577,-109.0665
Boyd,TX,33.0594,-97.5868
Boyd,WI,44.9437,-91.0294
Boyden,IA,43.2034,-95.9823
Boyds,MD,39.21,-77.3167
Boyds,WA,48.8427,-118.1828
Boydton,VA,36.6544,-78.3752
Boyers,PA,41.01495,-79.9147
Boyertown,PA,40.3339,-75.6604
Boyes,MT,45.268,-105.0311
Boyes Hot Springs,CA,38.3141,-122.4843
Boykin,AL,32.0779,-87.2814
Boykins,VA,36.5951,-77.1975
Boyle,MS,33.6891,-90.7838
Boylston,MA,42.3377,-71.731
Boyne City,MI,45.2052,-85.0183
Boyne Falls,MI,45.2116,-84.8916
Boynton,OK,35.6577,-95.66
Boynton,PA,39.7673,-79.062
Boynton Beach,FL,26.52584,-80.10811
Boys Ranch,TX,35.5314,-102.2541
Boys Town,NE,41.2587,-96.133
Bozeman,MT,45.65902,-111.04577
Bozman,MD,38.7515,-76.2764
Bozrah,CT,41.5465,-72.1711
Braceville,IL,41.2288,-88.269
Bracey,VA,36.5763,-78.1059
Brackenridge,PA,40.6082,-79.7414
Brackettville,TX,29.3096,-100.4155
Brackney,PA,41.9666,-75.9375
Braddock,ND,46.5603,-100.1075
Braddock,PA,40.4038,-79.8625
Braddock Heights,MD,39.4203,-77.5051
Braddyville,IA,40.5991,-94.9956
Braden,TN,35.2886,-89.488
Bradenton,FL,27.44955,-82.49594
Bradenton Beach,FL,27.4859,-82.7102
Bradenville,PA,40.3238,-79.3434
Bradford,AR,35.4277,-91.519
Bradford,IA,42.633,-93.2449
Bradford,IL,41.1532,-89.6521
Bradford,IN,38.3678,-86.0619
Bradford,ME,45.0855,-68.9235
Bradford,NH,43.2517,-71.9617
Bradford,NY,42.3825,-77.0913
Bradford,OH,40.1286,-84.4293
Bradford,PA,41.9547,-78.654
Bradford,RI,41.4114,-71.7465
Bradford,TN,36.0645,-88.8046
Bradford,VT,44.0006,-72.1406
Bradfordsville,KY,37.4662,-85.1436
Bradfordwoods,PA,40.6372,-80.0811
Bradgate,IA,42.7794,-94.4002
Bradley,AR,33.107,-93.6275
Bradley,CA,35.8093,-120.9728
Bradley,FL,27.6993,-81.9494
Bradley,IL,41.1454,-87.8601
Bradley,ME,44.9015,-68.6263
Bradley,MI,42.633,-85.643
Bradley,OK,34.8741,-97.7118
Bradley,SC,34.0326,-82.2027
Bradley,SD,45.0751,-97.6387
Bradley,WV,37.8654,-81.194
Bradley Beach,NJ,40.2023,-74.0132
Bradleyville,MO,36.7659,-92.9151
Bradner,OH,41.3298,-83.4456
Bradshaw,NE,40.9207,-97.7607
Bradshaw,WV,37.3518,-81.7987
Brady,MT,48.0312,-111.755
Brady,NE,41.0515,-100.3736
Brady,TX,31.1509,-99.3372
Brady Lake,OH,41.1698,-81.3124
Bradyville,TN,35.7053,-86.0912
Bragg City,MO,36.2732,-89.8736
Braggadocio,MO,36.1753,-89.8295
Braggs,OK,35.66705,-95.1904
Braham,MN,45.7175,-93.2037
Braidwood,IL,41.2657,-88.2231
Brainard,NE,41.1832,-96.9882
Brainard,NY,42.495,-73.5107
Brainardsville,NY,44.8578,-74.0335
Brainerd,MN,46.3502,-94.1
Braintree,MA,42.19465,-71.04275
Braithwaite,LA,29.7361,-89.9197
Braman,OK,36.9331,-97.3082
Bramwell,WV,37.3321,-81.3256
Branch,AR,35.2971,-93.9454
Branch,LA,30.3446,-92.3459
Branch,MI,43.9333,-86.0345
Branchdale,PA,40.6643,-76.3328
Branchland,WV,38.2694,-82.2684
Branchport,NY,42.6065,-77.2052
Branchton,PA,41.0726,-79.9856
Branchville,IN,38.1572,-86.5859
Branchville,NJ,41.1585,-74.7512
Branchville,SC,33.2628,-80.8059
Branchville,VA,36.5787,-77.2704
Brandamore,PA,40.055,-75.8378
Brandeis,CA,34.2582,-118.7107
Brandenburg,KY,37.9662,-86.1084
Brandon,FL,27.93257,-82.2914
Brandon,IA,42.3309,-92.0059
Brandon,MN,45.9652,-95.5987
Brandon,MS,32.32047,-89.96997
Brandon,SD,43.5926,-96.586
Brandon,TX,32.0457,-96.9606
Brandon,VT,43.8065,-73.0882
Brandon,WI,43.7258,-88.7841
Brandsville,MO,36.6488,-91.6976
Brandt,SD,44.6738,-96.6435
Brandy Camp,PA,41.3209,-78.6875
Brandy Station,VA,38.511,-77.9037
Brandywine,MD,38.6922,-76.832
Brandywine,WV,38.6357,-79.2096
Branford,CT,41.28,-72.8106
Branford,FL,29.9395,-82.8993
Branscomb,CA,39.6949,-123.5527
Branson,CO,37.0518,-103.8741
Branson,MO,36.665,-93.24195
Brant,MI,43.2548,-84.2978
Brant,NY,42.5707,-79.0308
Brant Lake,NY,43.6989,-73.7205
Brant Rock,MA,42.0818,-70.6439
Brantingham,NY,43.6887,-75.2921
Brantley,AL,31.571,-86.2743
Brantwood,WI,45.5514,-90.116
Braselton,GA,34.1389,-83.7812
Brashear,MO,40.1959,-92.4333
Brashear,TX,33.1155,-95.7345
Brasher Falls,NY,44.8467,-74.7473
Brasstown,NC,35.0261,-83.9567
Brattleboro,VT,42.85252,-72.56675
Brave,PA,39.7245,-80.2537
Brawley,CA,32.9792,-115.5296
Braxton,MS,32.0016,-89.9672
Braymer,MO,39.5915,-93.7887
Brayton,IA,41.5524,-94.974
Brazeau,MO,37.6633,-89.6529
Brazil,IN,39.521,-87.1278
Brazoria,TX,29.0236,-95.5867
Brea,CA,33.9236,-117.85723
Breaks,VA,37.2959,-82.281
Breaux Bridge,LA,30.2948,-91.8296
Breckenridge,CO,39.4753,-106.0225
Breckenridge,MI,43.3935,-84.5023
Breckenridge,MN,46.2797,-96.5622
Breckenridge,MO,39.7582,-93.8068
Breckenridge,TX,32.7532,-98.9099
Brecksville,OH,41.3166,-81.6261
Breda,IA,42.1758,-95.0007
Breeden,WV,37.9198,-82.2547
Breeding,KY,36.9553,-85.4036
Breedsville,MI,42.3465,-86.0725
Breese,IL,38.6188,-89.5284
Breesport,NY,42.1939,-76.7361
Breezewood,PA,39.9905,-78.2453
Breezy Point,NY,40.5594,-73.9067
Breinigsville,PA,40.5526,-75.6553
Bremen,AL,33.9737,-87.0043
Bremen,GA,33.7309,-85.1286
Bremen,IN,41.4467,-86.1932
Bremen,KS,39.8775,-96.7458
Bremen,KY,37.343,-87.233
Bremen,ME,44.0104,-69.4402
Bremen,OH,39.6909,-82.4096
Bremerton,WA,47.58646,-122.6499
Bremo Bluff,VA,37.7453,-78.2672
Bremond,TX,31.156,-96.6697
Brenham,TX,30.17215,-96.40025
Brent,AL,32.9357,-87.2114
Brentford,SD,45.1635,-98.3193
Brenton,WV,37.5988,-81.6264
Brentwood,CA,37.9324,-121.6894
Brentwood,MD,38.9407,-76.9531
Brentwood,NY,40.7809,-73.2503
Brentwood,TN,36.0197,-86.78685
Brethren,MI,44.2966,-85.9964
Bretton Woods,NH,44.2581,-71.4412
Bretz,WV,39.5423,-79.8006
Brevard,NC,35.2208,-82.7404
Brevig Mission,AK,65.3342,-166.4786
Brewer,ME,44.7874,-68.7539
Brewerton,NY,43.2252,-76.1351
Brewster,KS,39.3655,-101.373
Brewster,MA,41.7492,-70.0699
Brewster,MN,43.7032,-95.4807
Brewster,NE,41.9467,-99.8292
Brewster,NY,41.4097,-73.5992
Brewster,OH,40.7142,-81.5957
Brewster,WA,48.1206,-119.772
Brewton,AL,31.1173,-87.08415
Brian Head,UT,37.6985,-112.8437
Briar,MO,36.661,-90.8508
Briarcliff Manor,NY,41.1444,-73.835
Brice,OH,39.9181,-82.8321
Bricelyn,MN,43.5746,-93.8211
Briceville,TN,36.1626,-84.2992
Brick,NJ,40.06315,-74.11305
Brickeys,AR,34.8548,-90.5377
Bridal Veil,OR,45.583,-122.1011
Bridge City,TX,30.0192,-93.8326
Bridgehampton,NY,40.9339,-72.3077
Bridgeport,AL,34.9446,-85.7277
Bridgeport,CA,38.2566,-119.208
Bridgeport,CT,41.18047,-73.19451
Bridgeport,IL,38.7067,-87.7657
Bridgeport,MI,43.3553,-83.8549
Bridgeport,NE,41.6766,-103.0701
Bridgeport,NJ,39.8016,-75.3478
Bridgeport,NY,43.159,-75.97
Bridgeport,OH,40.0752,-80.7747
Bridgeport,OR,44.4931,-117.7655
Bridgeport,PA,40.103,-75.3402
Bridgeport,TX,33.187,-97.781
Bridgeport,WA,48.0082,-119.6712
Bridgeport,WV,39.2954,-80.2427
Bridger,MT,45.2857,-108.9082
Bridgeton,IN,39.645,-87.1775
Bridgeton,MO,38.7506,-90.4161
Bridgeton,NC,35.1215,-77.0208
Bridgeton,NJ,39.3762,-75.1617
Bridgeview,IL,41.7431,-87.8066
Bridgeville,CA,40.4693,-123.7998
Bridgeville,DE,38.7366,-75.6088
Bridgeville,PA,40.3472,-80.1153
Bridgewater,CT,41.5287,-73.3609
Bridgewater,IA,41.2589,-94.6669
Bridgewater,MA,41.9823,-70.97255
Bridgewater,ME,46.4222,-67.8415
Bridgewater,MI,42.1602,-83.9117
Bridgewater,NJ,40.5904,-74.6267
Bridgewater,NY,42.8792,-75.2672
Bridgewater,SD,43.5503,-97.4691
Bridgewater,VA,38.3859,-78.9937
Bridgewater,VT,43.5804,-72.6467
Bridgewater Corners,VT,43.5998,-72.6752
Bridgman,MI,41.9362,-86.5543
Bridgton,ME,44.052,-70.7241
Bridport,VT,43.9538,-73.3476
Brielle,NJ,40.1077,-74.0635
Brier Hill,NY,44.5525,-75.6722
Brier Hill,PA,39.9808,-79.8504
Brierfield,AL,33.0427,-86.9517
Brigantine,NJ,39.4101,-74.3646
Briggs,TX,30.9325,-97.9702
Briggsdale,CO,40.6392,-104.2871
Briggsville,AR,34.9161,-93.5157
Briggsville,WI,43.6759,-89.5803
Brigham City,UT,41.5079,-112.0152
Brighton,CO,39.9527,-104.8228
Brighton,IA,41.1543,-91.8284
Brighton,IL,39.0361,-90.1443
Brighton,MA,42.3478,-71.1566
Brighton,MI,42.55355,-83.762
Brighton,MO,37.4728,-93.3603
Brighton,TN,35.484,-89.7251
Brightwaters,NY,40.728,-73.2646
Brightwood,OR,45.3652,-122.0036
Brightwood,VA,38.4114,-78.1698
Brill,WI,45.6027,-91.6721
Brilliant,AL,34.0377,-87.7563
Brilliant,OH,40.2683,-80.6319
Brillion,WI,44.1779,-88.0833
Brimfield,IL,40.8407,-89.897
Brimfield,MA,42.1165,-72.1885
Brimhall,NM,35.8005,-108.5815
Brimley,MI,46.3891,-84.6981
Brimson,MN,47.3142,-91.8625
Bringhurst,IN,40.5163,-86.5204
Brinkhaven,OH,40.4583,-82.1553
Brinkley,AR,34.8781,-91.1886
Brinklow,MD,39.1838,-77.0163
Brinktown,MO,38.1483,-92.1015
Brinnon,WA,47.6776,-122.9375
Brinson,GA,30.9788,-84.7373
Brisbane,CA,37.6811,-122.4001
Brisbin,PA,40.8387,-78.3526
Briscoe,TX,35.5855,-100.1679
Bristol,CT,41.67705,-72.93975
Bristol,FL,30.4223,-84.9466
Bristol,GA,31.4833,-82.215
Bristol,IL,41.7016,-88.4398
Bristol,IN,41.7169,-85.8262
Bristol,ME,43.9519,-69.4954
Bristol,NH,43.612,-71.7507
Bristol,PA,40.1159,-74.8536
Bristol,RI,41.6825,-71.2676
Bristol,SD,45.288,-97.8086
Bristol,TN,36.55597,-82.2117
Bristol,VA,36.6134,-82.19076
Bristol,VT,44.146,-73.0717
Bristol,WI,42.5325,-88.0478
Bristolville,OH,41.3797,-80.8568
Bristow,IA,42.7741,-92.8864
Bristow,IN,38.1981,-86.6821
Bristow,NE,42.9484,-98.5721
Bristow,OK,35.8209,-96.3758
Bristow,VA,38.7343,-77.5474
Britt,IA,43.1006,-93.7752
Britt,MN,47.655,-92.6321
Brittany,LA,30.201,-90.8689
Britton,MI,41.9887,-83.8377
Britton,SD,45.8023,-97.7418
Brixey,MO,36.759,-92.4026
Broad Brook,CT,41.9042,-72.5444
Broad Run,VA,38.8237,-77.713
Broad Top,PA,40.2019,-78.1406
Broadalbin,NY,43.0727,-74.1684
Broadbent,OR,42.985,-124.1189
Broaddus,TX,31.2952,-94.2156
Broadford,VA,36.9546,-81.673
Broadlands,IL,39.9142,-87.9948
Broadus,MT,45.2572,-105.2568
Broadview,IL,41.8577,-87.8562
Broadview,MT,46.0821,-108.8091
Broadview,NM,34.804,-103.1292
Broadview Heights,OH,41.3141,-81.6731
Broadwater,NE,41.5825,-102.8225
Broadway,NC,35.4181,-79.0435
Broadway,NJ,40.732,-75.0516
Broadway,OH,40.3406,-83.4163
Broadway,VA,38.6083,-78.7875
Brock,NE,40.4772,-95.9801
Brocket,ND,48.2255,-98.3559
Brockport,NY,43.2128,-77.9368
Brockport,PA,41.2822,-78.7128
Brockton,MA,42.08286,-71.01908
Brockton,MT,48.2101,-104.8548
Brockton,PA,40.7508,-76.0629
Brockway,MT,47.2485,-105.7776
Brockway,PA,41.2406,-78.8116
Brockwell,AR,36.1358,-91.9513
Brocton,IL,39.6923,-87.9263
Brocton,NY,42.394,-79.4344
Brodhead,KY,37.3815,-84.4336
Brodhead,WI,42.6111,-89.3714
Brodheadsville,PA,40.9309,-75.4104
Brodnax,VA,36.7319,-77.9898
Brogan,OR,44.1994,-117.5904
Brogue,PA,39.8608,-76.4673
Brohard,WV,39.0338,-81.1775
Brohman,MI,43.6853,-85.8159
Brokaw,WI,45.0273,-89.6541
Broken Arrow,OK,36.03562,-95.78383
Broken Bow,NE,41.4126,-99.6355
Broken Bow,OK,34.027,-94.7623
Bromide,OK,34.4233,-96.4867
Bronaugh,MO,37.69,-94.486
Bronson,FL,29.461,-82.6356
Bronson,IA,42.4292,-96.1986
Bronson,KS,37.9214,-95.0303
Bronson,MI,41.8643,-85.1838
Bronson,TX,31.3391,-93.9993
Bronston,KY,36.9525,-84.6314
Bronte,TX,31.8789,-100.2988
Bronwood,GA,31.8308,-84.364
Bronx,NY,40.84899,-73.87815
Bronxville,NY,40.9391,-73.8353
Brook,IN,40.8655,-87.3527
Brook Park,MN,45.9474,-93.0736
Brookdale,CA,37.1063,-122.105
Brooke,VA,38.3857,-77.3743
Brookeland,TX,31.0922,-93.9684
Brooker,FL,29.919,-82.2956
Brookesmith,TX,31.5176,-99.1277
Brookeville,MD,39.1871,-77.0603
Brookfield,CT,41.465,-73.398
Brookfield,GA,31.4417,-83.5037
Brookfield,IL,41.8217,-87.8492
Brookfield,MA,42.1991,-72.0989
Brookfield,MO,39.7846,-93.0719
Brookfield,NY,42.8128,-75.3177
Brookfield,OH,41.248,-80.5788
Brookfield,VT,44.0321,-72.5953
Brookfield,WI,43.0632,-88.11713
Brookhaven,MS,31.57717,-90.46313
Brookhaven,NY,40.7843,-72.8921
Brookhaven,PA,39.8654,-75.3885
Brookings,OR,42.0526,-124.284
Brookings,SD,44.33765,-96.79105
Brookland,AR,35.9165,-90.5762
Brooklandville,MD,39.3979,-76.6717
Brooklet,GA,32.294,-81.628
Brooklin,ME,44.2541,-68.5565
Brookline,MA,42.3345,-71.12855
Brookline,MO,37.1634,-93.4202
Brookline,NH,42.7384,-71.6663
Brookline Village,MA,42.3329,-71.1162
Brooklyn,AL,31.2627,-86.7711
Brooklyn,CT,41.7807,-71.9541
Brooklyn,IA,41.7321,-92.4285
Brooklyn,IN,39.5396,-86.3701
Brooklyn,MD,39.2259,-76.6153
Brooklyn,MI,42.1044,-84.2414
Brooklyn,MS,31.0591,-89.0796
Brooklyn,NY,40.65155,-73.95453
Brooklyn,PA,41.7512,-75.8069
Brooklyn,WI,42.8423,-89.3818
Brookneal,VA,37.0827,-78.9227
Brookpark,OH,41.3979,-81.8118
Brookport,IL,37.1542,-88.5334
Brooks,CA,38.8065,-122.2039
Brooks,GA,33.2984,-84.4769
Brooks,KY,38.0546,-85.7713
Brooks,ME,44.5678,-69.1404
Brooks,MN,47.8129,-96.0117
Brookshire,TX,29.8072,-95.9755
Brookside,AL,33.6379,-86.9167
Brookside,NJ,40.8004,-74.5718
Brookston,IN,40.6011,-86.8753
Brookston,MN,46.8384,-92.643
Brookston,TX,33.6246,-95.6888
Brooksville,FL,28.54213,-82.43066
Brooksville,KY,38.6644,-84.0786
Brooksville,ME,44.3756,-68.7313
Brooksville,MS,33.2346,-88.5823
Brookton,ME,45.5507,-67.7436
Brooktondale,NY,42.3765,-76.3668
Brookville,IN,39.4213,-84.9994
Brookville,KS,38.7858,-97.863
Brookville,OH,39.8414,-84.4165
Brookville,PA,41.1627,-79.0816
Brookwood,AL,33.2775,-87.309
Broomall,PA,39.9747,-75.3602
Broomes Island,MD,38.418,-76.5478
Broomfield,CO,39.92307,-105.06907
Brooten,MN,45.5011,-95.1245
Broseley,MO,36.6899,-90.2508
Brothers,OR,43.7789,-120.477
Broughton,IL,37.9546,-88.4678
Broussard,LA,30.1219,-91.9502
Browder,KY,37.1999,-87.0001
Browerville,MN,46.0905,-94.8346
Brown City,MI,43.2171,-82.9978
Brownell,KS,38.6239,-99.7328
Brownfield,ME,43.9381,-70.9087
Brownfield,PA,39.857,-79.712
Brownfield,TX,33.1698,-102.2762
Browning,IL,40.1289,-90.3721
Browning,MO,40.029,-93.1607
Browning,MT,48.5569,-113.0134
Browns,IL,38.3764,-87.9928
Browns Mills,NJ,39.9597,-74.5655
Browns Summit,NC,36.2019,-79.7101
Browns Valley,CA,39.2882,-121.3303
Browns Valley,MN,45.6069,-96.8063
Brownsboro,AL,34.7167,-86.4687
Brownsboro,TX,32.304,-95.6
Brownsburg,IN,39.8466,-86.3869
Brownsburg,VA,37.9285,-79.3192
Brownsdale,MN,43.7248,-92.8738
Brownstown,IL,38.9891,-88.9494
Brownstown,IN,38.8836,-86.0486
Brownstown,PA,40.124,-76.2176
Brownstown,WA,46.4043,-120.607
Brownsville,CA,39.4525,-121.2612
Brownsville,IN,39.6845,-84.9881
Brownsville,KY,37.2229,-86.2923
Brownsville,MD,39.3869,-77.658
Brownsville,MN,43.6707,-91.3012
Brownsville,OH,39.947,-82.2565
Brownsville,OR,44.377,-122.9485
Brownsville,PA,40.0237,-79.8839
Brownsville,TN,35.61,-89.2624
Brownsville,TX,25.94204,-97.49338
Brownsville,VT,43.4646,-72.4944
Brownsville,WI,43.6028,-88.523
Brownton,MN,44.7281,-94.3306
Browntown,WI,42.5579,-89.7816
Brownville,ME,45.3412,-69.0423
Brownville,NE,40.3994,-95.6935
Brownville,NY,44.007,-75.9841
Brownville Junction,ME,45.3512,-69.0581
Brownwood,MO,37.0828,-89.9523
Brownwood,TX,31.7748,-99.0418
Broxton,GA,31.6484,-82.905
Bruce,MS,34.0066,-89.3484
Bruce,SD,44.4675,-96.911
Bruce,WI,45.4479,-91.2906
Bruce Crossing,MI,46.528,-89.168
Bruceton,TN,36.0268,-88.2518
Bruceton Mills,WV,39.6454,-79.6159
Brucetown,VA,39.2543,-78.0664
Bruceville,IN,38.7563,-87.4313
Bruceville,TX,31.3267,-97.2342
Bruin,PA,41.0571,-79.7291
Bruington,VA,37.7801,-76.9402
Brule,NE,41.1002,-101.9099
Brule,WI,46.5763,-91.5539
Brumley,MO,38.0709,-92.4747
Brundidge,AL,31.7013,-85.8177
Bruneau,ID,42.614,-115.8419
Bruner,MO,36.999,-92.9692
Bruni,TX,27.4295,-98.8385
Bruning,NE,40.3302,-97.5573
Bruno,MN,46.2845,-92.619
Bruno,NE,41.2718,-96.9646
Bruno,WV,37.6907,-81.869
Brunson,SC,32.9413,-81.1807
Brunsville,IA,42.8093,-96.2626
Brunswick,GA,31.2104,-81.5091
Brunswick,MD,39.3164,-77.623
Brunswick,ME,43.8973,-69.9779
Brunswick,MO,39.4374,-93.1187
Brunswick,NC,34.2907,-78.6994
Brunswick,NE,42.3459,-98.0123
Brunswick,OH,41.2471,-81.828
Brunswick,TN,35.2673,-89.7687
Brusett,MT,47.4253,-107.2668
Brush,CO,40.2603,-103.6279
Brush Creek,TN,36.1107,-86.0203
Brush Prairie,WA,45.7304,-122.4843
Brush Valley,PA,40.5292,-79.0846
Brushton,NY,44.8282,-74.5223
Brusly,LA,30.3877,-91.2526
Brussels,IL,38.9495,-90.5887
Brussels,WI,44.7476,-87.6225
Brutus,MI,45.5068,-84.7467
Bryan,OH,41.4748,-84.5629
Bryan,TX,30.68571,-96.36707
Bryans Road,MD,38.6415,-77.0766
Bryant,AL,34.945,-85.6324
Bryant,AR,34.60135,-92.4905
Bryant,IA,41.9629,-90.3388
Bryant,IL,40.4663,-90.091
Bryant,IN,40.5446,-84.9117
Bryant,SD,44.5987,-97.4537
Bryant,WI,45.203,-88.9983
Bryant Pond,ME,44.3957,-70.6435
Bryantown,MD,38.5426,-76.8465
Bryants Store,KY,36.7708,-83.9009
Bryantsville,KY,37.7145,-84.6491
Bryantville,MA,42.0407,-70.8272
Bryce,UT,37.6184,-112.1735
Bryceville,FL,30.4193,-81.9724
Bryn Athyn,PA,40.135,-75.0623
Bryn Mawr,CA,34.0483,-117.2309
Bryn Mawr,PA,40.0236,-75.3295
Bryson,TX,33.1615,-98.3874
Bryson City,NC,35.4241,-83.4392
Buchanan,GA,33.8283,-85.1506
Buchanan,MI,41.8327,-86.3708
Buchanan,ND,47.0051,-98.9007
Buchanan,NY,41.2583,-73.9412
Buchanan,TN,36.4146,-88.1515
Buchanan,VA,37.5479,-79.7123
Buchanan Dam,TX,30.7538,-98.4295
Buchtel,OH,39.462,-82.1818
Buck Creek,IN,40.4876,-86.7631
Buck Hill Falls,PA,41.1879,-75.2657
Buckatunna,MS,31.5391,-88.5289
Buckeye,AZ,33.41915,-112.53125
Buckeye,IA,42.4179,-93.3755
Buckeye,WV,38.186,-80.1345
Buckeye Lake,OH,39.9337,-82.4724
Buckeystown,MD,39.3309,-77.4274
Buckfield,ME,44.2877,-70.3683
Buckhannon,WV,38.9755,-80.2407
Buckhead,GA,33.5368,-83.3435
Buckholts,TX,30.8858,-97.1241
Buckhorn,KY,37.301,-83.4936
Buckhorn,NM,33.0633,-108.6956
Buckingham,IA,42.2552,-92.4098
Buckingham,IL,41.0433,-88.1772
Buckingham,PA,40.3237,-75.0599
Buckingham,VA,37.5833,-78.5985
Buckland,AK,65.9789,-161.1262
Buckland,MA,42.5736,-72.8213
Buckland,OH,40.6241,-84.2603
Buckley,IL,40.6018,-88.0361
Buckley,MI,44.5199,-85.6935
Buckley,WA,47.1524,-122.0621
Bucklin,KS,37.553,-99.6325
Bucklin,MO,39.8006,-92.8928
Buckman,MN,45.8975,-94.0936
Buckner,AR,33.3753,-93.447
Buckner,IL,37.9764,-89.0209
Buckner,KY,38.3735,-85.4507
Buckner,MO,39.1303,-94.2062
Bucks,AL,31.0105,-88.0242
Buckskin,IN,38.2284,-87.412
Bucksport,ME,44.6015,-68.7768
Bucoda,WA,46.7982,-122.8718
Bucyrus,KS,38.7283,-94.6887
Bucyrus,MO,37.3972,-92.0465
Bucyrus,OH,40.8103,-82.9698
Bud,WV,37.5376,-81.3793
Buda,IL,41.314,-89.6795
Buda,TX,30.0918,-97.8534
Budd Lake,NJ,40.8731,-74.7426
Bude,MS,31.4593,-90.8457
Buellton,CA,34.6209,-120.1922
Buena,NJ,39.537,-74.8895
Buena,WA,46.4287,-120.3134
Buena Park,CA,33.85643,-118.00092
Buena Vista,CO,38.838,-106.1471
Buena Vista,GA,32.2542,-84.4898
Buena Vista,NM,35.9136,-105.2492
Buena Vista,PA,40.2773,-79.7992
Buena Vista,TN,35.9431,-88.2926
Buena Vista,VA,37.7396,-79.3523
Buffalo,IA,41.4564,-90.7235
Buffalo,IL,39.8499,-89.3879
Buffalo,IN,40.8825,-86.7453
Buffalo,KS,37.7011,-95.7014
Buffalo,KY,37.512,-85.6986
Buffalo,MN,45.1814,-93.8635
Buffalo,MO,37.6429,-93.0906
Buffalo,MT,46.8211,-109.8285
Buffalo,ND,46.9264,-97.5352
Buffalo,NY,42.86942,-78.84534
Buffalo,OH,39.9159,-81.5201
Buffalo,OK,36.8523,-99.5538
Buffalo,SC,34.7247,-81.6826
Buffalo,SD,45.574,-103.5826
Buffalo,TX,31.4121,-95.9904
Buffalo,WV,38.6092,-81.95
Buffalo,WY,44.3485,-106.7073
Buffalo Center,IA,43.3732,-93.9376
Buffalo Creek,CO,39.3867,-105.2703
Buffalo Gap,SD,43.4958,-103.3157
Buffalo Gap,TX,32.2894,-99.8103
Buffalo Grove,IL,42.1598,-87.9644
Buffalo Junction,VA,36.6168,-78.6093
Buffalo Lake,MN,44.7709,-94.5912
Buffalo Mills,PA,39.922,-78.6996
Buffalo Prairie,IL,41.3368,-90.8522
Buffalo Valley,TN,36.1833,-85.7589
Buford,GA,34.05083,-83.9884
Buford,WY,41.1219,-105.3047
Buhl,AL,33.2306,-87.7547
Buhl,ID,42.6008,-114.7825
Buhl,MN,47.4932,-92.7643
Buhler,KS,38.1309,-97.7691
Buies Creek,NC,35.4132,-78.7356
Bulan,KY,37.315,-83.1561
Bulger,PA,40.4051,-80.3622
Bull Shoals,AR,36.371,-92.5938
Bullard,TX,32.1095,-95.3342
Bullhead,SD,45.7656,-101.0807
Bullhead City,AZ,35.14315,-114.56123
Bullock,NC,36.5076,-78.5646
Bulls Gap,TN,36.2832,-83.0374
Bullville,NY,41.5443,-74.3615
Bulpitt,IL,39.5917,-89.424
Bulverde,TX,29.7767,-98.4626
Bumpass,VA,37.8984,-77.7966
Bumpus Mills,TN,36.6226,-87.8614
Buna,TX,30.4132,-93.9913
Bunceton,MO,38.7881,-92.7994
Bunch,OK,35.6826,-94.7611
Buncombe,IL,37.4637,-88.9806
Bunker,MO,37.4772,-91.1927
Bunker Hill,IL,39.0408,-89.9624
Bunker Hill,IN,40.6423,-86.0961
Bunker Hill,KS,38.8758,-98.704
Bunker Hill,WV,39.3276,-78.0487
Bunkerville,NV,36.7684,-114.1281
Bunkie,LA,30.8641,-92.1466
Bunn,NC,35.9577,-78.2498
Bunnell,FL,29.4562,-81.3244
Bunnlevel,NC,35.3119,-78.8405
Bunola,PA,40.2373,-79.9506
Buras,LA,29.3519,-89.5242
Burbank,CA,34.18061,-118.31327
Burbank,IL,41.7447,-87.7699
Burbank,OH,40.9637,-81.9958
Burbank,OK,36.6966,-96.7869
Burbank,SD,42.7638,-96.8466
Burbank,WA,46.1966,-118.9017
Burchard,NE,40.1475,-96.3503
Burden,KS,37.3209,-96.757
Burdett,KS,38.2104,-99.5275
Burdett,NY,42.4394,-76.8292
Burdette,AR,35.8173,-89.9393
Burdick,KS,38.5674,-96.8396
Burdine,KY,37.1893,-82.599
Bureau,IL,41.2894,-89.3686
Burfordville,MO,37.3632,-89.8206
Burgaw,NC,34.5487,-77.9403
Burgess,VA,37.8687,-76.3542
Burgettstown,PA,40.3821,-80.4044
Burghill,OH,41.3347,-80.5441
Burgin,KY,37.7534,-84.7666
Burgoon,OH,41.268,-83.2475
Burkburnett,TX,34.086,-98.5708
Burke,NY,44.9177,-74.1731
Burke,SD,43.1825,-99.2937
Burke,VA,38.8106,-77.2853
Burkes Garden,VA,37.0982,-81.3409
Burkesville,KY,36.8068,-85.397
Burket,IN,41.1547,-85.9693
Burkett,TX,31.9986,-99.2553
Burkettsville,OH,40.3541,-84.6435
Burkeville,TX,31.0099,-93.6585
Burkeville,VA,37.1952,-78.1961
Burkittsville,MD,39.3923,-77.6275
Burleson,TX,32.53685,-97.3149
Burley,ID,42.5244,-113.7931
Burley,WA,47.4179,-122.631
Burlingame,CA,37.5756,-122.36685
Burlingame,KS,38.7634,-95.84
Burlingham,NY,41.5901,-74.3821
Burlington,CO,39.3106,-102.2583
Burlington,CT,41.7573,-72.9444
Burlington,IA,40.8087,-91.117
Burlington,IL,42.0458,-88.539
Burlington,IN,40.4777,-86.3866
Burlington,KS,38.2363,-95.7336
Burlington,KY,39.015,-84.7736
Burlington,MA,42.50685,-71.198
Burlington,ME,45.2349,-68.379
Burlington,MI,42.1239,-85.105
Burlington,NC,36.06937,-79.46
Burlington,ND,48.2735,-101.4282
Burlington,NJ,40.068,-74.8454
Burlington,OK,36.9036,-98.4215
Burlington,PA,41.7817,-76.6056
Burlington,TX,30.9736,-96.9642
Burlington,VT,44.46446,-73.14332
Burlington,WA,48.4786,-122.3345
Burlington,WI,42.666,-88.2749
Burlington,WV,39.3376,-78.9181
Burlington,WY,44.4442,-108.4327
Burlington Flats,NY,42.7516,-75.169
Burlington Junction,MO,40.4475,-95.063
Burlison,TN,35.5399,-89.8177
Burna,KY,37.2392,-88.3379
Burnet,TX,30.7766,-98.2642
Burnett,WI,43.5116,-88.7176
Burnettsville,IN,40.7612,-86.5936
Burney,CA,40.8949,-121.655
Burneyville,OK,33.9515,-97.3249
Burnham,ME,44.6848,-69.38
Burnham,PA,40.6361,-77.5625
Burnips,MI,42.7312,-85.8404
Burns,CO,39.8739,-106.8856
Burns,KS,38.1222,-96.8634
Burns,OR,43.5145,-119.0504
Burns,TN,36.0471,-87.3061
Burns,WY,41.2003,-104.3155
Burns Flat,OK,35.3492,-99.188
Burnside,IA,42.3413,-94.1143
Burnside,KY,36.9393,-84.5357
Burnside,LA,30.1388,-90.924
Burnside,PA,40.8134,-78.7865
Burnsville,MN,44.7458,-93.2837
Burnsville,MS,34.8579,-88.307
Burnsville,NC,35.903,-82.2876
Burnsville,WV,38.7775,-80.657
Burnt Cabins,PA,40.0753,-77.9017
Burnt Hills,NY,42.9329,-73.896
Burnt Prairie,IL,38.2082,-88.2147
Burnt Ranch,CA,40.7897,-123.4113
Burnwell,AL,33.7079,-87.0875
Burr,NE,40.5601,-96.2384
Burr Hill,VA,38.3446,-77.8719
Burr Oak,KS,39.8932,-98.3499
Burr Oak,MI,41.8459,-85.3345
Burrel,CA,36.5898,-119.8994
Burrows,IN,40.6767,-86.5075
Burrton,KS,38.0261,-97.6666
Burson,CA,38.1838,-120.8894
Burt,IA,43.2062,-94.2122
Burt,MI,43.2404,-83.9511
Burt,NY,43.3221,-78.7141
Burt Lake,MI,45.4408,-84.7112
Burton,MI,42.9954,-83.62683
Burton,OH,41.4527,-81.1526
Burton,TX,30.1767,-96.5925
Burton,WA,47.389,-122.4607
Burton,WV,39.6511,-80.4161
Burtonsville,MD,39.0922,-76.9339
Burtrum,MN,45.888,-94.6962
Burwell,NE,41.808,-99.0995
Busby,MT,45.5541,-106.8723
Bush,KY,37.0926,-83.8702
Bush,LA,30.6134,-89.9557
Bushkill,PA,41.1285,-75.0132
Bushland,TX,35.2664,-102.0978
Bushnell,FL,28.6611,-82.1553
Bushnell,IL,40.5539,-90.506
Bushnell,NE,41.2139,-103.9075
Bushton,KS,38.5018,-98.4016
Bushwood,MD,38.2844,-76.7929
Buskirk,NY,42.9601,-73.4497
Bussey,IA,41.2094,-92.8963
Bustins Island,ME,43.799,-70.0698
Busy,KY,37.2632,-83.3007
Butler,AL,32.0829,-88.2064
Butler,GA,32.5726,-84.2343
Butler,IL,39.2114,-89.5305
Butler,IN,41.4287,-84.8787
Butler,KY,38.8013,-84.3446
Butler,MD,39.533,-76.7432
Butler,MO,38.2712,-94.3137
Butler,NJ,40.9988,-74.4261
Butler,OH,40.5438,-82.399
Butler,OK,35.6336,-99.2427
Butler,PA,40.86267,-79.89617
Butler,TN,36.3282,-81.9856
Butler,WI,43.1054,-88.071
Butlerville,IN,39.0491,-85.4789
Butner,NC,36.1359,-78.7636
Butte,MT,45.96312,-112.62496
Butte,ND,47.8119,-100.6604
Butte,NE,42.9124,-98.8459
Butte City,CA,39.4568,-121.9515
Butte Des Morts,WI,44.1031,-88.6539
Butte Falls,OR,42.5492,-122.5638
Butterfield,MN,43.9654,-94.7956
Butterfield,MO,36.749,-93.9064
Butternut,WI,46.0184,-90.4821
Buttonwillow,CA,35.4033,-119.4659
Buttzville,NJ,40.8434,-74.9859
Buxton,ME,43.6379,-70.5189
Buxton,NC,35.2677,-75.5424
Buxton,ND,47.6163,-97.0893
Buxton,OR,45.737,-123.2146
Buzzards Bay,MA,41.6993,-70.5721
Byars,OK,34.8904,-97.0997
Bybee,TN,36.0482,-83.1793
Byers,CO,39.6985,-104.2019
Byers,KS,37.7847,-98.9017
Byers,TX,34.0728,-98.1839
Byesville,OH,39.9623,-81.5485
Byfield,MA,42.7568,-70.9351
Byhalia,MS,34.8854,-89.6763
Bylas,AZ,33.1265,-110.117
Bynum,AL,33.7622,-85.8378
Bynum,MT,47.99,-112.2762
Bynum,NC,35.7835,-79.1298
Bynum,TX,31.9907,-96.9837
Bypro,KY,37.3465,-82.7165
Byram,MS,32.1888,-90.2595
Byrdstown,TN,36.5709,-85.1456
Byrnedale,PA,41.2865,-78.5051
Byromville,GA,32.189,-83.9332
Byron,CA,37.8254,-121.6236
Byron,GA,32.6181,-83.789
Byron,IL,42.1292,-89.2659
Byron,MI,42.8059,-83.973
Byron,MN,44.0373,-92.6308
Byron,NE,40.0269,-97.7612
Byron,NY,43.0738,-78.0629
Byron,WY,44.7844,-108.544
Byron Center,MI,42.8016,-85.7136
Caballo,NM,32.9641,-107.4102
Cabazon,CA,33.9086,-116.7739
Cabery,IL,40.9819,-88.1921
Cabin Creek,WV,38.193,-81.4984
Cabin John,MD,38.9743,-77.1591
Cabins,WV,38.9512,-79.2783
Cable,OH,40.1784,-83.647
Cable,WI,46.2172,-91.2244
Cabool,MO,37.1314,-92.1144
Cabot,AR,34.9457,-92.0318
Cabot,PA,40.7924,-79.76
Cabot,VT,44.4042,-72.3064
Cache,OK,34.6131,-98.6154
Cache Junction,UT,41.8169,-111.9982
Cactus,TX,36.0412,-102.0007
Caddo,OK,34.1157,-96.26
Caddo,TX,32.6886,-98.659
Caddo Gap,AR,34.3913,-93.7637
Caddo Mills,TX,33.0683,-96.2391
Cade,LA,30.0797,-91.9114
Cades,SC,33.7886,-79.848
Cadet,MO,38.0125,-90.7439
Cadillac,MI,44.2504,-85.43
Cadiz,KY,36.802,-87.8286
Cadiz,OH,40.2632,-81.0307
Cadogan,PA,40.7539,-79.5798
Cadott,WI,44.963,-91.1699
Cadwell,GA,32.3174,-83.0268
Cadyville,NY,44.6862,-73.6702
Cahone,CO,37.7182,-108.7917
Cainsville,MO,40.4578,-93.759
Cairnbrook,PA,40.1149,-78.7851
Cairo,GA,30.9148,-84.208
Cairo,IL,37.0123,-89.1811
Cairo,MO,39.5114,-92.44
Cairo,NE,41.0002,-98.6165
Cairo,NY,42.3096,-74.0115
Cairo,OH,40.8304,-84.0852
Cairo,WV,39.2325,-81.1554
Cal Nev Ari,NV,35.2522,-114.8714
Calabasas,CA,34.14985,-118.65125
Calabash,NC,33.9047,-78.5744
Calais,ME,45.1715,-67.2641
Calais,VT,44.3934,-72.4741
Calamus,IA,41.8111,-90.7416
Calcium,NY,44.0265,-75.8499
Calder,ID,47.3219,-116.0703
Caldwell,AR,35.0562,-90.8288
Caldwell,ID,43.66873,-116.74967
Caldwell,KS,37.0452,-97.6247
Caldwell,NJ,40.84715,-74.2777
Caldwell,OH,39.7467,-81.5153
Caldwell,TX,30.5298,-96.7143
Caldwell,WV,37.7807,-80.394
Cale,AR,33.7008,-93.2941
Caledonia,IL,42.3835,-88.9185
Caledonia,MI,42.8187,-85.5244
Caledonia,MN,43.6221,-91.4837
Caledonia,MO,37.7639,-90.7409
Caledonia,MS,33.6865,-88.3145
Caledonia,ND,47.4776,-96.879
Caledonia,NY,42.9567,-77.8493
Caledonia,OH,40.6272,-82.9925
Caledonia,WI,42.8295,-87.9228
Calera,AL,33.1098,-86.756
Calera,OK,33.9322,-96.4308
Calexico,CA,32.68105,-115.50085
Calhan,CO,38.9648,-104.3553
Calhoun,GA,34.49955,-84.9428
Calhoun,IL,38.6351,-88.0037
Calhoun,KY,37.575,-87.2773
Calhoun,LA,32.5248,-92.3299
Calhoun,MO,38.4858,-93.6459
Calhoun,TN,35.3228,-84.7364
Calhoun City,MS,33.8408,-89.3178
Calhoun Falls,SC,34.0999,-82.5805
Calico Rock,AR,36.1202,-92.1867
Caliente,CA,35.3701,-118.4612
Caliente,NV,37.6128,-114.5097
Califon,NJ,40.7162,-74.8152
California,KY,38.9056,-84.3171
California,MD,38.3006,-76.5312
California,MO,38.6224,-92.5456
California,PA,40.0625,-79.8953
California City,CA,35.15745,-117.92525
California Hot Springs,CA,35.8818,-118.6561
Calimesa,CA,33.9946,-117.043
Calion,AR,33.3261,-92.5464
Calipatria,CA,33.167,-115.5114
Calistoga,CA,38.5823,-122.5814
Call,TX,30.5741,-93.8334
Callahan,CA,41.3833,-122.764
Callahan,FL,30.552,-81.8145
Callands,VA,36.7647,-79.6288
Callao,MO,39.7448,-92.6351
Callao,VA,37.9773,-76.5732
Callaway,MD,38.2275,-76.521
Callaway,MN,47.0076,-95.944
Callaway,NE,41.2485,-99.9932
Callaway,VA,37.0285,-80.0496
Callender,IA,42.3494,-94.282
Callensburg,PA,41.1259,-79.5584
Callery,PA,40.7406,-80.0364
Callicoon,NY,41.7673,-75.0563
Callicoon Center,NY,41.8368,-74.9466
Calliham,TX,28.4805,-98.3503
Calmar,IA,43.1974,-91.9126
Calpella,CA,39.2214,-123.2154
Calpine,CA,39.6139,-120.4046
Calumet,IA,42.9444,-95.5515
Calumet,MI,47.2439,-88.4588
Calumet,MN,47.3229,-93.2763
Calumet,OK,35.5476,-98.1512
Calumet,PA,40.2109,-79.4853
Calumet City,IL,41.6153,-87.5483
Calvary,GA,30.7462,-84.3125
Calvert,AL,31.1552,-88.01
Calvert,TX,30.9782,-96.6711
Calvert City,KY,37.0147,-88.3811
Calverton,NY,40.9297,-72.7423
Calverton,VA,38.6338,-77.6869
Calvin,KY,36.7223,-83.6221
Calvin,LA,31.9657,-92.7757
Calvin,ND,48.851,-98.8808
Calvin,OK,34.878,-96.271
Calvin,PA,40.3367,-78.0272
Calvin,WV,38.3368,-80.7145
Calypso,NC,35.1538,-78.1053
Camak,GA,33.4535,-82.646
Camanche,IA,41.7886,-90.2709
Camano Island,WA,48.1761,-122.521
Camargo,IL,39.8,-88.1468
Camargo,OK,36.0212,-99.2781
Camarillo,CA,34.22317,-119.02353
Camas,WA,45.6058,-122.4142
Camas Valley,OR,43.0557,-123.6655
Cambra,PA,41.1981,-76.3058
Cambria,CA,35.5566,-121.084
Cambria,IL,37.7814,-89.1192
Cambria,WI,43.5724,-89.1156
Cambria Heights,NY,40.6947,-73.7374
Cambridge,IA,41.9025,-93.5305
Cambridge,ID,44.5922,-116.6757
Cambridge,IL,41.3114,-90.1805
Cambridge,KS,37.3161,-96.6645
Cambridge,MA,42.37345,-71.10597
Cambridge,MD,38.5643,-76.0874
Cambridge,ME,45.0513,-69.4419
Cambridge,MN,45.5576,-93.2889
Cambridge,NE,40.2808,-100.1676
Cambridge,NY,43.0466,-73.3814
Cambridge,OH,40.027,-81.582
Cambridge,VT,44.6222,-72.8812
Cambridge,WI,42.9918,-89.0209
Cambridge City,IN,39.8182,-85.1685
Cambridge Springs,PA,41.8034,-80.0594
Cambridgeport,VT,43.1515,-72.5604
Camby,IN,39.6405,-86.3118
Camden,AL,32.0047,-87.295
Camden,AR,33.5919,-92.84695
Camden,IL,40.1511,-90.7544
Camden,IN,40.5996,-86.5152
Camden,ME,44.2137,-69.0767
Camden,MI,41.7361,-84.7245
Camden,MO,39.2048,-94.0259
Camden,MS,32.7853,-89.8698
Camden,NC,36.325,-76.15
Camden,NJ,39.93584,-75.10882
Camden,NY,43.3392,-75.7543
Camden,OH,39.6134,-84.61
Camden,SC,34.2835,-80.59995
Camden,TN,36.0556,-88.1119
Camden,TX,30.9,-94.7547
Camden,WV,39.0893,-80.5915
Camden On Gauley,WV,38.3871,-80.5907
Camden Point,MO,39.4515,-94.7444
Camden Wyoming,DE,39.0991,-75.5966
Camdenton,MO,38.0185,-92.7677
Cameron,AZ,35.9922,-111.5038
Cameron,IL,40.889,-90.5001
Cameron,LA,29.7911,-93.438
Cameron,MO,39.7309,-94.2437
Cameron,MT,45.139,-111.6508
Cameron,NC,35.3106,-79.3472
Cameron,NY,42.2128,-77.4403
Cameron,OH,39.7687,-80.9454
Cameron,OK,35.1494,-94.506
Cameron,SC,33.5703,-80.7081
Cameron,TX,30.8527,-96.9766
Cameron,WI,45.4038,-91.731
Cameron,WV,39.8227,-80.5669
Cameron Mills,NY,42.1925,-77.365
Camilla,GA,31.2199,-84.2297
Camillus,NY,43.0417,-76.2807
Camino,CA,38.747,-120.6743
Camp,AR,36.4025,-91.7262
Camp Creek,WV,37.4841,-81.1111
Camp Crook,SD,45.6402,-104.0278
Camp Dennison,OH,39.1962,-84.2897
Camp Douglas,WI,43.9885,-90.2393
Camp Grove,IL,41.078,-89.6332
Camp H M Smith,HI,21.3967,-157.8994
Camp Hill,AL,32.7827,-85.6474
Camp Hill,PA,40.24018,-76.92753
Camp Lake,WI,42.536,-88.1444
Camp Lejeune,NC,34.67745,-77.41255
Camp Meeker,CA,38.425,-122.9485
Camp Murray,WA,47.0662,-122.1132
Camp Nelson,CA,36.1427,-118.6093
Camp Pendleton,CA,33.2433,-117.3768
Camp Point,IL,40.0293,-91.0769
Camp Sherman,OR,44.4604,-121.6412
Camp Verde,AZ,34.5697,-111.8551
Camp Wood,TX,29.6795,-100.0084
Campaign,TN,35.7734,-85.6192
Campbell,AL,31.9213,-88.008
Campbell,CA,37.28717,-121.95327
Campbell,MN,46.1402,-96.4433
Campbell,MO,36.5197,-90.0829
Campbell,NE,40.2967,-98.737
Campbell,NY,42.2386,-77.2066
Campbell,OH,41.0778,-80.5897
Campbell,TX,33.151,-95.9439
Campbell Hall,NY,41.443,-74.2505
Campbell Hill,IL,37.9228,-89.5799
Campbellsburg,IN,38.669,-86.2358
Campbellsburg,KY,38.5231,-85.1611
Campbellsport,WI,43.6042,-88.2729
Campbellsville,KY,37.34225,-85.3406
Campbellton,FL,30.9563,-85.3766
Campbellton,TX,28.767,-98.2566
Campbelltown,PA,40.2776,-76.5852
Campo,CA,32.6605,-116.4905
Campo,CO,37.1195,-102.5464
Campo Seco,CA,38.2271,-120.8533
Campobello,SC,35.108,-82.1403
Campti,LA,31.8959,-93.0936
Campton,KY,37.7287,-83.494
Campton,NH,43.8418,-71.6652
Camptonville,CA,39.4518,-121.0486
Camptown,PA,41.7312,-76.2347
Campus,IL,41.0248,-88.3072
Cana,VA,36.5957,-80.6705
Canaan,CT,42.0248,-73.3232
Canaan,IN,38.887,-85.2213
Canaan,ME,44.745,-69.5498
Canaan,NH,43.6601,-72.0297
Canaan,NY,42.4132,-73.4159
Canaan,VT,44.9764,-71.5602
Canada,KY,37.5899,-82.3308
Canadensis,PA,41.2338,-75.2573
Canadian,OK,35.1571,-95.6215
Canadian,TX,35.9045,-100.3841
Canadys,SC,33.0614,-80.6312
Canajoharie,NY,42.8671,-74.5956
Canal Fulton,OH,40.8887,-81.5773
Canal Point,FL,26.8592,-80.6337
Canal Winchester,OH,39.8349,-82.8044
Canalou,MO,36.7504,-89.6918
Canandaigua,NY,42.8689,-77.2846
Canaseraga,NY,42.4585,-77.7954
Canastota,NY,43.0878,-75.7602
Canby,CA,41.4664,-120.9218
Canby,MN,44.7202,-96.2784
Canby,OR,45.2514,-122.6832
Candia,NH,43.0585,-71.3049
Candler,FL,29.0607,-81.969
Candler,NC,35.5376,-82.7001
Cando,ND,48.4867,-99.2099
Candor,NC,35.2234,-79.7876
Candor,NY,42.2063,-76.3322
Cane Valley,KY,37.1803,-85.3197
Caneadea,NY,42.364,-78.184
Canehill,AR,35.8477,-94.4441
Caney,KS,37.0224,-95.9091
Caney,OK,34.2221,-96.2584
Caneyville,KY,37.4222,-86.4702
Canfield,OH,41.0293,-80.7564
Canisteo,NY,42.2635,-77.5897
Canistota,SD,43.5856,-97.2889
Canjilon,NM,36.4795,-106.4378
Canmer,KY,37.2696,-85.7203
Cannel City,KY,37.7901,-83.2741
Cannelburg,IN,38.6698,-86.9983
Cannelton,IN,37.9495,-86.7156
Cannelton,WV,38.1943,-81.2959
Cannon,KY,36.9195,-83.851
Cannon Afb,NM,34.3841,-103.3154
Cannon Ball,ND,46.3874,-100.5975
Cannon Beach,OR,45.8918,-123.9615
Cannon Falls,MN,44.496,-92.864
Cannonsburg,MI,43.0712,-85.4809
Cannonville,UT,37.5396,-112.0451
Canoga Park,CA,34.2053,-118.6014
Canon,GA,34.3478,-83.1267
Canon City,CO,38.46135,-105.3472
Canones,NM,36.1814,-106.4376
Canonsburg,PA,40.2706,-80.1668
Canova,SD,43.8855,-97.5342
Canterbury,CT,41.6844,-72.001
Canterbury,NH,43.357,-71.557
Cantil,CA,35.3089,-117.9684
Canton,CT,41.8384,-72.8987
Canton,GA,34.22793,-84.46707
Canton,IL,40.5601,-90.0242
Canton,KS,38.3858,-97.4291
Canton,MA,42.1645,-71.1355
Canton,ME,44.4602,-70.2998
Canton,MI,42.3115,-83.46725
Canton,MN,43.5667,-91.913
Canton,MO,40.1437,-91.548
Canton,MS,32.6205,-90.0061
Canton,NC,35.5127,-82.8413
Canton,NY,44.5924,-75.1628
Canton,OH,40.81477,-81.3829
Canton,OK,36.0372,-98.5778
Canton,PA,41.6538,-76.8582
Canton,SD,43.3038,-96.5938
Canton,TX,32.5143,-95.9047
Canton Center,CT,41.8539,-72.9028
Cantonment,FL,30.6143,-87.3251
Cantrall,IL,39.9169,-89.6891
Cantril,IA,40.6546,-92.0465
Cantua Creek,CA,36.4921,-120.3353
Cantwell,AK,63.3955,-148.8973
Canute,OK,35.4037,-99.2816
Canutillo,TX,31.9344,-106.5929
Canvas,WV,38.2624,-80.7446
Canyon,CA,37.8339,-122.165
Canyon,MN,47.0785,-92.4594
Canyon,TX,34.97875,-101.92175
Canyon City,OR,44.3911,-118.9465
Canyon Country,CA,34.4209,-118.449
Canyon Creek,MT,46.7627,-112.2795
Canyon Dam,CA,39.5645,-121.5751
Canyon Lake,TX,29.9112,-98.2374
Canyonville,OR,42.9307,-123.278
Capac,MI,43.0263,-82.9298
Capay,CA,38.7209,-122.0912
Cape Canaveral,FL,28.3903,-80.6043
Cape Charles,VA,37.2799,-75.9721
Cape Coral,FL,26.62526,-81.97116
Cape Elizabeth,ME,43.6017,-70.2301
Cape Fair,MO,36.7311,-93.5674
Cape Girardeau,MO,37.32447,-89.52447
Cape May,NJ,38.9711,-74.9214
Cape May Court House,NJ,39.1378,-74.7806
Cape May Point,NJ,38.9372,-74.9654
Cape Neddick,ME,43.2133,-70.6397
Cape Porpoise,ME,43.3657,-70.6044
Cape Vincent,NY,44.1244,-76.3164
Capeville,VA,37.2019,-75.9524
Capistrano Beach,CA,33.46,-117.6632
Capitan,NM,33.5602,-105.5269
Capitol,MT,45.4361,-104.0655
Capitol Heights,MD,38.85512,-76.88828
Capitola,CA,36.9767,-121.9555
Caplinger Mills,MO,37.7942,-93.8044
Capon Bridge,WV,39.2802,-78.4644
Capon Springs,WV,39.1362,-78.4845
Caprock,NM,33.3939,-103.639
Capron,IL,42.4087,-88.7465
Capron,VA,36.7243,-77.2394
Capshaw,AL,34.7731,-86.7928
Captain Cook,HI,19.4386,-155.8875
Captiva,FL,26.5215,-82.1802
Capulin,CO,37.2839,-106.1114
Capulin,NM,36.7785,-103.9986
Caputa,SD,43.9481,-102.7935
Caratunk,ME,45.241,-69.9386
Caraway,AR,35.759,-90.3358
Carbon,IA,41.0487,-94.8231
Carbon,IN,39.5913,-87.1132
Carbon,TX,32.2701,-98.8348
Carbon Cliff,IL,41.4948,-90.3907
Carbon Hill,AL,33.9093,-87.5403
Carbon Hill,OH,39.5045,-82.2429
Carbonado,WA,47.0802,-122.0513
Carbondale,CO,39.2511,-107.2044
Carbondale,IL,37.68467,-89.20363
Carbondale,KS,38.8206,-95.6871
Carbondale,OH,39.3778,-82.271
Carbondale,PA,41.5831,-75.5056
Cardale,PA,39.9567,-79.8662
Cardiff By The Sea,CA,33.023,-117.2745
Cardin,OK,36.9795,-94.8557
Cardinal,VA,37.4128,-76.3616
Cardington,OH,40.5066,-82.9337
Cardwell,MO,36.0434,-90.2907
Cardwell,MT,45.8941,-111.7809
Carefree,AZ,33.824,-111.913
Carencro,LA,30.3244,-92.0423
Caret,VA,37.9826,-76.9614
Carey,ID,43.2744,-113.8926
Carey,OH,40.9486,-83.3836
Careywood,ID,48.0482,-116.5939
Caribou,ME,46.8706,-68.0204
Carl Junction,MO,37.1795,-94.555
Carle Place,NY,40.7512,-73.6119
Carleton,MI,42.0529,-83.3755
Carleton,NE,40.3005,-97.6719
Carlin,NV,40.7172,-116.1082
Carlinville,IL,39.2885,-89.8661
Carlisle,AR,34.7933,-91.7459
Carlisle,IA,41.4814,-93.4921
Carlisle,IN,38.9763,-87.3667
Carlisle,KY,38.3212,-84.0279
Carlisle,MA,42.5286,-71.3519
Carlisle,NY,42.7648,-74.4569
Carlisle,PA,40.20945,-77.21475
Carlisle,SC,34.567,-81.4814
Carlock,IL,40.6029,-89.1098
Carlos,MN,45.9726,-95.3105
Carlotta,CA,40.507,-123.9743
Carlsbad,CA,33.14048,-117.31388
Carlsbad,NM,32.37695,-104.2666
Carlsbad,TX,31.6266,-100.6694
Carlsborg,WA,48.0906,-123.1721
Carlstadt,NJ,40.8403,-74.0925
Carlton,GA,33.9852,-83.0038
Carlton,MN,46.6484,-92.471
Carlton,OR,45.2859,-123.1523
Carlton,PA,41.4815,-80.0203
Carlton,TX,31.8949,-98.1842
Carlton,WA,48.2526,-120.1055
Carlyle,IL,38.6066,-89.3805
Carman,IL,40.7551,-91.0564
Carmel,CA,36.5445,-121.9106
Carmel,IN,40.00603,-86.08657
Carmel,ME,44.8053,-68.9942
Carmel,NY,41.4432,-73.6815
Carmel By The Sea,CA,36.5552,-121.9233
Carmel Valley,CA,36.4787,-121.7244
Carmen,ID,45.255,-113.8573
Carmen,OK,36.5842,-98.4578
Carmi,IL,38.0808,-88.167
Carmichael,CA,38.62705,-121.32795
Carmichaels,PA,39.8825,-79.971
Carmine,TX,30.1404,-96.6861
Carnation,WA,47.638,-121.9111
Carnegie,OK,35.1235,-98.5755
Carnegie,PA,40.4029,-80.0915
Carnelian Bay,CA,39.2319,-120.0753
Carnesville,GA,34.3631,-83.2547
Carney,MI,45.5917,-87.5439
Carney,OK,35.8054,-97.0159
Caro,MI,43.4833,-83.3835
Caroga Lake,NY,43.1922,-74.5169
Carol Stream,IL,41.87698,-88.11212
Caroleen,NC,35.281,-81.7962
Carolina,RI,41.4691,-71.6751
Carolina,WV,39.4782,-80.272
Carolina Beach,NC,34.0366,-77.8963
Caroline,WI,44.7276,-88.8887
Carp Lake,MI,45.7424,-84.7735
Carpenter,IA,43.415,-93.0149
Carpenter,SD,44.6648,-97.9168
Carpenter,WY,41.0428,-104.2765
Carpentersville,IL,42.123,-88.2606
Carpinteria,CA,34.40125,-119.5184
Carpio,ND,48.4323,-101.7119
Carr,CO,40.8666,-104.8859
Carrabelle,FL,29.8692,-84.6358
Carrboro,NC,35.9055,-79.0901
Carrie,KY,37.3318,-83.0327
Carrier,OK,36.4922,-98.0422
Carrier Mills,IL,37.6842,-88.6328
Carriere,MS,30.6178,-89.5779
Carrington,ND,47.4573,-98.8933
Carrizo Springs,TX,28.5278,-99.8635
Carrizozo,NM,33.6496,-105.8696
Carroll,IA,42.072,-94.8667
Carroll,NE,42.277,-97.1926
Carroll,OH,39.7957,-82.7084
Carrolls,WA,46.0715,-122.8648
Carrollton,AL,33.2485,-88.1321
Carrollton,GA,33.59106,-85.076
Carrollton,IL,39.3009,-90.4092
Carrollton,KY,38.6696,-85.173
Carrollton,MI,43.4586,-83.9303
Carrollton,MO,39.3673,-93.4926
Carrollton,MS,33.5208,-89.9506
Carrollton,OH,40.5787,-81.0818
Carrollton,TX,32.98828,-96.88313
Carrollton,VA,36.955,-76.543
Carrolltown,PA,40.5891,-78.7037
Carrsville,VA,36.7454,-76.8365
Carson,CA,33.83486,-118.2593
Carson,IA,41.2367,-95.4181
Carson,MS,31.4814,-89.8279
Carson,ND,46.4624,-101.5387
Carson,NM,36.3645,-105.7653
Carson,VA,37.0393,-77.4351
Carson,WA,45.7493,-121.8351
Carson City,MI,43.1695,-84.8653
Carson City,NV,39.15535,-119.77234
Carsonville,MI,43.4258,-82.6022
Carter,KY,38.4339,-83.1336
Carter,MT,47.781,-110.9786
Carter,OK,35.2208,-99.4822
Carter Lake,IA,41.2925,-95.9141
Carteret,NJ,40.5823,-74.2313
Cartersville,GA,34.19745,-84.79385
Cartersville,VA,37.6479,-78.1389
Carterville,IL,37.7748,-89.0978
Carterville,MO,37.1507,-94.4359
Carthage,AR,34.0751,-92.5554
Carthage,IL,40.4129,-91.1005
Carthage,IN,39.7466,-85.5754
Carthage,MO,37.1597,-94.3112
Carthage,MS,32.7852,-89.5241
Carthage,NC,35.3061,-79.3969
Carthage,NY,43.9791,-75.6013
Carthage,SD,44.1496,-97.7116
Carthage,TN,36.2763,-85.9517
Carthage,TX,32.1544,-94.3527
Cartwright,ND,47.7992,-103.9487
Cartwright,OK,33.8668,-96.5672
Caruthers,CA,36.5358,-119.8446
Caruthersville,MO,36.1802,-89.6683
Carver,MA,41.8883,-70.7678
Carver,MN,44.7169,-93.6879
Carversville,PA,40.3865,-75.0627
Carville,LA,30.2184,-91.0925
Cary,IL,42.2196,-88.2426
Cary,MS,32.806,-90.9268
Cary,NC,35.78104,-78.81454
Caryville,FL,30.7123,-85.8014
Caryville,TN,36.3028,-84.203
Casa,AR,35.0322,-93.047
Casa Blanca,NM,35.0456,-107.4714
Casa Grande,AZ,32.86485,-111.7207
Casanova,VA,38.6543,-77.7025
Casar,NC,35.5145,-81.6357
Cascade,CO,38.8967,-104.9722
Cascade,IA,42.287,-91.0144
Cascade,ID,44.6927,-115.6417
Cascade,MD,39.6958,-77.4955
Cascade,MO,37.2995,-90.2693
Cascade,MT,47.2912,-111.7223
Cascade,VA,36.5927,-79.6574
Cascade,WI,43.6591,-88.0947
Cascade Locks,OR,45.671,-121.8686
Cascadia,OR,44.3973,-122.4817
Cascilla,MS,33.9079,-90.0362
Casco,ME,43.9596,-70.526
Casco,MI,42.7674,-82.6728
Casco,WI,44.5833,-87.6231
Caseville,MI,43.9429,-83.2659
Casey,IA,41.505,-94.5194
Casey,IL,39.3017,-87.9913
Caseyville,IL,38.6345,-90.0135
Cash,AR,35.8301,-90.941
Cashiers,NC,35.0971,-83.0871
Cashion,AZ,33.4353,-112.2979
Cashion,OK,35.8,-97.6795
Cashmere,WA,47.5173,-120.5033
Cashton,WI,43.7456,-90.7612
Cashtown,PA,39.8906,-77.3566
Casmalia,CA,34.8458,-120.535
Casnovia,MI,43.2381,-85.8254
Cason,TX,33.024,-94.8249
Caspar,CA,39.3629,-123.7944
Casper,WY,42.85374,-106.33138
Caspian,MI,46.0643,-88.6329
Cass,WV,38.388,-79.9906
Cass City,MI,43.5797,-83.1733
Cass Lake,MN,47.3516,-94.6119
Cassadaga,FL,28.9664,-81.2371
Cassadaga,NY,42.3504,-79.2993
Cassandra,PA,40.4085,-78.6407
Cassatt,SC,34.3424,-80.5
Casscoe,AR,34.5095,-91.299
Cassel,CA,40.9337,-121.5677
Casselberry,FL,28.68593,-81.29243
Casselton,ND,46.8992,-97.2138
Cassoday,KS,38.0298,-96.6746
Cassopolis,MI,41.8968,-85.9923
Casstown,OH,40.0716,-84.1088
Cassville,GA,34.2442,-84.8457
Cassville,MO,36.6784,-93.8467
Cassville,NY,42.9069,-75.2607
Cassville,PA,40.294,-78.0272
Cassville,WI,42.7288,-90.9608
Cassville,WV,39.6656,-80.0637
Castaic,CA,34.4858,-118.62415
Castalia,IA,43.1361,-91.6643
Castalia,NC,36.0901,-78.0705
Castalia,OH,41.3872,-82.7994
Castalian Springs,TN,36.3806,-86.3107
Castana,IA,42.0744,-95.9086
Castanea,PA,41.1227,-77.4317
Castell,TX,30.701,-98.9564
Castella,CA,41.1103,-122.3161
Castile,NY,42.6359,-78.0547
Castine,ME,44.4143,-68.79545
Castle,OK,35.4732,-96.3791
Castle Creek,NY,42.2568,-75.9087
Castle Dale,UT,39.2122,-111.0196
Castle Hayne,NC,34.3236,-77.9108
Castle Point,NY,41.5462,-73.9596
Castle Rock,CO,39.394,-104.87017
Castle Rock,MN,44.5472,-93.1531
Castle Rock,WA,46.2783,-122.9139
Castleberry,AL,31.2991,-87.0225
Castleford,ID,42.521,-114.8734
Castleton,IL,41.1183,-89.7071
Castleton,VA,38.6032,-78.1208
Castleton,VT,43.6223,-73.1708
Castleton On Hudson,NY,42.5376,-73.7071
Castlewood,SD,44.7313,-97.0204
Castlewood,VA,36.8764,-82.2876
Castor,LA,32.2452,-93.0936
Castorland,NY,43.8843,-75.4604
Castro Valley,CA,37.7073,-122.05815
Castroville,CA,36.7658,-121.758
Castroville,TX,29.3553,-98.8824
Cat Spring,TX,29.7512,-96.39
Cataldo,ID,47.5522,-116.4431
Catalina,AZ,32.5056,-110.9211
Cataract,WI,44.0876,-90.8423
Catarina,TX,28.3598,-99.586
Catasauqua,PA,40.6557,-75.4693
Cataula,GA,32.6242,-84.9207
Cataumet,MA,41.6694,-70.6234
Catawba,NC,35.6757,-81.0503
Catawba,OH,39.9991,-83.6222
Catawba,SC,34.8507,-80.9342
Catawba,VA,37.3696,-80.1284
Catawba,WI,45.5081,-90.5146
Catawissa,MO,38.4047,-90.7806
Catawissa,PA,40.918,-76.4416
Catharine,KS,38.9276,-99.2161
Catharpin,VA,38.8543,-77.5719
Cathay,ND,47.6289,-99.4049
Cathedral City,CA,33.79475,-116.4659
Catherine,AL,32.182,-87.4836
Catheys Valley,CA,37.4404,-120.1438
Cathlamet,WA,46.1954,-123.3627
Catlett,VA,38.637,-77.6383
Catlettsburg,KY,38.3799,-82.6321
Catlin,IL,40.0699,-87.7113
Cato,NY,43.1794,-76.5648
Catonsville,MD,39.2782,-76.7401
Catoosa,OK,36.1721,-95.7273
Catron,MO,36.6876,-89.7706
Catskill,NY,42.2276,-73.8985
Cattaraugus,NY,42.3333,-78.8885
Caulfield,MO,36.6035,-92.0678
Causey,NM,33.7781,-103.0865
Cavalier,ND,48.7935,-97.7143
Cave City,AR,35.9517,-91.5444
Cave City,KY,37.117,-85.9443
Cave Creek,AZ,33.8592,-111.94285
Cave In Rock,IL,37.4692,-88.1653
Cave Junction,OR,42.1348,-123.6272
Cave Spring,GA,34.1167,-85.3379
Cave Springs,AR,36.2738,-94.2183
Cavendish,VT,43.3766,-72.6092
Cavetown,MD,39.6473,-77.5842
Cavour,SD,44.365,-98.0208
Cawker City,KS,39.5115,-98.4335
Cawood,KY,36.7812,-83.2914
Cayce,SC,33.9626,-81.0671
Cayucos,CA,35.4446,-120.8908
Cayuga,IN,39.93,-87.459
Cayuga,ND,46.1326,-97.4059
Cayuga,NY,42.9142,-76.7024
Cayuga,TX,31.9571,-95.9747
Cayuta,NY,42.2774,-76.6974
Cazadero,CA,38.5918,-123.1965
Cazenovia,NY,42.938,-75.8392
Cazenovia,WI,43.4987,-90.2796
Cebolla,NM,36.4654,-106.5785
Cecil,AL,32.2937,-85.9827
Cecil,AR,35.4252,-94.0409
Cecil,GA,31.0403,-83.3915
Cecil,OH,41.2174,-84.6296
Cecil,PA,40.3234,-80.1879
Cecil,WI,44.811,-88.4183
Cecilia,KY,37.669,-86.0545
Cecilia,LA,30.3364,-91.8492
Cecilton,MD,39.4015,-75.8654
Cedar,IA,41.2121,-92.509
Cedar,KS,39.6602,-98.9369
Cedar,MI,44.8605,-85.8138
Cedar,MN,45.3414,-93.235
Cedar Bluff,AL,34.2417,-85.6026
Cedar Bluff,VA,37.0876,-81.759
Cedar Bluffs,NE,41.3835,-96.5691
Cedar Brook,NJ,39.7154,-74.9007
Cedar City,UT,37.6775,-113.0619
Cedar Creek,NE,41.0425,-96.1044
Cedar Creek,TX,30.0966,-97.4976
Cedar Crest,NM,35.1285,-106.3617
Cedar Falls,IA,42.49695,-92.3796
Cedar Falls,NC,35.8028,-79.8797
Cedar Glen,CA,34.2545,-117.1533
Cedar Grove,IN,39.3459,-84.8924
Cedar Grove,NC,36.202,-79.1666
Cedar Grove,NJ,40.8534,-74.2297
Cedar Grove,TN,35.8613,-88.5517
Cedar Grove,WI,43.5751,-87.8401
Cedar Grove,WV,38.2212,-81.4279
Cedar Hill,MO,38.3573,-90.6498
Cedar Hill,TN,36.5514,-86.9992
Cedar Hill,TX,32.5885,-96.94995
Cedar Island,NC,35.0082,-76.316
Cedar Key,FL,29.171,-83.0168
Cedar Knolls,NJ,40.8223,-74.4569
Cedar Lake,IN,41.3713,-87.4764
Cedar Lake,MI,43.4138,-84.9753
Cedar Lane,TX,28.9386,-95.7366
Cedar Mountain,NC,35.1508,-82.6374
Cedar Park,TX,30.5052,-97.8203
Cedar Point,IL,41.2617,-89.1237
Cedar Point,KS,38.26,-96.8228
Cedar Rapids,IA,42.03738,-91.63589
Cedar Rapids,NE,41.5564,-98.1554
Cedar Ridge,CA,39.1988,-121.02
Cedar Run,PA,41.5299,-77.4917
Cedar Springs,GA,31.1745,-85.037
Cedar Springs,MI,43.2215,-85.5452
Cedar Vale,KS,37.1265,-96.4701
Cedar Valley,UT,40.2959,-112.0923
Cedarbluff,MS,33.6162,-88.8267
Cedarburg,WI,43.3034,-88.0029
Cedarcreek,MO,36.571,-93.0172
Cedaredge,CO,38.9119,-107.9268
Cedarhurst,NY,40.6236,-73.7264
Cedarpines Park,CA,34.2544,-117.3265
Cedars,PA,40.2174,-75.365
Cedartown,GA,34.0112,-85.2459
Cedarvale,NM,34.3706,-105.702
Cedarville,AR,35.603,-94.3749
Cedarville,CA,41.4759,-120.1516
Cedarville,IL,42.3761,-89.6365
Cedarville,MI,46.0024,-84.3488
Cedarville,NJ,39.337,-75.1994
Cedarville,OH,39.7484,-83.8013
Cedarville,WV,38.8451,-80.8323
Cee Vee,TX,34.2295,-100.4573
Celeste,TX,33.2649,-96.2076
Celestine,IN,38.3878,-86.7568
Celina,OH,40.5566,-84.6287
Celina,TN,36.5475,-85.4966
Celina,TX,33.3103,-96.7673
Celoron,NY,42.1095,-79.2831
Cement,OK,34.9321,-98.1466
Cement City,MI,42.0604,-84.3254
Centenary,SC,34.027,-79.3537
Centennial,WY,41.3391,-105.9945
Center,CO,37.7343,-106.0906
Center,KY,37.1177,-85.7038
Center,MO,39.5154,-91.5398
Center,ND,47.1459,-101.1594
Center,NE,42.5973,-97.867
Center,TX,31.7865,-94.1869
Center Barnstead,NH,43.3566,-71.2424
Center City,MN,45.4482,-92.7894
Center Conway,NH,43.9878,-71.0607
Center Cross,VA,37.7929,-76.7548
Center Harbor,NH,43.7107,-71.4797
Center Hill,FL,28.6635,-81.9963
Center Junction,IA,42.1161,-91.0871
Center Line,MI,42.4788,-83.0248
Center Lovell,ME,44.181,-70.8917
Center Moriches,NY,40.7997,-72.797
Center Ossipee,NH,43.7682,-71.1349
Center Point,IA,42.1898,-91.7758
Center Point,LA,31.2482,-92.2099
Center Point,TX,29.9441,-99.0364
Center Point,WV,39.4125,-80.6352
Center Ridge,AR,35.3981,-92.5582
Center Rutland,VT,43.6023,-73.017
Center Sandwich,NH,43.8162,-71.4506
Center Strafford,NH,43.2629,-71.1071
Center Tuftonboro,NH,43.6849,-71.2551
Center Valley,PA,40.5396,-75.4242
Centerbrook,CT,41.3474,-72.4173
Centerburg,OH,40.2865,-82.68
Centereach,NY,40.8705,-73.0822
Centerfield,UT,39.1251,-111.8185
Centerpoint,IN,39.391,-87.0935
Centerport,NY,40.8929,-73.3754
Centerport,PA,40.4858,-76.006
Centerton,AR,36.367,-94.3089
Centertown,KY,37.4079,-87.009
Centertown,MO,38.6297,-92.3995
Centerview,MO,38.7897,-93.8702
Centerville,AR,35.1018,-93.1773
Centerville,GA,32.6344,-83.6768
Centerville,IA,40.7326,-92.8728
Centerville,IN,39.8081,-85.0032
Centerville,KS,38.213,-94.9934
Centerville,LA,29.7523,-91.4397
Centerville,MA,41.65465,-70.35065
Centerville,MO,37.4285,-90.9757
Centerville,NY,42.4743,-78.2474
Centerville,PA,41.7243,-79.79
Centerville,SD,43.1176,-96.9636
Centerville,TN,35.7797,-87.4775
Centerville,TX,31.272,-95.9213
Centerville,UT,40.9268,-111.877
Centerville,WA,45.7032,-120.946
Centrahoma,OK,34.6066,-96.3386
Central,AK,65.4681,-144.7489
Central,AZ,32.8692,-109.7878
Central,IN,38.097,-86.1723
Central,SC,34.7401,-82.7947
Central,UT,37.4166,-113.6244
Central Bridge,NY,42.737,-74.3451
Central City,CO,39.8019,-105.5142
Central City,IA,42.1982,-91.4914
Central City,KY,37.3007,-87.1202
Central City,NE,41.1213,-98.0017
Central City,PA,40.0913,-78.8448
Central Falls,RI,41.8883,-71.3945
Central Islip,NY,40.7866,-73.1961
Central Lake,MI,45.0748,-85.2673
Central Point,OR,42.3899,-122.9222
Central Square,NY,43.309,-76.1849
Central Valley,NY,41.3268,-74.122
Central Village,CT,41.7229,-71.9067
Centralia,IL,38.5241,-89.1365
Centralia,KS,39.7381,-96.1486
Centralia,MO,39.1961,-92.1472
Centralia,TX,31.258,-95.0399
Centralia,WA,46.7246,-122.9671
Centre,AL,34.1116,-85.6092
Centre Hall,PA,40.8254,-77.6742
Centreville,AL,32.9503,-87.1192
Centreville,MD,39.0564,-76.045
Centreville,MI,41.9217,-85.4963
Centreville,MS,31.0893,-91.096
Centreville,VA,38.83203,-77.40387
Centuria,WI,45.4484,-92.5477
Century,FL,30.9687,-87.3216
Ceredo,WV,38.3965,-82.5588
Ceres,CA,37.5833,-120.9496
Ceres,NY,42.0137,-78.2648
Ceres,VA,37.0046,-81.3643
Ceresco,MI,42.2127,-85.1128
Ceresco,NE,41.0681,-96.6398
Cerrillos,NM,35.423,-106.1317
Cerritos,CA,33.8669,-118.0686
Cerro,NM,36.7539,-105.6128
Cerro Gordo,IL,39.8681,-88.7256
Cerro Gordo,NC,34.3025,-78.9216
Cerulean,KY,36.9496,-87.6648
Ceylon,MN,43.5382,-94.6149
Chacon,NM,36.1388,-105.3854
Chadbourn,NC,34.3223,-78.8267
Chadds Ford,PA,39.8648,-75.5885
Chadron,NE,42.8193,-102.9953
Chadwick,IL,41.9962,-89.8963
Chadwick,MO,36.922,-93.0451
Chadwicks,NY,43.0226,-75.2656
Chaffee,MO,37.1726,-89.6457
Chaffee,NY,42.5605,-78.5025
Chagrin Falls,OH,41.4183,-81.3678
Chalfont,PA,40.2892,-75.2149
Chalk Hill,PA,39.8451,-79.5991
Chalkyitsik,AK,66.6544,-143.7222
Challenge,CA,39.4685,-121.1936
Challis,ID,44.4969,-114.1946
Chalmers,IN,40.6693,-86.8626
Chalmette,LA,29.9571,-89.95625
Chama,CO,37.162,-105.3783
Chama,NM,36.8962,-106.5829
Chamberino,NM,32.0401,-106.6856
Chamberlain,ME,43.8843,-69.4792
Chamberlain,SD,43.80305,-99.32125
Chambers,AZ,35.2375,-109.5229
Chambers,NE,42.1916,-98.7378
Chambersburg,IL,39.8071,-90.663
Chambersburg,PA,39.91925,-77.64695
Chambersville,PA,40.7056,-79.1615
Chamisal,NM,36.1311,-105.7385
Chamois,MO,38.6527,-91.7697
Champaign,IL,40.11598,-88.2755
Champion,MI,46.4685,-87.8306
Champion,NE,40.46,-101.7485
Champion,PA,40.044,-79.3247
Champlain,NY,44.9773,-73.4466
Champlain,VA,38.0214,-76.9719
Champlin,MN,45.17,-93.3819
Chana,IL,41.9933,-89.2117
Chancellor,AL,31.1767,-85.8135
Chancellor,SD,43.408,-96.9827
Chandler,AZ,33.29259,-111.85024
Chandler,IN,38.0423,-87.3756
Chandler,MN,43.9163,-95.9296
Chandler,OK,35.7017,-96.8809
Chandler,TX,32.2572,-95.5393
Chandler Heights,AZ,33.2125,-111.697
Chandlers Valley,PA,41.9358,-79.3097
Chandlersville,OH,39.8897,-81.8301
Chandlerville,IL,40.0374,-90.1163
Changewater,NJ,40.7394,-74.9448
Chanhassen,MN,44.8679,-93.5359
Channahon,IL,41.4347,-88.2138
Channelview,TX,29.7914,-95.1317
Channing,MI,46.1546,-88.0772
Channing,TX,35.6837,-102.3302
Chantilly,VA,38.87203,-77.41457
Chanute,KS,37.6749,-95.457
Chaparral,NM,32.2239,-106.2631
Chapel Hill,NC,35.94408,-79.06082
Chapel Hill,TN,35.6354,-86.6836
Chapin,IA,42.8349,-93.2226
Chapin,IL,39.7716,-90.4113
Chapin,SC,34.1312,-81.3318
Chaplin,CT,41.8026,-72.1372
Chaplin,KY,37.9025,-85.2015
Chapman,AL,31.6427,-86.7343
Chapman,KS,38.9722,-97.017
Chapman,NE,40.9856,-98.2217
Chapman Ranch,TX,27.5988,-97.462
Chapmansboro,TN,36.3768,-87.1127
Chapmanville,WV,37.9737,-82.0174
Chappaqua,NY,41.1705,-73.7715
Chappell,KY,37.0098,-83.3494
Chappell,NE,41.0966,-102.4523
Chappell Hill,TX,30.1833,-96.2347
Chappells,SC,34.1856,-81.8644
Chaptico,MD,38.351,-76.7833
Chardon,OH,41.5719,-81.2056
Charenton,LA,29.8796,-91.5337
Chariton,IA,41.0226,-93.3042
Charlemont,MA,42.608,-72.8901
Charleroi,PA,40.1404,-79.92
Charles City,IA,43.0683,-92.6761
Charles City,VA,37.3663,-77.1082
Charles Town,WV,39.2771,-77.8563
Charleston,AR,35.3115,-94.0337
Charleston,IL,39.4869,-88.1761
Charleston,ME,45.067,-69.0869
Charleston,MO,36.9213,-89.3342
Charleston,MS,33.9726,-90.1116
Charleston,SC,32.82524,-79.92826
Charleston,TN,35.2556,-84.7666
Charleston,WV,38.34234,-81.61396
Charleston Afb,SC,32.8982,-80.0686
Charlestown,IN,38.4568,-85.6606
Charlestown,MA,42.3778,-71.0627
Charlestown,MD,39.5729,-75.9795
Charlestown,NH,43.2573,-72.4064
Charlestown,RI,41.4007,-71.6615
Charlevoix,MI,45.2654,-85.2297
Charlo,MT,47.4385,-114.1723
Charlotte,AR,35.8184,-91.4387
Charlotte,IA,41.9779,-90.4782
Charlotte,MI,42.5702,-84.8352
Charlotte,NC,35.22877,-80.82375
Charlotte,TN,36.2326,-87.2816
Charlotte,TX,28.8649,-98.707
Charlotte,VT,44.3113,-73.228
Charlotte Court House,VA,37.0879,-78.6378
Charlotte Hall,MD,38.475,-76.8038
Charlottesville,IN,39.8388,-85.6258
Charlottesville,VA,38.04715,-78.48194
Charlotteville,NY,42.533,-74.6819
Charlton,MA,42.1379,-71.9664
Charlton City,MA,42.1459,-71.9884
Charlton Depot,MA,42.1731,-71.9787
Charlton Heights,WV,38.1237,-81.234
Charm,OH,40.5071,-81.7829
Charmco,WV,38.0023,-80.737
Charter Oak,IA,42.0707,-95.5992
Chartley,MA,41.9487,-71.2259
Chase,KS,38.3635,-98.3556
Chase,LA,32.0971,-91.699
Chase,MD,39.3634,-76.3711
Chase,MI,43.8892,-85.6356
Chase City,VA,36.8053,-78.4553
Chase Mills,NY,44.8672,-75.073
Chaseburg,WI,43.6794,-91.0799
Chaseley,ND,47.449,-99.8241
Chaska,MN,44.8061,-93.6083
Chassell,MI,47.002,-88.5546
Chataignier,LA,30.5709,-92.3202
Chatawa,MS,31.1145,-90.4875
Chateaugay,NY,44.9088,-74.0741
Chatfield,MN,43.8362,-92.1574
Chatfield,OH,40.9542,-82.9432
Chatfield,TX,32.2954,-96.3887
Chatham,IL,39.6737,-89.7112
Chatham,LA,32.2922,-92.4374
Chatham,MA,41.6889,-69.9722
Chatham,MI,46.3477,-86.929
Chatham,MS,33.1007,-91.0979
Chatham,NJ,40.7305,-74.4017
Chatham,NY,42.3496,-73.5873
Chatham,PA,39.8524,-75.8118
Chatham,VA,36.831,-79.4297
Chatom,AL,31.4876,-88.2699
Chatsworth,CA,34.25775,-118.5963
Chatsworth,GA,34.7589,-84.7943
Chatsworth,IA,42.9163,-96.5145
Chatsworth,IL,40.7484,-88.2937
Chatsworth,NJ,39.8019,-74.5256
Chattahoochee,FL,30.6834,-84.828
Chattanooga,OK,34.4262,-98.6514
Chattanooga,TN,35.04139,-85.28351
Chattaroy,WA,47.9192,-117.2921
Chattaroy,WV,37.7047,-82.2739
Chaumont,NY,44.0848,-76.1232
Chauncey,GA,32.1046,-83.0646
Chauncey,OH,39.4002,-82.1302
Chauncey,WV,37.7662,-81.9876
Chautauqua,KS,37.0262,-96.1783
Chautauqua,NY,42.2098,-79.4667
Chauvin,LA,29.4634,-90.598
Chavies,KY,37.3479,-83.3563
Chazy,NY,44.8884,-73.4501
Chebanse,IL,41.0254,-87.8959
Chebeague Island,ME,43.7354,-70.1169
Cheboygan,MI,45.608,-84.4867
Check,VA,37.0446,-80.228
Checotah,OK,35.4358,-95.535
Chefornak,AK,60.1537,-164.2103
Chehalis,WA,46.6382,-122.9658
Chelan,WA,47.8483,-120.0273
Chelan Falls,WA,47.8015,-119.9859
Chelmsford,MA,42.5911,-71.3556
Chelsea,AL,33.2982,-86.6563
Chelsea,IA,41.9131,-92.4078
Chelsea,MA,42.3963,-71.0325
Chelsea,MI,42.3207,-84.0334
Chelsea,NY,41.5528,-73.9682
Chelsea,OK,36.5356,-95.4489
Chelsea,VT,44.0039,-72.4793
Cheltenham,MD,38.7531,-76.8369
Cheltenham,PA,40.0603,-75.1048
Chemult,OR,43.146,-121.7974
Chemung,NY,42.0392,-76.6202
Chenango Bridge,NY,42.1738,-75.8728
Chenango Forks,NY,42.2778,-75.8462
Cheney,KS,37.6353,-97.7686
Cheney,WA,47.4943,-117.5834
Cheneyville,LA,31.0201,-92.2951
Chenoa,IL,40.7446,-88.7219
Chepachet,RI,41.9155,-71.6795
Cheraw,CO,38.107,-103.5102
Cheraw,SC,34.6863,-79.9174
Cheriton,VA,37.2896,-75.9713
Cherokee,AL,34.7442,-87.9724
Cherokee,IA,42.7482,-95.5568
Cherokee,KS,37.3694,-94.8424
Cherokee,NC,35.5094,-83.3144
Cherokee,OK,36.7564,-98.3594
Cherokee,TX,30.9806,-98.6633
Cherokee Village,AR,36.30605,-91.56255
Cherry,IL,41.4264,-89.2126
Cherry Creek,NY,42.3127,-79.1203
Cherry Creek,SD,44.6055,-101.4999
Cherry Fork,OH,38.8922,-83.6218
Cherry Hill,NJ,39.90623,-74.9963
Cherry Log,GA,34.7804,-84.3908
Cherry Plain,NY,42.6467,-73.3716
Cherry Point,NC,34.9038,-76.9
Cherry Tree,PA,40.7554,-78.8474
Cherry Valley,AR,35.3991,-90.7613
Cherry Valley,IL,42.2206,-88.9619
Cherry Valley,MA,42.2373,-71.875
Cherry Valley,NY,42.7823,-74.7444
Cherryfield,ME,44.6228,-67.9436
Cherryvale,KS,37.2668,-95.559
Cherryville,MO,37.8066,-91.2348
Cherryville,NC,35.3747,-81.3509
Cherryville,PA,40.751,-75.5394
Chesaning,MI,43.1824,-84.1122
Chesapeake,OH,38.4551,-82.4504
Chesapeake,VA,36.75076,-76.28297
Chesapeake Beach,MD,38.6698,-76.5376
Chesapeake City,MD,39.5133,-75.8406
Cheshire,CT,41.45673,-72.9121
Cheshire,MA,42.5611,-73.158
Cheshire,OH,38.9587,-82.1235
Cheshire,OR,44.1782,-123.3715
Chesnee,SC,35.1154,-81.8678
Chest Springs,PA,40.5702,-78.5991
Chester,AR,35.6898,-94.202
Chester,CA,40.2975,-121.2273
Chester,CT,41.4049,-72.4643
Chester,GA,32.3982,-83.174
Chester,IA,43.473,-92.4155
Chester,ID,44.0011,-111.5351
Chester,IL,37.9188,-89.8218
Chester,MA,42.2794,-72.9888
Chester,MD,38.9583,-76.2842
Chester,MT,48.4541,-110.9798
Chester,NE,40.029,-97.6197
Chester,NH,42.9678,-71.245
Chester,NJ,40.7892,-74.6776
Chester,NY,41.3554,-74.2651
Chester,OH,39.0856,-81.9214
Chester,OK,36.2621,-98.8838
Chester,PA,39.8919,-75.39035
Chester,SC,34.7149,-81.2186
Chester,SD,43.8981,-96.9759
Chester,TX,30.9447,-94.5554
Chester,UT,39.4761,-111.563
Chester,VA,37.3452,-77.3771
Chester,VT,43.2831,-72.6031
Chester,WV,40.5981,-80.5584
Chester Gap,VA,38.8537,-78.1412
Chester Heights,PA,39.8901,-75.4755
Chester Springs,PA,40.0978,-75.6398
Chesterfield,IL,39.2608,-90.0784
Chesterfield,MA,42.3923,-72.8256
Chesterfield,MO,38.648,-90.5757
Chesterfield,NH,42.8839,-72.4548
Chesterfield,NJ,40.1151,-74.6393
Chesterfield,SC,34.7278,-80.0958
Chesterfield,VA,37.3628,-77.60055
Chesterhill,OH,39.4953,-81.8773
Chesterland,OH,41.5344,-81.3421
Chesterton,IN,41.6143,-87.047
Chestertown,MD,39.12355,-76.08615
Chestertown,NY,43.6451,-73.8066
Chesterville,OH,40.4789,-82.6828
Chestnut,IL,40.0582,-89.19
Chestnut Hill,MA,42.3164,-71.1612
Chestnut Mound,TN,36.2028,-85.8264
Chestnut Mountain,GA,34.213,-83.7949
Chestnut Ridge,PA,39.9812,-79.8116
Chestnutridge,MO,36.8359,-93.2291
Cheswick,PA,40.5681,-79.841
Cheswold,DE,39.2184,-75.5848
Chetek,WI,45.317,-91.6542
Chetopa,KS,37.0418,-95.0796
Chevak,AK,61.529,-165.5905
Chevy Chase,MD,38.99045,-77.0766
Chewalla,TN,34.9969,-88.6456
Chewelah,WA,48.2876,-117.7754
Chewsville,MD,39.6425,-77.6372
Cheyenne,OK,35.6081,-99.6725
Cheyenne,WY,41.15185,-104.7939
Cheyenne Wells,CO,38.8198,-102.3582
Cheyney,PA,39.9209,-75.5222
Chicago,IL,41.85421,-87.67605
Chicago Heights,IL,41.5074,-87.613
Chicago Park,CA,39.143,-120.9666
Chicago Ridge,IL,41.7017,-87.7774
Chichester,NH,43.244,-71.4105
Chichester,NY,42.095,-74.2717
Chickamauga,GA,34.858,-85.3221
Chickasaw,OH,40.437,-84.4933
Chickasha,OK,35.0397,-97.9441
Chicken,AK,64.0733,-141.9361
Chico,CA,39.75797,-121.85622
Chico,TX,33.3193,-97.8031
Chicopee,MA,42.17198,-72.5896
Chicora,PA,40.9458,-79.7462
Chicota,TX,33.869,-95.5711
Chidester,AR,33.6652,-92.9969
Chiefland,FL,29.4717,-82.8681
Chignik,AK,56.3016,-158.4157
Chignik Lagoon,AK,58.2687,-156.6484
Chignik Lake,AK,56.2448,-158.7578
Chilcoot,CA,39.7977,-120.1396
Childersburg,AL,33.2459,-86.3641
Childress,TX,34.4104,-100.2364
Childs,MD,39.6462,-75.8716
Childwold,NY,44.2867,-74.6759
Chilhowee,MO,38.6126,-93.8653
Chilhowie,VA,36.7719,-81.6651
Chili,WI,44.6301,-90.36
Chillicothe,IA,41.086,-92.5303
Chillicothe,IL,40.9013,-89.5068
Chillicothe,MO,39.7966,-93.5509
Chillicothe,OH,39.338,-82.9895
Chillicothe,TX,34.2439,-99.5157
Chilmark,MA,41.3575,-70.7416
Chilo,OH,38.7926,-84.1382
Chiloquin,OR,42.5463,-121.745
Chilton,TX,31.31,-97.09
Chilton,WI,44.0242,-88.1827
Chimacum,WA,47.9861,-122.7883
Chimayo,NM,36.0039,-105.947
Chimney Rock,NC,35.4369,-82.2417
China,TX,30.0108,-94.363
China Grove,NC,35.5669,-80.59
China Spring,TX,31.6673,-97.3002
China Village,ME,44.8526,-69.502
Chinchilla,PA,41.4865,-75.6933
Chincoteague Island,VA,37.9299,-75.3624
Chinese Camp,CA,37.8594,-120.4069
Chinle,AZ,36.1304,-109.6037
Chino,CA,33.98325,-117.6624
Chino Hills,CA,33.9797,-117.7308
Chino Valley,AZ,34.7757,-112.4731
Chinook,MT,48.5799,-109.2225
Chinook,WA,46.2729,-123.9454
Chinquapin,NC,34.8276,-77.7636
Chipley,FL,30.7107,-85.5486
Chippewa Bay,NY,44.442,-75.7569
Chippewa Falls,WI,44.9369,-91.3929
Chippewa Lake,MI,43.7553,-85.2783
Chippewa Lake,OH,41.0653,-81.9017
Chireno,TX,31.5119,-94.4302
Chisago City,MN,45.3611,-92.8921
Chisholm,MN,47.5007,-92.8617
Chitina,AK,61.5156,-144.4396
Chittenango,NY,43.0552,-75.8768
Chittenden,VT,43.7132,-72.9252
Chloe,WV,38.6686,-81.0944
Chloride,AZ,35.3896,-114.2221
Choccolocco,AL,33.6573,-85.6991
Chocorua,NH,43.8909,-71.2407
Chocowinity,NC,35.4814,-77.0868
Choctaw,AR,35.5773,-92.5456
Choctaw,OK,35.4718,-97.2726
Chokio,MN,45.5524,-96.1733
Chokoloskee,FL,25.8129,-81.362
Choteau,MT,47.838,-112.2021
Choudrant,LA,32.5556,-92.5224
Chouteau,OK,36.1669,-95.3416
Chowchilla,CA,37.1014,-120.2691
Chriesman,TX,30.5994,-96.7708
Chrisman,IL,39.7996,-87.6556
Chrisney,IN,38.0148,-87.0364
Christchurch,VA,37.5984,-76.4476
Christiana,PA,39.904,-76.0401
Christiana,TN,35.696,-86.368
Christiansburg,OH,40.0564,-84.0254
Christiansburg,VA,37.14505,-80.4186
Christine,ND,46.5736,-96.8017
Christine,TX,28.7858,-98.4886
Christmas,FL,28.5462,-81.0116
Christmas Valley,OR,43.2363,-120.6369
Christopher,IL,37.9849,-89.0574
Christoval,TX,31.2346,-100.5203
Chromo,CO,37.0364,-106.8434
Chualar,CA,36.595,-121.432
Chuckey,TN,36.2569,-82.6905
Chugiak,AK,61.4098,-149.4537
Chugwater,WY,41.7487,-104.8179
Chula,GA,31.5439,-83.5509
Chula,MO,39.9226,-93.4841
Chula Vista,CA,32.63841,-117.03349
Chunchula,AL,30.9912,-88.1311
Chunky,MS,32.3505,-88.9551
Church Creek,MD,38.4278,-76.1696
Church Hill,MD,39.146,-75.988
Church Hill,TN,36.5399,-82.7252
Church Point,LA,30.4013,-92.224
Church Road,VA,37.195,-77.6646
Church Rock,NM,35.5339,-108.5998
Church View,VA,37.675,-76.6629
Churchs Ferry,ND,48.2862,-99.1412
Churchton,MD,38.8018,-76.5248
Churchville,MD,39.5648,-76.249
Churchville,NY,43.0749,-77.835
Churchville,VA,38.2346,-79.1791
Churdan,IA,42.1614,-94.4933
Churubusco,IN,41.229,-85.3244
Churubusco,NY,44.9432,-73.9355
Cibecue,AZ,34.0448,-110.4854
Cibola,AZ,33.3164,-114.665
Cibolo,TX,29.575,-98.228
Cicero,IL,41.8378,-87.7602
Cicero,IN,40.1298,-86.0381
Cicero,NY,43.1707,-76.0962
Cima,CA,35.2378,-115.4992
Cimarron,CO,38.3876,-107.4824
Cimarron,KS,37.8127,-100.3438
Cimarron,NM,36.4574,-105.0697
Cincinnati,IA,40.6344,-92.9219
Cincinnati,OH,39.17054,-84.50453
Cincinnatus,NY,42.5385,-75.903
Cinebar,WA,46.5793,-122.5687
Circle,AK,65.8245,-144.0826
Circle,MT,47.4264,-105.6148
Circle Pines,MN,45.1528,-93.144
Circleville,KS,39.5155,-95.8517
Circleville,NY,41.5244,-74.385
Circleville,OH,39.5988,-82.93
Circleville,UT,38.1827,-112.2329
Circleville,WV,38.623,-79.5367
Cisco,GA,34.9618,-84.6646
Cisco,IL,39.9972,-88.6962
Cisco,TX,32.38,-98.9865
Cisco,UT,38.97,-109.3207
Cisne,IL,38.5159,-88.4375
Cissna Park,IL,40.5858,-87.8759
Citra,FL,29.3918,-82.1062
Citronelle,AL,31.0425,-88.2549
Citrus Heights,CA,38.699,-121.28557
City Of Industry,CA,34.0197,-117.9587
Clackamas,OR,45.415,-122.52
Claflin,KS,38.5409,-98.5372
Claiborne,MD,38.8368,-76.2714
Claire City,SD,45.8755,-97.1073
Clairfield,TN,36.565,-83.9397
Clairton,PA,40.3243,-79.9317
Clallam Bay,WA,48.2255,-124.2015
Clam Gulch,AK,60.2311,-151.3936
Clam Lake,WI,46.1638,-90.9024
Clancy,MT,46.4652,-111.9864
Clanton,AL,32.8792,-86.59375
Clara,MS,31.5937,-88.7048
Clara City,MN,44.9639,-95.3499
Clarcona,FL,28.6128,-81.4987
Clare,IA,42.5954,-94.308
Clare,IL,42.0086,-88.8306
Clare,MI,43.8223,-84.7635
Claremont,CA,34.1092,-117.7183
Claremont,IL,38.7429,-87.9727
Claremont,MN,44.0522,-92.9888
Claremont,NC,35.7211,-81.1297
Claremont,NH,43.3679,-72.3422
Claremont,SD,45.6661,-98.0404
Claremont,VA,37.2279,-76.9641
Claremore,OK,36.31613,-95.6028
Clarence,IA,41.8896,-91.0605
Clarence,LA,31.8216,-93.0296
Clarence,MO,39.7366,-92.253
Clarence,NY,42.981,-78.6162
Clarence,PA,41.0585,-77.9312
Clarence Center,NY,43.0362,-78.639
Clarendon,AR,34.6601,-91.2564
Clarendon,NC,34.1761,-78.7637
Clarendon,NY,43.1934,-78.0647
Clarendon,PA,41.7302,-79.1719
Clarendon,TX,34.9529,-100.8952
Clarendon Hills,IL,41.7965,-87.9569
Claridge,PA,40.3692,-79.619
Clarinda,IA,40.7491,-95.038
Clarington,OH,39.7819,-80.9113
Clarington,PA,41.3233,-79.1466
Clarion,IA,42.73005,-93.73145
Clarion,PA,41.2123,-79.3773
Clarissa,MN,46.1373,-94.9572
Clarita,OK,34.4829,-96.4333
Clark,CO,40.7268,-106.9215
Clark,MO,39.2811,-92.3427
Clark,NJ,40.6203,-74.3106
Clark,PA,41.2866,-80.4237
Clark,SD,44.878,-97.7265
Clark Fork,ID,48.1405,-116.1699
Clark Mills,NY,43.0923,-75.3796
Clarkdale,AZ,34.7711,-112.0579
Clarkdale,GA,33.9125,-84.5572
Clarkedale,AR,35.3093,-90.2362
Clarkesville,GA,34.645,-83.5243
Clarkfield,MN,44.7743,-95.8304
Clarkia,ID,47.0107,-116.2529
Clarklake,MI,42.1235,-84.3521
Clarkrange,TN,36.2112,-84.9777
Clarkridge,AR,36.4724,-92.3296
Clarks,LA,32.0344,-92.1381
Clarks,NE,41.2328,-97.8461
Clarks Grove,MN,43.763,-93.3232
Clarks Hill,IN,40.247,-86.725
Clarks Hill,SC,33.6505,-82.1488
Clarks Mills,PA,41.3931,-80.1837
Clarks Point,AK,58.8173,-158.5299
Clarks Summit,PA,41.4878,-75.7057
Clarksboro,NJ,39.7992,-75.2237
Clarksburg,CA,38.3945,-121.5641
Clarksburg,IN,39.4241,-85.3477
Clarksburg,MD,39.2387,-77.2794
Clarksburg,MO,38.6432,-92.6729
Clarksburg,OH,39.4904,-83.1563
Clarksburg,PA,40.5039,-79.3677
Clarksburg,TN,35.8675,-88.3934
Clarksburg,WV,39.2801,-80.34497
Clarksdale,MO,39.8137,-94.5421
Clarksdale,MS,34.256,-90.6348
Clarkson,KY,37.4336,-86.2083
Clarkson,NE,41.6961,-97.1051
Clarkson,NY,43.2331,-77.9275
Clarkston,GA,33.8101,-84.2388
Clarkston,MI,42.71483,-83.4045
Clarkston,UT,41.9188,-112.0486
Clarkston,WA,46.3946,-117.0645
Clarksville,AR,35.4908,-93.4911
Clarksville,FL,30.3568,-85.1898
Clarksville,IA,42.8041,-92.6588
Clarksville,IN,38.311,-85.7645
Clarksville,MD,39.2125,-76.9515
Clarksville,MI,42.8302,-85.2494
Clarksville,MO,39.3465,-90.9362
Clarksville,NY,42.5759,-73.964
Clarksville,OH,39.4042,-83.9594
Clarksville,PA,39.9667,-80.0452
Clarksville,TN,36.52536,-87.3547
Clarksville,TX,33.6236,-95.0461
Clarksville,VA,36.624,-78.5569
Clarkton,MO,36.4478,-89.9729
Clarkton,NC,34.503,-78.6313
Claryville,NY,41.9657,-74.5293
Clatonia,NE,40.4724,-96.8555
Clatskanie,OR,46.0665,-123.2059
Claude,TX,35.0967,-101.3813
Claudville,VA,36.5896,-80.4184
Claunch,NM,34.0646,-105.9496
Claverack,NY,42.2251,-73.7346
Clawson,MI,42.5365,-83.1503
Clawson,UT,39.1198,-111.1008
Claxton,GA,32.165,-81.908
Clay,AL,33.7026,-86.5997
Clay,KY,37.4756,-87.8368
Clay,NY,43.1737,-76.1707
Clay,WV,38.4764,-81.0696
Clay Center,KS,39.3844,-97.1278
Clay Center,NE,40.5113,-98.0386
Clay Center,OH,41.5686,-83.3632
Clay City,IL,38.6695,-88.3516
Clay City,IN,39.2727,-87.1082
Clay City,KY,37.8524,-83.9309
Clay Springs,AZ,34.3617,-110.2954
Clayhole,KY,37.4476,-83.1892
Claymont,DE,39.8044,-75.4649
Claypool,AZ,33.4154,-110.8149
Claypool,IN,41.1165,-85.8686
Claysburg,PA,40.2821,-78.5083
Claysville,PA,40.1179,-80.4103
Clayton,AL,31.8874,-85.4509
Clayton,CA,37.9154,-121.91
Clayton,DE,39.2564,-75.6904
Clayton,GA,34.8826,-83.4065
Clayton,ID,44.2733,-114.4102
Clayton,IL,40.0133,-90.9554
Clayton,IN,39.6682,-86.4959
Clayton,KS,39.7375,-100.1776
Clayton,LA,31.7158,-91.5163
Clayton,MI,41.8636,-84.2147
Clayton,NC,35.64933,-78.43193
Clayton,NJ,39.659,-75.0942
Clayton,NM,36.4414,-103.1888
Clayton,NY,44.1442,-76.062
Clayton,OH,39.8551,-84.3399
Clayton,OK,34.5906,-95.38
Clayton,TX,32.1027,-94.4935
Clayton,WA,48.0071,-117.5579
Clayton,WI,45.3063,-92.1395
Clayton Lake,ME,46.6109,-69.5223
Claytonville,IL,40.5676,-87.804
Clayville,NY,42.9801,-75.251
Clayville,RI,41.7778,-71.6706
Cle Elum,WA,47.2063,-120.9685
Clear,AK,64.2966,-149.1608
Clear Brook,VA,39.2655,-78.0988
Clear Creek,IN,39.1732,-86.5015
Clear Creek,WV,37.9162,-81.3443
Clear Fork,WV,37.6309,-81.6829
Clear Lake,IA,43.1406,-93.385
Clear Lake,MN,45.4795,-93.9684
Clear Lake,SD,44.7612,-96.6907
Clear Lake,WI,45.2365,-92.2749
Clear Spring,MD,39.6658,-77.9064
Clearbrook,MN,47.7146,-95.3752
Clearfield,IA,40.7935,-94.4944
Clearfield,KY,38.1287,-83.4425
Clearfield,PA,41.021,-78.4435
Clearfield,UT,41.0679,-112.06343
Clearlake,CA,38.9576,-122.636
Clearlake,WA,48.4701,-122.2388
Clearlake Oaks,CA,39.0664,-122.6558
Clearlake Park,CA,38.9666,-122.65
Clearmont,MO,40.5175,-95.0055
Clearmont,WY,44.661,-106.4581
Clearville,PA,39.8533,-78.4392
Clearwater,FL,27.93972,-82.73187
Clearwater,KS,37.5076,-97.5082
Clearwater,MN,45.3877,-94.0452
Clearwater,NE,42.1266,-98.1868
Clearwater,SC,33.4997,-81.8649
Clearwater Beach,FL,27.9598,-82.8286
Cleaton,KY,37.2533,-87.0897
Cleburne,TX,32.3497,-97.3707
Cleghorn,IA,42.8086,-95.7124
Clementon,NJ,39.8036,-75.0058
Clements,CA,38.1929,-121.0811
Clements,MD,38.3407,-76.7264
Clements,MN,44.3943,-95.0474
Clemmons,NC,36.0341,-80.3962
Clemons,IA,42.09,-93.1688
Clemons,NY,43.6435,-73.4326
Clemson,SC,34.68333,-82.8343
Clendenin,WV,38.4539,-81.3572
Cleo Springs,OK,36.409,-98.4423
Clermont,FL,28.5377,-81.763
Clermont,GA,34.4761,-83.7853
Clermont,IA,43.013,-91.6552
Clermont,KY,37.9346,-85.6555
Cleveland,AL,33.9778,-86.5598
Cleveland,AR,35.3955,-92.702
Cleveland,GA,34.5839,-83.75
Cleveland,MN,44.3201,-93.8286
Cleveland,MO,38.6898,-94.5695
Cleveland,MS,33.6835,-90.7752
Cleveland,NC,35.7374,-80.7113
Cleveland,ND,46.8931,-99.1288
Cleveland,NM,35.9898,-105.4326
Cleveland,NY,43.2432,-75.8537
Cleveland,OH,41.52308,-81.6554
Cleveland,OK,36.2553,-96.423
Cleveland,SC,35.0654,-82.6093
Cleveland,TN,35.16302,-84.85842
Cleveland,TX,30.36315,-95.1071
Cleveland,UT,39.3489,-110.8516
Cleveland,VA,36.9502,-82.1318
Cleveland,WI,43.9217,-87.7673
Cleveland,WV,38.7133,-80.388
Clever,MO,37.0447,-93.4383
Cleverdale,NY,43.4718,-73.6393
Cleves,OH,39.1937,-84.734
Clewiston,FL,26.7172,-80.9492
Cliff,NM,32.9623,-108.6112
Cliff Island,ME,43.6955,-70.1071
Clifford,IN,39.2826,-85.8685
Clifford,MI,43.31,-83.1741
Clifford,ND,47.3569,-97.41
Clifford,PA,41.649,-75.5988
Clifford,VA,37.538,-78.9463
Cliffside,NC,35.2416,-81.7755
Cliffside Park,NJ,40.8222,-73.988
Cliffwood,NJ,40.4353,-74.2358
Clifton,AZ,33.1323,-109.2462
Clifton,CO,39.0805,-108.4496
Clifton,ID,42.216,-111.9957
Clifton,IL,40.9394,-87.9202
Clifton,KS,39.6201,-97.2611
Clifton,NJ,40.85796,-74.15526
Clifton,OH,39.797,-83.8256
Clifton,SC,34.9796,-81.8179
Clifton,TN,35.3819,-87.95
Clifton,TX,31.7918,-97.5203
Clifton,VA,38.7818,-77.3818
Clifton Forge,VA,37.8203,-79.8054
Clifton Heights,PA,39.9218,-75.2876
Clifton Hill,MO,39.426,-92.6677
Clifton Park,NY,42.8499,-73.7851
Clifton Springs,NY,42.9632,-77.144
Clifty,KY,37.0045,-87.1521
Climax,CO,39.2258,-106.3117
Climax,GA,30.8757,-84.445
Climax,MI,42.234,-85.3238
Climax,MN,47.6837,-96.8715
Climax,NC,35.9345,-79.7019
Climax,NY,42.3659,-73.851
Climax Springs,MO,38.1396,-92.9537
Climbing Hill,IA,42.345,-96.0875
Clinchco,VA,37.1406,-82.3425
Clinchfield,GA,32.3386,-83.6926
Clines Corners,NM,35.0095,-105.6692
Clint,TX,31.5494,-106.2038
Clinton,AL,32.9137,-87.9925
Clinton,AR,35.6045,-92.4758
Clinton,CT,41.2912,-72.528
Clinton,IA,41.84628,-90.19343
Clinton,IL,40.1487,-88.9627
Clinton,IN,39.6591,-87.4208
Clinton,KY,36.6675,-88.9676
Clinton,LA,30.8249,-90.9331
Clinton,MA,42.4181,-71.6828
Clinton,MD,38.7549,-76.9026
Clinton,ME,44.644,-69.5284
Clinton,MI,42.0639,-83.9442
Clinton,MN,45.4577,-96.4182
Clinton,MO,38.4018,-93.785
Clinton,MS,32.3313,-90.3473
Clinton,MT,46.7673,-113.7038
Clinton,NC,35.0065,-78.32465
Clinton,NJ,40.6412,-74.9088
Clinton,NY,43.0586,-75.3808
Clinton,OH,40.9391,-81.5871
Clinton,OK,35.5115,-98.9795
Clinton,PA,40.5131,-80.3423
Clinton,SC,34.4707,-81.8772
Clinton,TN,36.09845,-84.17845
Clinton,WA,47.9508,-122.3916
Clinton,WI,42.5535,-88.8705
Clinton Corners,NY,41.8693,-73.7659
Clinton Township,MI,42.58853,-82.93027
Clintondale,NY,41.6749,-74.0557
Clintonville,PA,41.2002,-79.8734
Clintonville,WI,44.6364,-88.743
Clintwood,VA,37.1592,-82.4453
Clio,AL,31.6852,-85.5904
Clio,CA,39.7546,-120.5951
Clio,IA,40.6342,-93.448
Clio,MI,43.1779,-83.7249
Clio,SC,34.5805,-79.5453
Clipper Mills,CA,39.5327,-121.1575
Clitherall,MN,46.2757,-95.6308
Clive,IA,41.6067,-93.7457
Clockville,NY,43.042,-75.7408
Clontarf,MN,45.3763,-95.6787
Clopton,AL,31.6446,-85.3911
Cloquet,MN,46.7546,-92.5408
Closplint,KY,36.8713,-83.0414
Closter,NJ,40.9721,-73.959
Clothier,WV,37.9468,-81.8104
Cloudcroft,NM,32.8897,-105.6744
Cloutierville,LA,31.5432,-92.9182
Clover,SC,35.1065,-81.2201
Clover,VA,36.8637,-78.7862
Cloverdale,AL,34.9387,-87.7714
Cloverdale,CA,38.7931,-123.0074
Cloverdale,IN,39.5148,-86.7939
Cloverdale,MI,42.5951,-85.3086
Cloverdale,OH,41.0379,-84.2938
Cloverdale,OR,45.2858,-123.8356
Cloverdale,VA,37.3651,-79.9056
Cloverport,KY,37.7731,-86.6282
Clovis,CA,36.82715,-119.68637
Clovis,NM,34.4087,-103.2133
Clubb,MO,37.2145,-90.3457
Clune,PA,40.5503,-79.3237
Cluster Springs,VA,36.6113,-78.9455
Clute,TX,29.0325,-95.4026
Clutier,IA,42.0789,-92.3763
Clyde,KS,39.5758,-97.408
Clyde,MO,40.2635,-94.6687
Clyde,NC,35.5597,-82.9216
Clyde,NY,43.0855,-76.8725
Clyde,OH,41.3024,-82.9918
Clyde,TX,32.3803,-99.5184
Clyde Park,MT,45.8341,-110.6222
Clyman,WI,43.3107,-88.7144
Clymer,NY,42.0557,-79.6685
Clymer,PA,40.6688,-79.0119
Clyo,GA,32.5126,-81.3086
Coachella,CA,33.675,-116.1772
Coahoma,MS,34.3668,-90.5232
Coahoma,TX,32.2942,-101.3197
Coal Center,PA,40.0973,-79.8839
Coal City,IL,41.2908,-88.2823
Coal City,IN,39.2303,-87.0458
Coal City,WV,37.679,-81.2104
Coal Creek,CO,38.3611,-105.1483
Coal Hill,AR,35.4371,-93.672
Coal Mountain,WV,37.6696,-81.7284
Coal Run,OH,39.5676,-81.5812
Coal Township,PA,40.7917,-76.5519
Coal Valley,IL,41.4351,-90.4652
Coaldale,CO,38.3824,-105.7843
Coaldale,PA,40.8219,-75.9104
Coalfield,TN,36.029,-84.4208
Coalgate,OK,34.5344,-96.2167
Coalgood,KY,36.8202,-83.2445
Coaling,AL,33.1359,-87.3384
Coalinga,CA,36.1624,-120.3489
Coalmont,CO,40.5383,-106.5321
Coalmont,IN,39.1934,-87.2311
Coalmont,TN,35.3516,-85.7003
Coalport,PA,40.7503,-78.5352
Coalton,OH,39.1108,-82.6077
Coalton,WV,38.9144,-79.9767
Coalville,UT,40.8405,-111.3228
Coarsegold,CA,37.2214,-119.7455
Coatesville,IN,39.6878,-86.6703
Coatesville,PA,39.9843,-75.8253
Coats,KS,37.5125,-98.8504
Coats,NC,35.4082,-78.6627
Coatsburg,IL,40.0554,-91.1747
Coatsville,MO,40.5665,-92.6388
Cobalt,CT,41.5667,-72.5581
Cobalt,ID,45.093,-114.2317
Cobb,CA,38.8155,-122.7132
Cobb,GA,31.9617,-83.9581
Cobb,WI,42.966,-90.3324
Cobb Island,MD,38.262,-76.8502
Cobbs Creek,VA,37.4959,-76.3863
Cobbtown,GA,32.2642,-82.1333
Cobden,IL,37.5424,-89.2457
Cobleskill,NY,42.684,-74.4939
Coburn,PA,40.8383,-77.4509
Cochecton,NY,41.692,-74.9741
Cochecton Center,NY,41.6548,-74.9827
Cochise,AZ,32.0979,-109.9239
Cochiti Lake,NM,35.6485,-106.3428
Cochiti Pueblo,NM,35.6089,-106.3518
Cochran,GA,32.3981,-83.3229
Cochrane,WI,44.2672,-91.7715
Cochranton,PA,41.5205,-80.0573
Cochranville,PA,39.8757,-75.9214
Cockeysville,MD,39.4919,-76.6677
Cocoa,FL,28.3898,-80.7693
Cocoa Beach,FL,28.32655,-80.61065
Cocolalla,ID,48.1248,-116.6571
Cocolamus,PA,40.6479,-77.2125
Coconut Creek,FL,26.2517,-80.1789
Coden,AL,30.3903,-88.2076
Codorus,PA,39.8718,-76.7599
Cody,NE,42.825,-101.2913
Cody,WY,44.5231,-109.0756
Coeburn,VA,36.9605,-82.4735
Coello,IL,37.9946,-89.0672
Coeur d'Alene,ID,47.69843,-116.78483
Coeymans,NY,42.4757,-73.7977
Coeymans Hollow,NY,42.4865,-73.9206
Coffee Creek,MT,47.3467,-110.0908
Coffee Springs,AL,31.1388,-85.9182
Coffeen,IL,39.0908,-89.3945
Coffeeville,AL,31.7843,-88.0715
Coffeeville,MS,33.9215,-89.6782
Coffey,MO,40.0999,-94.0252
Coffeyville,KS,37.0441,-95.6328
Coffman Cove,AK,55.9524,-132.7503
Cofield,NC,36.3333,-76.8746
Cogan Station,PA,41.3152,-77.069
Coggon,IA,42.2792,-91.5413
Cogswell,ND,46.0659,-97.8207
Cohagen,MT,47.1263,-106.4981
Cohasset,MA,42.2395,-70.8128
Cohasset,MN,47.2691,-93.6392
Cohoctah,MI,42.7598,-83.9486
Cohocton,NY,42.5003,-77.4998
Cohoes,NY,42.7754,-73.7124
Cohutta,GA,34.9326,-84.9458
Coila,MS,33.3731,-89.9915
Coin,IA,40.6686,-95.2217
Coinjock,NC,36.3751,-75.934
Cokato,MN,45.0748,-94.1911
Cokeburg,PA,40.1008,-80.0652
Coker,AL,33.2934,-87.6888
Cokercreek,TN,35.2467,-84.3031
Cokeville,WY,42.058,-110.9164
Colbert,GA,34.0382,-83.2191
Colbert,OK,33.8575,-96.4953
Colbert,WA,47.8411,-117.3759
Colburn,ID,48.3633,-116.6256
Colby,KS,39.383,-101.0442
Colby,WI,44.9117,-90.3144
Colchester,CT,41.5662,-72.3441
Colchester,IL,40.4156,-90.7846
Colchester,VT,44.52503,-73.17173
Colcord,OK,36.2333,-94.6547
Colcord,WV,37.9439,-81.4369
Cold Bay,AK,55.1858,-162.7211
Cold Brook,NY,43.3024,-74.9977
Cold Spring,MN,45.45,-94.4378
Cold Spring,NY,41.4414,-73.9335
Cold Spring Harbor,NY,40.8601,-73.4423
Colden,NY,42.6551,-78.6921
Coldiron,KY,36.8201,-83.4707
Coldspring,TX,30.6027,-95.1086
Coldwater,KS,37.2479,-99.3115
Coldwater,MI,41.9255,-85.0057
Coldwater,MS,34.6924,-89.9869
Coldwater,OH,40.4846,-84.6517
Cole Camp,MO,38.4531,-93.1915
Colebrook,CT,41.9895,-73.0957
Colebrook,NH,44.9078,-71.4793
Coleharbor,ND,47.5442,-101.2238
Coleman,FL,28.7997,-82.0701
Coleman,GA,31.6726,-84.8903
Coleman,MI,43.7494,-84.5911
Coleman,OK,34.2625,-96.4588
Coleman,TX,31.8287,-99.427
Coleman,WI,45.0722,-88.0587
Coleman Falls,VA,37.4887,-79.3158
Colerain,NC,36.1901,-76.8548
Colerain,OH,40.1224,-80.8149
Coleraine,MN,47.2888,-93.4277
Coleridge,NE,42.5061,-97.2037
Coles Point,VA,38.1437,-76.6355
Colesburg,IA,42.6383,-91.1963
Coleville,CA,38.5029,-119.4828
Colfax,CA,39.0783,-120.9549
Colfax,IA,41.6788,-93.2588
Colfax,IL,40.5704,-88.62
Colfax,IN,40.1956,-86.6593
Colfax,LA,31.5079,-92.6568
Colfax,NC,36.1003,-80.0103
Colfax,ND,46.4574,-96.8737
Colfax,WA,46.88,-117.367
Colfax,WI,44.9993,-91.7357
Colfax,WV,39.4348,-80.1317
Colgate,WI,43.1998,-88.2406
Collbran,CO,39.2453,-107.9249
College Corner,OH,39.5755,-84.805
College Grove,TN,35.7832,-86.7495
College Park,MD,38.93983,-76.91777
College Place,WA,46.0471,-118.4093
College Point,NY,40.7855,-73.845
College Springs,IA,40.6249,-95.1157
College Station,AR,34.7093,-92.2283
College Station,TX,30.60753,-96.3299
Collegedale,TN,35.0479,-85.0574
Collegeport,TX,28.7253,-96.175
Collegeville,MN,45.5783,-94.4199
Collegeville,PA,40.1913,-75.4373
Collettsville,NC,35.9946,-81.7266
Colleyville,TX,32.8872,-97.146
Colliers,WV,40.3484,-80.5493
Colliersville,NY,42.5051,-74.9821
Collierville,TN,35.04855,-89.6706
Collingswood,NJ,39.9157,-75.0634
Collins,GA,32.1852,-82.1095
Collins,IA,41.9032,-93.3008
Collins,MO,37.881,-93.6608
Collins,MS,31.6707,-89.5438
Collins,NY,42.5001,-78.893
Collins,OH,41.245,-82.4904
Collins,WI,44.091,-87.9902
Collins Center,NY,42.4906,-78.8499
Collinston,LA,32.6971,-91.8634
Collinston,UT,41.7813,-112.0666
Collinsville,AL,34.268,-85.862
Collinsville,CT,41.8513,-72.9283
Collinsville,IL,38.6835,-89.9853
Collinsville,MS,32.5643,-88.875
Collinsville,OH,39.5153,-84.6094
Collinsville,OK,36.3701,-95.8469
Collinsville,TX,33.558,-96.9014
Collinsville,VA,36.7238,-79.9142
Collinwood,TN,35.1635,-87.7185
Collison,IL,40.2207,-87.7987
Collyer,KS,39.0038,-100.0862
Colman,SD,43.9558,-96.8189
Colmar,PA,40.2728,-75.2563
Colmesneil,TX,30.9007,-94.3916
Colo,IA,42.0131,-93.3071
Cologne,MN,44.7646,-93.7982
Cologne,NJ,39.5092,-74.6086
Coloma,CA,38.8,-120.8891
Coloma,MI,42.203,-86.3225
Coloma,WI,44.0275,-89.4943
Colome,SD,43.2273,-99.6933
Colon,MI,41.9576,-85.3306
Colon,NE,41.2883,-96.6141
Colona,IL,41.4885,-90.321
Colonia,NJ,40.5937,-74.3164
Colonial Beach,VA,38.1792,-76.9959
Colonial Heights,VA,37.27,-77.4038
Colony,KS,38.0761,-95.3287
Colony,OK,35.3448,-98.6707
Colora,MD,39.6695,-76.0934
Colorado City,AZ,36.9903,-112.9758
Colorado City,CO,37.9441,-104.8412
Colorado City,TX,32.3987,-100.8609
Colorado Springs,CO,38.84423,-104.76793
Colp,IL,37.8053,-89.0801
Colquitt,GA,31.173,-84.731
Colrain,MA,42.679,-72.7265
Colstrip,MT,45.9344,-106.6368
Colt,AR,35.0881,-90.8895
Colton,CA,34.0315,-117.2874
Colton,NY,44.5016,-74.9327
Colton,OH,41.4199,-84.0137
Colton,OR,45.1573,-122.4248
Colton,SD,43.7951,-96.9572
Colton,WA,46.5901,-117.1692
Coltons Point,MD,38.237,-76.7646
Colts Neck,NJ,40.3012,-74.178
Columbia,AL,31.3352,-85.1455
Columbia,CA,38.044,-120.3971
Columbia,CT,41.6973,-72.3072
Columbia,IA,41.1838,-93.1582
Columbia,IL,38.4325,-90.2027
Columbia,KY,37.1161,-85.2656
Columbia,LA,32.1022,-92.1177
Columbia,MD,39.19647,-76.85493
Columbia,MO,38.96103,-92.33172
Columbia,MS,31.2559,-89.7998
Columbia,NC,35.9057,-76.2345
Columbia,NJ,40.9388,-75.055
Columbia,PA,40.0391,-76.4862
Columbia,SC,34.01606,-81.00769
Columbia,SD,45.6512,-98.3158
Columbia,TN,35.61535,-87.03665
Columbia,VA,37.7147,-78.1794
Columbia City,IN,41.1619,-85.4737
Columbia City,OR,45.8925,-122.8122
Columbia Cross Roads,PA,41.8638,-76.7825
Columbia Falls,ME,44.6699,-67.7534
Columbia Falls,MT,48.3534,-114.1784
Columbia Station,OH,41.3187,-81.9344
Columbiana,AL,33.177,-86.6161
Columbiana,OH,40.8853,-80.6975
Columbiaville,MI,43.1503,-83.3811
Columbiaville,NY,42.3172,-73.7486
Columbus,AR,33.7935,-93.807
Columbus,GA,32.48989,-84.92881
Columbus,IN,39.21233,-85.91287
Columbus,KS,37.1699,-94.8899
Columbus,KY,36.7598,-89.1034
Columbus,MI,42.8892,-82.6675
Columbus,MS,33.49863,-88.41172
Columbus,MT,45.6262,-109.2571
Columbus,NC,35.2532,-82.1971
Columbus,ND,48.8434,-102.798
Columbus,NE,41.4297,-97.3684
Columbus,NJ,40.0642,-74.6899
Columbus,NM,31.8276,-107.64
Columbus,OH,39.99226,-82.99188
Columbus,PA,41.9382,-79.5731
Columbus,TX,29.7032,-96.5527
Columbus,WI,43.3315,-89.0271
Columbus City,IA,41.2593,-91.3747
Columbus Grove,OH,40.9137,-84.0705
Columbus Junction,IA,41.2926,-91.3006
Colusa,CA,39.2345,-122.0277
Colusa,IL,40.5714,-91.1682
Colver,PA,40.5383,-78.7865
Colville,WA,48.578,-117.8645
Colwell,IA,43.1584,-92.5905
Colwich,KS,37.7782,-97.5405
Comanche,OK,34.3765,-97.9793
Comanche,TX,31.9116,-98.6082
Combes,TX,26.2451,-97.7416
Combined Locks,WI,44.2666,-88.3133
Combs,AR,35.8607,-93.8112
Combs,KY,37.2649,-83.2174
Comer,GA,34.0888,-83.122
Comfort,NC,35.0051,-77.5231
Comfort,TX,29.9677,-98.905
Comfort,WV,38.1372,-81.5962
Comfrey,MN,44.1111,-94.9134
Comins,MI,44.8264,-84.0261
Commack,NY,40.843,-73.2799
Commerce,GA,34.19523,-83.43577
Commerce,MO,37.157,-89.4484
Commerce,OK,36.9331,-94.873
Commerce,TX,33.2435,-95.9093
Commerce City,CO,39.8171,-104.9226
Commerce Township,MI,42.5834,-83.5009
Commercial Point,OH,39.7699,-83.0602
Commiskey,IN,38.8526,-85.6434
Commodore,PA,40.7016,-78.9134
Como,CO,39.1587,-105.817
Como,MS,34.5137,-89.9155
Como,NC,36.5015,-77.0094
Como,TN,36.2931,-88.5123
Como,TX,33.0107,-95.4734
Comptche,CA,39.2767,-123.5873
Compton,AR,36.0979,-93.3099
Compton,CA,33.86934,-118.2423
Compton,IL,41.685,-89.0877
Compton,MD,38.2768,-76.704
Comstock,MI,42.2867,-85.5133
Comstock,MN,46.6667,-96.7398
Comstock,NE,41.5606,-99.2504
Comstock,NY,43.4614,-73.4033
Comstock,TX,29.7484,-101.2628
Comstock,WI,45.4911,-92.086
Comstock Park,MI,43.0578,-85.6845
Conasauga,TN,34.9971,-84.7327
Concan,TX,29.4952,-99.7126
Concepcion,TX,27.3849,-98.309
Conception,MO,40.2428,-94.6869
Conception Junction,MO,40.2659,-94.6915
Conchas Dam,NM,35.3786,-104.2052
Concho,AZ,34.4458,-109.6741
Concho,OK,35.6193,-97.9796
Conconully,WA,48.5469,-119.7526
Concord,AR,35.6414,-91.8333
Concord,CA,37.97023,-122.01256
Concord,GA,33.0998,-84.447
Concord,IL,39.823,-90.3722
Concord,MA,42.4567,-71.3747
Concord,MI,42.1875,-84.6529
Concord,NC,35.37733,-80.56243
Concord,NE,42.382,-96.981
Concord,NH,43.25597,-71.59183
Concord,PA,40.2252,-77.725
Concord,TX,31.3138,-95.9935
Concord,VA,37.337,-78.9804
Concord,VT,44.4461,-71.8676
Concordia,KS,39.5516,-97.6568
Concordia,MO,38.9776,-93.5812
Concordville,PA,39.90047,-75.4809
Concrete,WA,48.531,-121.6643
Conda,ID,42.7191,-111.5967
Conde,SD,45.1393,-98.1534
Condon,MT,47.5097,-113.7075
Condon,OR,45.2306,-120.1898
Conehatta,MS,32.467,-89.269
Conejos,CO,37.1011,-106.0265
Conestee,SC,34.7682,-82.3498
Conestoga,PA,39.9403,-76.3575
Conesus,NY,42.7216,-77.6747
Conesville,IA,41.3805,-91.3465
Conesville,OH,40.1804,-81.8951
Conetoe,NC,35.8178,-77.4533
Conewango Valley,NY,42.2625,-79.022
Confluence,PA,39.8129,-79.3567
Conger,MN,43.615,-93.5283
Congers,NY,41.1487,-73.9413
Congerville,IL,40.6208,-89.1994
Congress,AZ,34.1764,-112.768
Conifer,CO,39.5197,-105.3169
Conklin,MI,43.1494,-85.8538
Conklin,NY,42.0454,-75.8076
Conley,GA,33.6369,-84.3371
Conneaut,OH,41.9345,-80.5803
Conneaut Lake,PA,41.6189,-80.3086
Conneautville,PA,41.7455,-80.3445
Connell,WA,46.6643,-118.8545
Connellsville,PA,40.0265,-79.5566
Connelly,NY,41.9076,-73.9893
Connelly Springs,NC,35.7429,-81.5134
Conner,MT,45.919,-114.059
Connersville,IN,39.6435,-85.1464
Connerville,OK,34.4194,-96.6291
Connoquenessing,PA,40.8178,-80.0142
Conover,NC,35.7313,-81.2165
Conover,OH,40.1457,-84.0283
Conover,WI,46.044,-89.2389
Conowingo,MD,39.6778,-76.1572
Conrad,IA,42.2342,-92.8865
Conrad,MT,48.1783,-111.9397
Conrath,WI,45.3533,-91.0621
Conroe,TX,30.27139,-95.41291
Conroy,IA,41.7292,-91.9977
Conshohocken,PA,40.0809,-75.303
Constable,NY,44.9417,-74.3297
Constableville,NY,43.563,-75.4584
Constantia,NY,43.2728,-76.0042
Constantine,MI,41.846,-85.6571
Continental,OH,41.1148,-84.2358
Continental Divide,NM,35.4226,-108.323
Contoocook,NH,43.1978,-71.6968
Convent,LA,30.0208,-90.8298
Convent Station,NJ,40.7968,-74.4815
Converse,IN,40.577,-85.8763
Converse,LA,31.7339,-93.6902
Converse,SC,34.9921,-81.8348
Converse,TX,29.5173,-98.3217
Convoy,OH,40.927,-84.7238
Conway,AR,35.09428,-92.40042
Conway,MA,42.5138,-72.7025
Conway,MI,45.4167,-84.867
Conway,MO,37.5085,-92.7891
Conway,NC,36.4164,-77.2502
Conway,NH,43.9742,-71.1503
Conway,PA,40.6649,-80.2349
Conway,SC,33.86387,-79.04073
Conway,WA,48.34,-122.3456
Conway Springs,KS,37.3903,-97.6284
Conyers,GA,33.65797,-84.01293
Conyngham,PA,40.9907,-76.0564
Cook,MN,47.8442,-92.721
Cook,NE,40.4986,-96.1526
Cook Springs,AL,33.5895,-86.3923
Cook Sta,MO,37.8242,-91.5623
Cooke City,MT,45.0234,-109.907
Cookeville,TN,36.17762,-85.49758
Cooks,MI,45.8997,-86.5307
Cooksburg,PA,41.3384,-79.1971
Cookson,OK,35.7116,-94.9132
Cookstown,NJ,40.0481,-74.5595
Cooksville,IL,40.536,-88.735
Cooksville,MD,39.3211,-77.0051
Cookville,TX,33.2432,-94.8747
Cool,CA,38.8923,-120.9802
Cool Ridge,WV,37.6655,-81.0933
Cooleemee,NC,35.8104,-80.5559
Coolidge,AZ,32.9574,-111.5344
Coolidge,GA,30.9859,-83.8752
Coolidge,KS,38.0215,-102.007
Coolidge,TX,31.7438,-96.6577
Coolin,ID,48.5228,-116.8408
Coolspring,PA,41.0431,-79.0836
Coolville,OH,39.2141,-81.8329
Coon Rapids,IA,41.894,-94.68
Coon Valley,WI,43.7218,-91.0143
Cooper,IA,42.0363,-94.397
Cooper,TX,33.3812,-95.6623
Cooper Landing,AK,60.4767,-149.8235
Coopers Mills,ME,44.2588,-69.551
Coopers Plains,NY,42.1785,-77.1414
Coopersburg,PA,40.5076,-75.3888
Cooperstown,ND,47.4527,-98.1533
Cooperstown,NY,42.7005,-74.9243
Cooperstown,PA,41.498,-79.8757
Coopersville,MI,43.0601,-85.9517
Coos Bay,OR,43.2151,-124.1984
Coosa,GA,34.3333,-85.2337
Coosada,AL,32.5056,-86.3322
Coosawhatchie,SC,32.5888,-80.9273
Cooter,MO,36.0476,-89.8091
Copake,NY,42.1113,-73.5526
Copake Falls,NY,42.1367,-73.5108
Copalis Beach,WA,47.1126,-124.1738
Copalis Crossing,WA,47.1591,-124.1352
Copan,OK,36.9062,-95.913
Cope,CO,39.6848,-102.9904
Cope,SC,33.3726,-80.9631
Copeland,FL,25.9542,-81.3575
Copeland,KS,37.568,-100.6148
Copemish,MI,44.4503,-85.8879
Copen,WV,38.8376,-80.7295
Copenhagen,NY,43.8801,-75.6839
Copeville,TX,33.0875,-96.4186
Copiague,NY,40.6778,-73.3963
Coplay,PA,40.6701,-75.4955
Coppell,TX,32.96095,-96.99775
Copper Center,AK,61.977,-145.3297
Copper City,MI,47.2842,-88.3875
Copper Harbor,MI,47.4688,-87.8884
Copper Hill,VA,37.0556,-80.1525
Copperas Cove,TX,31.2029,-97.9301
Copperhill,TN,35.0207,-84.3748
Copperopolis,CA,37.944,-120.6423
Coquille,OR,43.1884,-124.2014
Cora,WV,37.8332,-81.9024
Cora,WY,43.1399,-109.9154
Coral,MI,43.3645,-85.3792
Coral,PA,40.4992,-79.1739
Coral Gables,FL,25.7215,-80.2684
Coral Springs,FL,26.2712,-80.2706
Coralville,IA,41.6937,-91.5906
Coram,MT,48.4342,-114.0584
Coram,NY,40.885,-73.0069
Coraopolis,PA,40.5,-80.1996
Corapeake,NC,36.5179,-76.5979
Corbett,OR,45.5221,-122.2417
Corbettsville,NY,42.0156,-75.7905
Corbin,KY,36.9359,-84.1026
Corbin,VA,38.1996,-77.3889
Corcoran,CA,36.0865,-119.5607
Cord,AR,35.8184,-91.3375
Cordele,GA,31.9369,-83.78445
Cordell,OK,35.2788,-98.9511
Corder,MO,39.1024,-93.6391
Cordesville,SC,33.1362,-79.8826
Cordova,AK,60.5362,-145.7534
Cordova,AL,33.768,-87.1841
Cordova,IL,41.6928,-90.3071
Cordova,MD,38.8704,-76.0029
Cordova,NC,34.9129,-79.822
Cordova,NE,40.7185,-97.3407
Cordova,NM,36.0072,-105.8606
Cordova,SC,33.4275,-80.8857
Cordova,TN,35.15713,-89.778
Corea,ME,44.4053,-67.985
Corfu,NY,42.9777,-78.3929
Corinna,ME,44.926,-69.2323
Corinne,UT,41.545,-112.1514
Corinne,WV,37.5729,-81.3565
Corinth,KY,38.5302,-84.5846
Corinth,ME,44.9805,-69.0109
Corinth,MS,34.8982,-88.5567
Corinth,NY,43.2426,-73.8369
Corinth,VT,44.0325,-72.2822
Corn,OK,35.3784,-98.7818
Cornelia,GA,34.5209,-83.5453
Cornelius,NC,35.4733,-80.8726
Cornelius,OR,45.529,-123.0415
Cornell,IL,41.031,-88.7668
Cornell,MI,45.9104,-87.2237
Cornell,WI,45.1619,-91.1733
Cornersville,TN,35.3409,-86.8286
Cornettsville,KY,37.134,-83.0768
Corning,AR,36.4155,-90.587
Corning,CA,39.9296,-122.196
Corning,IA,40.9871,-94.7358
Corning,KS,39.6572,-96.0294
Corning,NY,42.1406,-77.0511
Corning,OH,39.6361,-82.1102
Cornish,ME,43.7796,-70.7784
Cornish,NH,43.4963,-72.3394
Cornish,UT,41.9443,-111.9733
Cornish Flat,NH,43.4973,-72.2795
Cornland,IL,39.9374,-89.4023
Cornucopia,WI,46.8372,-91.0974
Cornville,AZ,34.7256,-111.9086
Cornwall,CT,41.8281,-73.3323
Cornwall,NY,41.4162,-74.0395
Cornwall,PA,40.2755,-76.4053
Cornwall Bridge,CT,41.8187,-73.371
Cornwall On Hudson,NY,41.433,-74.0061
Cornwallville,NY,42.3629,-74.1631
Corolla,NC,36.3206,-75.8132
Corona,CA,33.85303,-117.5537
Corona,NM,34.1693,-105.5339
Corona,NY,40.7453,-73.8611
Corona,SD,45.3595,-96.6649
Corona Del Mar,CA,33.6021,-117.8743
Coronado,CA,32.6833,-117.17645
Corpus Christi,TX,27.76236,-97.43484
Corral,ID,43.5282,-114.7307
Corrales,NM,35.2339,-106.62
Correctionville,IA,42.4743,-95.7804
Correll,MN,45.2907,-96.1753
Corrigan,TX,31.0408,-94.8124
Corriganville,MD,39.6967,-78.8031
Corry,PA,41.9226,-79.6567
Corryton,TN,36.12,-83.813
Corsica,PA,41.1762,-79.1976
Corsica,SD,43.4213,-98.3564
Corsicana,TX,32.04763,-96.45653
Cortaro,AZ,32.4201,-111.1132
Corte Madera,CA,37.9239,-122.52035
Cortez,CO,37.3549,-108.5837
Cortez,FL,27.4713,-82.6823
Cortland,IL,41.92,-88.6887
Cortland,IN,38.9745,-85.9628
Cortland,NE,40.4976,-96.7166
Cortland,NY,42.5952,-76.1857
Cortland,OH,41.3251,-80.7327
Cortlandt Manor,NY,41.284,-73.8931
Corunna,IN,41.4504,-85.137
Corunna,MI,43.0414,-84.0276
Corvallis,MT,46.3142,-114.096
Corvallis,OR,44.56453,-123.273
Corwith,IA,42.9927,-93.9575
Cory,CO,38.7887,-107.9862
Cory,IN,39.3435,-87.1956
Corydon,IA,40.7771,-93.3274
Corydon,IN,38.2189,-86.1145
Corydon,KY,37.7443,-87.7
Cos Cob,CT,41.053,-73.5935
Cosby,MO,39.8555,-94.6977
Cosby,TN,35.8347,-83.2187
Coshocton,OH,40.2754,-81.866
Cosmopolis,WA,46.9538,-123.7739
Cosmos,MN,44.959,-94.6978
Cossayuna,NY,43.1837,-73.4268
Cost,TX,29.4321,-97.5531
Costa,WV,38.1591,-81.7092
Costa Mesa,CA,33.65617,-117.9133
Costilla,NM,36.9324,-105.6723
Cotati,CA,38.3259,-122.7048
Cotopaxi,CO,38.3703,-105.6881
Cottage Grove,MN,44.8308,-92.9393
Cottage Grove,OR,43.7839,-123.0529
Cottage Grove,TN,36.3479,-88.4614
Cottage Grove,WI,43.0784,-89.2017
Cottage Hills,IL,38.9124,-90.0826
Cottageville,SC,32.9612,-80.4794
Cottageville,WV,38.8633,-81.8186
Cottekill,NY,41.8467,-74.1038
Cotter,AR,36.2712,-92.5354
Cottleville,MO,38.7462,-90.654
Cotton,GA,31.1616,-84.0668
Cotton,MN,47.1521,-92.4352
Cotton Center,TX,33.9753,-102.0314
Cotton Plant,AR,35.0178,-91.229
Cotton Valley,LA,32.819,-93.4259
Cottondale,AL,33.1767,-87.3871
Cottondale,FL,30.8004,-85.3847
Cottonport,LA,30.9862,-92.0581
Cottonton,AL,32.1468,-85.0738
Cottontown,TN,36.4912,-86.6033
Cottonwood,AL,31.0507,-85.3154
Cottonwood,AZ,34.7055,-112.0091
Cottonwood,CA,40.3691,-122.3375
Cottonwood,ID,46.0448,-116.3733
Cottonwood,MN,44.6003,-95.6925
Cottonwood Falls,KS,38.3565,-96.5418
Cotuit,MA,41.6243,-70.4364
Cotulla,TX,28.4398,-99.2328
Couch,MO,36.5853,-91.2724
Couderay,WI,45.838,-91.2918
Coudersport,PA,41.7762,-77.9567
Cougar,WA,46.0515,-122.2995
Coulee City,WA,47.5966,-119.2758
Coulee Dam,WA,48.0379,-118.9419
Coulter,IA,42.7382,-93.37
Coulters,PA,40.4344,-80.0248
Coulterville,CA,37.7197,-120.1197
Coulterville,IL,38.1753,-89.6479
Counce,TN,35.0394,-88.2936
Council,ID,44.7628,-116.4518
Council,NC,34.429,-78.4115
Council Bluffs,IA,41.25197,-95.85367
Council Grove,KS,38.6959,-96.5469
Council Hill,OK,35.5556,-95.6514
Counselor,NM,36.2092,-107.4578
Country Club Hills,IL,41.5637,-87.7247
Countyline,OK,34.4487,-97.5628
Coupeville,WA,48.2189,-122.6823
Coupland,TX,30.4872,-97.3676
Coupon,PA,40.5218,-78.5263
Courtenay,ND,47.2272,-98.5489
Courtland,AL,34.6719,-87.3143
Courtland,CA,38.3137,-121.563
Courtland,KS,39.7851,-97.89
Courtland,MN,44.2791,-94.3482
Courtland,MS,34.2596,-89.9396
Courtland,VA,36.7225,-77.0783
Coushatta,LA,32.0231,-93.2648
Cove,AR,34.4192,-94.3923
Cove,OR,45.3199,-117.8147
Cove City,NC,35.2023,-77.2963
Covel,WV,37.4909,-81.3226
Covelo,CA,39.82,-123.0585
Coventry,CT,41.7822,-72.3332
Coventry,RI,41.6914,-71.5768
Coventry,VT,44.8656,-72.2648
Covert,MI,42.2911,-86.2743
Covesville,VA,37.908,-78.7127
Covina,CA,34.09233,-117.88227
Covington,GA,33.5469,-83.85747
Covington,IN,40.1326,-87.3819
Covington,KY,39.02234,-84.5246
Covington,LA,30.50973,-90.10203
Covington,MI,46.5413,-88.5371
Covington,OH,40.1176,-84.3496
Covington,OK,36.3099,-97.5752
Covington,PA,41.7448,-77.0772
Covington,TN,35.5598,-89.6501
Covington,TX,32.1595,-97.2591
Covington,VA,37.7802,-79.987
Cowan,TN,35.1783,-86.0167
Cowansville,PA,40.923,-79.5946
Coward,SC,33.9905,-79.7515
Cowarts,AL,31.2025,-85.3014
Cowden,IL,39.2326,-88.8868
Cowdrey,CO,40.8597,-106.3131
Cowen,WV,38.4133,-80.5358
Coweta,OK,35.9578,-95.6526
Cowgill,MO,39.5643,-93.9295
Cowiche,WA,46.6661,-120.7149
Cowlesville,NY,42.8112,-78.4481
Cowley,WY,44.8841,-108.4638
Cowpens,SC,35.039,-81.822
Coxs Creek,KY,37.9125,-85.4658
Coxs Mills,WV,39.0301,-80.8498
Coxsackie,NY,42.3501,-73.8199
Coy,AL,31.8889,-87.3926
Coy,AR,34.5387,-91.874
Coyanosa,TX,31.2295,-103.0538
Coyle,OK,35.8985,-97.2607
Coyote,CA,37.2123,-121.7416
Coyote,NM,36.1018,-106.6692
Coyote Springs,NV,36.1579,-114.934
Cozad,NE,40.8619,-99.9921
Crab Orchard,KY,37.4465,-84.4939
Crab Orchard,NE,40.3166,-96.4116
Crab Orchard,TN,35.9537,-84.8205
Crab Orchard,WV,37.7385,-81.2536
Crabtree,OR,44.6344,-122.8933
Crabtree,PA,40.3623,-79.4706
Craddockville,VA,37.5773,-75.8646
Craftsbury,VT,44.6434,-72.366
Craftsbury Common,VT,44.6788,-72.3594
Cragford,AL,33.2171,-85.7108
Cragsmoor,NY,41.6698,-74.3801
Craig,AK,55.4732,-133.1171
Craig,CO,40.5188,-107.554
Craig,MO,40.1267,-95.3291
Craig,NE,41.7715,-96.3924
Craigmont,ID,46.2453,-116.4677
Craigsville,VA,38.0768,-79.3619
Craigsville,WV,38.3254,-80.6444
Craigville,IN,40.793,-85.0904
Craley,PA,39.9467,-76.5066
Cramerton,NC,35.2396,-81.0831
Cranberry,PA,41.3197,-79.6317
Cranberry Isles,ME,44.2484,-68.2603
Cranberry Lake,NY,44.229,-74.8581
Cranberry Township,PA,40.685,-80.1071
Cranbury,NJ,40.3039,-74.5065
Crandall,GA,34.9412,-84.7645
Crandall,IN,38.2876,-86.0664
Crandall,TX,32.6279,-96.4558
Crandon,WI,45.5416,-88.9116
Crane,IN,38.8949,-86.9002
Crane,MO,36.9258,-93.5303
Crane,MT,47.5758,-104.2624
Crane,OR,43.4262,-118.4642
Crane,TX,31.3969,-102.3544
Crane Hill,AL,34.0821,-87.0484
Crane Lake,MN,48.2594,-92.4896
Cranesville,PA,41.9162,-80.3085
Cranfills Gap,TX,31.7486,-97.8113
Cranford,NJ,40.6554,-74.3057
Cranks,KY,36.7558,-83.1838
Cranston,RI,41.76987,-71.4701
Crapo,MD,38.3295,-76.1142
Crary,ND,48.091,-98.5731
Craryville,NY,42.176,-73.6571
Crater Lake,OR,42.9465,-122.1769
Crawford,CO,38.6941,-107.6149
Crawford,GA,33.9076,-83.1646
Crawford,MS,33.3219,-88.5671
Crawford,NE,42.6758,-103.4053
Crawford,OK,35.8368,-99.8064
Crawford,TN,36.2361,-85.1688
Crawford,TX,31.5598,-97.39
Crawford,WV,38.872,-80.4368
Crawfordsville,AR,35.2119,-90.3351
Crawfordsville,IA,41.2093,-91.5414
Crawfordsville,IN,40.0325,-86.9074
Crawfordsville,OR,44.3593,-122.8508
Crawfordville,FL,30.1934,-84.34785
Crawfordville,GA,33.5708,-82.8872
Crawley,WV,37.9397,-80.6309
Crayne,KY,37.2706,-88.0825
Creal Springs,IL,37.6195,-88.8367
Cream Ridge,NJ,40.1399,-74.465
Creamery,PA,40.1851,-75.42
Creede,CO,37.8164,-106.9277
Creedmoor,NC,36.1224,-78.6861
Creekside,PA,40.7199,-79.2014
Creighton,MO,38.5078,-94.0926
Creighton,NE,42.4681,-97.8932
Creighton,PA,40.5821,-79.7818
Crenshaw,MS,34.4491,-90.1701
Creola,AL,30.9013,-88.0174
Creola,OH,39.3543,-82.503
Creole,LA,29.8646,-93.0033
Cresbard,SD,45.1691,-98.9411
Crescent,GA,31.5094,-81.3695
Crescent,IA,41.3644,-95.8276
Crescent,OK,35.942,-97.5969
Crescent,OR,43.4442,-121.7109
Crescent,PA,40.5563,-80.2286
Crescent City,CA,41.7689,-124.16685
Crescent City,FL,29.4272,-81.5579
Crescent City,IL,40.7417,-87.849
Crescent Mills,CA,40.0673,-120.9248
Crescent Valley,NV,40.4138,-116.5813
Cresco,IA,43.363,-92.126
Cresco,PA,41.154,-75.2805
Cressey,CA,37.4197,-120.6663
Cresskill,NJ,40.9418,-73.9652
Cresson,PA,40.47265,-78.64415
Cresson,TX,32.5343,-97.6158
Cressona,PA,40.6284,-76.195
Crest Hill,IL,41.5548,-88.0987
Crested Butte,CO,38.88485,-106.9625
Crestline,CA,34.2433,-117.2811
Crestline,KS,37.1694,-94.7041
Crestline,OH,40.7927,-82.7367
Creston,CA,35.4779,-120.4361
Creston,IA,41.0499,-94.3471
Creston,IL,41.9312,-88.9566
Creston,NC,36.45,-81.6506
Creston,NE,41.7067,-97.3625
Creston,OH,40.9788,-81.9211
Creston,WA,47.7977,-118.5307
Creston,WV,38.9378,-81.2369
Crestone,CO,37.953,-105.6879
Crestview,FL,30.77085,-86.53745
Crestwood,IL,41.6446,-87.7415
Crestwood,KY,38.3326,-85.461
Creswell,NC,35.8653,-76.4196
Creswell,OR,43.9058,-123.0284
Crete,IL,41.439,-87.6027
Crete,NE,40.6193,-96.9567
Creve Coeur,IL,40.6428,-89.5988
Crewe,VA,37.1657,-78.1059
Criders,VA,38.7497,-78.9974
Crimora,VA,38.1684,-78.8413
Cripple Creek,CO,38.8261,-105.1499
Cripple Creek,VA,36.8086,-81.1039
Crisfield,MD,37.9845,-75.8429
Crittenden,KY,38.7741,-84.5982
Crittenden,NY,42.9473,-78.4744
Critz,VA,36.6211,-80.1298
Crivitz,WI,45.2617,-88.078
Crocheron,MD,38.2426,-76.0531
Crocker,MO,37.9446,-92.27
Crockett,CA,38.0519,-122.2177
Crockett,KY,37.9856,-83.0907
Crockett,TX,31.3208,-95.3928
Crockett,VA,36.8768,-81.2089
Crockett Mills,TN,35.8676,-89.1692
Crocketts Bluff,AR,34.4528,-91.2692
Crocketville,SC,32.9166,-81.0773
Crofton,KY,37.0344,-87.4891
Crofton,MD,39.0112,-76.6802
Crofton,NE,42.737,-97.5406
Croghan,NY,43.9095,-75.3542
Cromona,KY,37.1865,-82.6971
Crompond,NY,41.3006,-73.8612
Cromwell,CT,41.6105,-72.6663
Cromwell,IA,41.0398,-94.4616
Cromwell,IN,41.3751,-85.6031
Cromwell,KY,37.3418,-86.77
Cromwell,MN,46.6718,-92.8739
Cromwell,OK,35.3405,-96.4546
Crook,CO,40.8747,-102.8472
Crooked Creek,AK,61.8181,-158.0025
Crooks,SD,43.6669,-96.8221
Crookston,MN,47.7797,-96.5931
Crookston,NE,42.9255,-100.7735
Crooksville,OH,39.7623,-82.084
Cropsey,IL,40.603,-88.4943
Cropseyville,NY,42.7667,-73.4719
Cropwell,AL,33.5296,-86.3007
Crosby,MN,46.5091,-93.9874
Crosby,MS,31.291,-91.1849
Crosby,ND,48.8836,-103.274
Crosby,PA,41.7451,-78.3903
Crosby,TX,29.9249,-95.0578
Crosbyton,TX,33.6562,-101.2287
Cross,SC,33.3364,-80.1859
Cross Anchor,SC,34.6383,-81.8567
Cross City,FL,29.6372,-83.2032
Cross Fork,PA,41.4737,-77.8095
Cross Hill,SC,34.2693,-81.9843
Cross Junction,VA,39.3744,-78.3081
Cross Plains,IN,38.949,-85.2122
Cross Plains,TN,36.5531,-86.6761
Cross Plains,TX,32.1482,-99.1872
Cross Plains,WI,43.1132,-89.6397
Cross River,NY,41.2722,-73.602
Cross Timbers,MO,38.0239,-93.1978
Cross Village,MI,45.6254,-85.0419
Crossett,AR,33.156,-91.9975
Crosslake,MN,46.6773,-94.1128
Crossnore,NC,36.0218,-81.9296
Crossroads,NM,33.5272,-103.3564
Crossville,AL,34.2588,-86.0306
Crossville,IL,38.166,-88.0595
Crossville,TN,35.97198,-85.01606
Croswell,MI,43.2622,-82.6337
Crothersville,IN,38.8067,-85.847
Croton,OH,40.2376,-82.6989
Croton Falls,NY,41.3477,-73.661
Croton On Hudson,NY,41.22615,-73.9093
Crouse,NC,35.421,-81.3054
Crouseville,ME,46.755,-68.0964
Crow Agency,MT,45.6296,-107.4973
Crowder,MS,34.1731,-90.1364
Crowder,OK,35.1334,-95.6602
Crowell,TX,33.9912,-99.6983
Crowheart,WY,43.3716,-109.296
Crowley,CO,38.1931,-103.8561
Crowley,LA,30.2216,-92.33975
Crowley,TX,32.5814,-97.3703
Crown,PA,41.3898,-79.2709
Crown City,OH,38.6135,-82.2657
Crown King,AZ,34.2241,-112.334
Crown Point,IN,41.4203,-87.36045
Crown Point,NY,43.9526,-73.4665
Crownpoint,NM,35.7206,-108.0271
Crownsville,MD,39.0489,-76.5935
Crows Landing,CA,37.4218,-121.0411
Crowville,LA,32.2407,-91.5901
Croydon,PA,40.0933,-74.8991
Croydon,UT,41.0689,-111.5231
Crozet,VA,38.1296,-78.7106
Crozier,VA,37.6718,-77.794
Crucible,PA,39.9502,-79.9676
Cruger,MS,33.311,-90.2316
Crum,WV,37.9389,-82.4624
Crum Lynne,PA,39.8685,-75.3374
Crump,TN,35.2191,-88.3192
Crumpler,NC,36.4641,-81.4039
Crumpton,MD,39.233,-75.9195
Crumrod,AR,34.1335,-90.9751
Crystal,MI,43.2624,-84.8993
Crystal,ND,48.5924,-97.6738
Crystal Bay,MN,44.953,-93.5763
Crystal Bay,NV,39.226,-120.0041
Crystal Beach,FL,28.0914,-82.7798
Crystal City,MO,38.23,-90.3825
Crystal City,TX,28.687,-99.8264
Crystal Falls,MI,46.1093,-88.3505
Crystal Hill,VA,36.8513,-78.9179
Crystal Lake,IA,43.2233,-93.7924
Crystal Lake,IL,42.27393,-88.36873
Crystal River,FL,28.89337,-82.61297
Crystal Spring,PA,39.92,-78.2258
Crystal Springs,FL,28.1822,-82.1523
Crystal Springs,MS,31.9933,-90.3744
Cub Run,KY,37.3149,-86.0813
Cuba,AL,32.411,-88.3611
Cuba,IL,40.4995,-90.1811
Cuba,KS,39.7975,-97.4496
Cuba,MO,38.0926,-91.4081
Cuba,NM,36.0482,-107.1885
Cuba,NY,42.1882,-78.2751
Cuba,OH,39.3568,-83.8572
Cuba City,WI,42.5991,-90.4749
Cubero,NM,35.0859,-107.5181
Cucumber,WV,37.2779,-81.6268
Cudahy,WI,42.949,-87.862
Cuddebackville,NY,41.4776,-74.5976
Cuddy,PA,40.3547,-80.1669
Cuero,TX,29.091,-97.2812
Cuervo,NM,35.0312,-104.4086
Culberson,NC,34.9917,-84.1677
Culbertson,MT,48.1495,-104.5132
Culbertson,NE,40.2237,-100.85
Culdesac,ID,46.378,-116.6536
Cullen,LA,32.9721,-93.4492
Cullen,VA,37.1552,-78.6459
Culleoka,TN,35.4749,-87.0005
Cullman,AL,34.16213,-86.84253
Culloden,GA,32.9003,-84.0626
Culloden,WV,38.4198,-82.069
Cullom,IL,40.8781,-88.2765
Cullowhee,NC,35.2409,-83.1475
Culpeper,VA,38.5117,-77.9928
Culver,IN,41.22,-86.4269
Culver,OR,44.4818,-121.2344
Culver City,CA,34.01347,-118.39735
Cumberland,IA,41.2632,-94.871
Cumberland,KY,36.9711,-82.9771
Cumberland,MD,39.61594,-78.78068
Cumberland,NC,35.0049,-78.9673
Cumberland,OH,39.852,-81.6576
Cumberland,RI,41.9484,-71.4154
Cumberland,VA,37.5019,-78.2581
Cumberland,WI,45.5403,-92.0297
Cumberland Center,ME,43.7974,-70.2649
Cumberland City,TN,36.3729,-87.6306
Cumberland Foreside,ME,43.759,-70.1993
Cumberland Furnace,TN,36.2721,-87.3914
Cumberland Gap,TN,36.5504,-83.681
Cumbola,PA,40.7114,-76.1392
Cumby,TX,33.1118,-95.7945
Cummaquid,MA,41.7014,-70.2772
Cumming,GA,34.24183,-84.1469
Cumming,IA,41.4849,-93.7539
Cummings,KS,39.483,-95.2863
Cummings,ND,47.537,-96.9913
Cummington,MA,42.4633,-72.9202
Cumnock,NC,35.4676,-79.1653
Cuney,TX,32.0415,-95.42
Cunningham,KS,37.6309,-98.3564
Cunningham,KY,36.8963,-88.8728
Cunningham,TN,36.3789,-87.4245
Cunningham,TX,33.409,-95.3711
Cupertino,CA,37.3205,-122.0488
Curdsville,KY,37.735,-87.3317
Curlew,IA,42.9633,-94.7975
Curlew,WA,48.9108,-118.6452
Curllsville,PA,41.2023,-79.4538
Curran,MI,44.7336,-83.832
Currie,MN,44.0946,-95.6953
Currie,NC,34.4497,-78.0925
Currituck,NC,36.4398,-76.0055
Curryville,MO,39.3257,-91.3493
Curryville,PA,40.2759,-78.3383
Curtice,OH,41.6477,-83.2858
Curtis,AR,34.0103,-93.0976
Curtis,MI,46.2048,-85.7865
Curtis,NE,40.6131,-100.5104
Curtis,WA,46.4956,-123.1468
Curtis Bay,MD,39.2109,-76.5597
Curtiss,WI,44.9602,-90.4592
Curtisville,PA,40.6423,-79.8509
Curwensville,PA,40.966,-78.5272
Cushing,IA,42.4642,-95.6775
Cushing,ME,43.9867,-69.2721
Cushing,MN,46.2022,-94.6185
Cushing,OK,35.9822,-96.7526
Cushing,TX,31.7978,-94.8539
Cushing,WI,45.5604,-92.6241
Cushman,AR,35.8729,-91.754
Cusick,WA,48.3915,-117.3295
Cusseta,AL,32.7831,-85.2756
Cusseta,GA,32.299,-84.7645
Custar,OH,41.2953,-83.8349
Custer,KY,37.7358,-86.2378
Custer,MI,43.9324,-86.1777
Custer,MT,46.1302,-107.5958
Custer,SD,43.6573,-103.4258
Custer,WA,48.9374,-122.6226
Custer,WI,44.5662,-89.4153
Custer City,OK,35.6894,-98.912
Custer City,PA,41.9059,-78.6517
Cut Bank,MT,48.6603,-112.3654
Cut Off,LA,29.5232,-90.3393
Cutchogue,NY,41.0139,-72.4803
Cuthbert,GA,31.7706,-84.7936
Cutler,CA,36.5243,-119.287
Cutler,IL,38.0427,-89.5661
Cutler,IN,40.4785,-86.4462
Cutler,ME,44.6753,-67.2499
Cutler,OH,39.4042,-81.7657
Cutten,CA,40.7965,-124.1737
Cuttingsville,VT,43.5221,-72.8691
Cuttyhunk,MA,41.4218,-70.9313
Cuyahoga Falls,OH,41.14013,-81.49143
Cyclone,PA,41.8186,-78.5957
Cyclone,WV,37.7329,-81.6887
Cygnet,OH,41.2401,-83.6433
Cylinder,IA,43.1507,-94.5107
Cynthiana,IN,38.193,-87.6992
Cynthiana,KY,38.3964,-84.2949
Cynthiana,OH,39.1737,-83.3485
Cypress,CA,33.8181,-118.0357
Cypress,FL,30.7158,-85.0784
Cypress,IL,37.365,-88.9747
Cypress,TX,29.9431,-95.6785
Cypress Inn,TN,35.0579,-87.7883
Cyril,OK,34.8959,-98.2083
Cyrus,MN,45.6414,-95.7096
D Hanis,TX,29.3398,-99.2835
D Lo,MS,31.9857,-89.9012
Dacoma,OK,36.6606,-98.5942
Dacono,CO,40.0836,-104.9297
Dacula,GA,33.9883,-83.8795
Dade City,FL,28.35553,-82.23697
Dadeville,AL,32.8224,-85.7704
Dadeville,MO,37.5105,-93.6956
Dafter,MI,46.327,-84.3878
Daggett,CA,34.8668,-116.8876
Daggett,MI,45.4887,-87.6079
Dagmar,MT,48.6093,-104.2401
Dagsboro,DE,38.5596,-75.2113
Dagus Mines,PA,41.3539,-78.6056
Dahinda,IL,40.9551,-90.1398
Dahlen,ND,48.1599,-97.9573
Dahlgren,IL,38.1975,-88.6363
Dahlgren,VA,38.3375,-77.0429
Dahlonega,GA,34.5288,-83.98035
Dailey,WV,38.7987,-79.8962
Daingerfield,TX,33.0313,-94.7359
Dairy,OR,42.2351,-121.5211
Daisetta,TX,30.1133,-94.643
Daisy,GA,32.1519,-81.8346
Daisy,MO,37.5151,-89.8213
Daisy,OK,34.5384,-95.7088
Daisytown,PA,40.0743,-79.967
Dakota,IL,42.4031,-89.5468
Dakota,MN,43.9148,-91.394
Dakota City,IA,42.7214,-94.1993
Dakota City,NE,42.3807,-96.4536
Dalbo,MN,45.6787,-93.4419
Dale,IL,37.995,-88.4917
Dale,IN,38.1706,-87.007
Dale,NY,42.8263,-78.1749
Dale,SC,32.5527,-80.677
Dale,TX,29.9528,-97.581
Dale,WI,44.273,-88.6784
Daleville,AL,31.2811,-85.7305
Daleville,IN,40.1257,-85.511
Daleville,MS,32.5511,-88.6609
Daleville,VA,37.4125,-79.9211
Dalhart,TX,36.0732,-102.5177
Dallardsville,TX,30.6285,-94.6319
Dallas,GA,33.9104,-84.84495
Dallas,NC,35.3349,-81.1862
Dallas,OR,44.9225,-123.32
Dallas,PA,41.3428,-75.97335
Dallas,SD,43.2351,-99.514
Dallas,TX,32.78856,-96.78716
Dallas,WI,45.2549,-91.8368
Dallas,WV,39.9783,-80.5508
Dallas Center,IA,41.6862,-93.9707
Dallas City,IL,40.572,-91.1255
Dallastown,PA,39.9124,-76.6535
Dallesport,WA,45.6327,-121.1717
Dalmatia,PA,40.6483,-76.8797
Dalton,GA,34.768,-84.96072
Dalton,MA,42.47435,-73.16325
Dalton,MN,46.1738,-95.9156
Dalton,MO,39.4035,-92.9944
Dalton,NE,41.4068,-102.9726
Dalton,NY,42.5449,-77.9289
Dalton,OH,40.7793,-81.7008
Dalton,PA,41.5395,-75.7037
Dalton,WI,43.6718,-89.1918
Dalton City,IL,39.7119,-88.7975
Daly City,CA,37.69445,-122.46015
Dalzell,IL,41.3547,-89.1705
Dalzell,SC,34.0144,-80.4665
Damar,KS,39.3242,-99.5811
Damariscotta,ME,44.0293,-69.5042
Damascus,AR,35.3673,-92.4096
Damascus,GA,31.2984,-84.7175
Damascus,MD,39.2761,-77.2131
Damascus,OH,40.9021,-80.9628
Damascus,OR,45.4176,-122.459
Damascus,PA,41.7366,-75.1312
Damascus,VA,36.6403,-81.7776
Dameron,MD,38.1533,-76.3575
Dammeron Valley,UT,37.2849,-113.6586
Damon,TX,29.3014,-95.7036
Dana,IA,42.1075,-94.2408
Dana,IL,40.9547,-88.9628
Dana,IN,39.839,-87.4712
Dana,KY,37.5467,-82.6705
Dana,NC,35.3293,-82.3754
Dana Point,CA,33.4743,-117.6964
Danboro,PA,40.3545,-75.1327
Danbury,CT,41.37052,-73.4267
Danbury,IA,42.2693,-95.7263
Danbury,NC,36.4559,-80.2194
Danbury,NE,40.0377,-100.4242
Danbury,NH,43.5115,-71.8691
Danbury,TX,29.2291,-95.3435
Danbury,WI,45.9726,-92.293
Danby,VT,43.3583,-73.0129
Danciger,TX,29.1737,-95.8207
Dandridge,TN,36.0008,-83.4233
Dane,WI,43.2424,-89.5117
Danese,WV,37.9567,-80.9379
Danevang,TX,29.0575,-96.2075
Danforth,IL,40.8244,-87.9868
Danforth,ME,45.6687,-67.8688
Dania,FL,26.0476,-80.1447
Daniel,WY,42.9176,-110.1336
Daniels,WV,37.7256,-81.1087
Danielson,CT,41.7982,-71.8807
Danielsville,GA,34.1708,-83.2758
Danielsville,PA,40.7866,-75.5186
Dannebrog,NE,41.1192,-98.5546
Dannemora,NY,44.72,-73.7192
Dansville,MI,42.5505,-84.2939
Dansville,NY,42.57,-77.7109
Dante,SD,42.9967,-98.1746
Dante,VA,37.0054,-82.2815
Danube,MN,44.7919,-95.0972
Danvers,IL,40.5364,-89.1885
Danvers,MA,42.5694,-70.9425
Danvers,MN,45.2818,-95.7219
Danville,AL,34.3873,-87.1454
Danville,AR,35.0495,-93.3929
Danville,CA,37.82305,-121.94135
Danville,GA,32.6057,-83.2454
Danville,IA,40.854,-91.314
Danville,IL,40.1486,-87.6473
Danville,IN,39.7628,-86.5343
Danville,KS,37.2674,-97.8689
Danville,KY,37.64605,-84.77345
Danville,ME,44.0239,-70.2857
Danville,NH,42.9234,-71.121
Danville,OH,40.4557,-82.2639
Danville,PA,40.97365,-76.6139
Danville,VA,36.59747,-79.4215
Danville,VT,44.4332,-72.1133
Danville,WA,48.9725,-118.4884
Danville,WV,38.0809,-81.834
Daphne,AL,30.6197,-87.8895
Darby,MT,46.028,-114.1938
Darby,PA,39.9176,-75.2696
Dardanelle,AR,35.1955,-93.1873
Darden,TN,35.663,-88.2177
Darfur,MN,44.0513,-94.838
Darien,CT,41.0768,-73.4853
Darien,GA,31.3826,-81.4312
Darien,IL,41.7434,-87.9805
Darien,WI,42.5973,-88.7508
Darien Center,NY,42.8948,-78.3878
Darling,MS,34.359,-90.2743
Darlington,IN,40.1118,-86.7645
Darlington,MD,39.654,-76.2278
Darlington,MO,40.1955,-94.4049
Darlington,PA,40.7968,-80.4556
Darlington,SC,34.3423,-79.8577
Darlington,WI,42.6878,-90.1106
Darragh,PA,40.2665,-79.6787
Darrington,WA,48.2395,-121.5892
Darrouzett,TX,36.4453,-100.3254
Darrow,LA,30.13,-90.9651
Dartmouth,MA,41.7562,-71.0671
Darwin,CA,36.2948,-117.5957
Darwin,MN,45.1029,-94.4249
Dassel,MN,45.1032,-94.3305
Dateland,AZ,32.8679,-113.4631
Datil,NM,34.0427,-108.0183
Datto,AR,36.3897,-90.7231
Daufuskie Island,SC,32.1145,-80.8686
Dauphin,PA,40.3846,-76.9283
Dauphin Island,AL,30.2521,-88.1096
Davenport,CA,37.0423,-122.2137
Davenport,FL,28.23195,-81.63868
Davenport,IA,41.56538,-90.5916
Davenport,ND,46.6968,-97.0871
Davenport,NE,40.3108,-97.805
Davenport,NY,42.4711,-74.8357
Davenport,OK,35.7089,-96.767
Davenport,VA,37.1134,-82.1501
Davenport,WA,47.6809,-118.1667
Davenport Center,NY,42.4508,-74.9013
Davey,NE,40.9639,-96.688
David,KY,37.5767,-82.8708
David City,NE,41.2528,-97.13
Davidson,NC,35.49255,-80.8213
Davidson,OK,34.2514,-99.064
Davidsonville,MD,38.9374,-76.6375
Davidsville,PA,40.2245,-78.9363
Davilla,TX,30.7857,-97.275
Davin,WV,37.7265,-81.8057
Davis,CA,38.54937,-121.73587
Davis,IL,42.4422,-89.4067
Davis,NC,34.7974,-76.4602
Davis,OK,34.50065,-97.11075
Davis,SD,43.2864,-96.9792
Davis,WV,39.0882,-79.4563
Davis City,IA,40.6346,-93.8105
Davis Creek,CA,41.7336,-120.3741
Davis Junction,IL,42.0979,-89.0838
Davis Station,SC,33.6027,-80.2645
Davis Wharf,VA,37.5529,-75.878
Davisboro,GA,32.9443,-82.6227
Davisburg,MI,42.7496,-83.5358
Davison,MI,43.0348,-83.5268
Daviston,AL,33.0335,-85.7538
Davisville,MO,37.787,-91.2116
Davisville,WV,39.2126,-81.4799
Davy,WV,37.4784,-81.6534
Dawes,WV,38.1429,-81.4521
Dawn,MO,39.6665,-93.5964
Dawn,TX,34.9106,-102.2002
Dawson,AL,34.3568,-85.9292
Dawson,GA,31.7703,-84.5238
Dawson,IA,41.8324,-94.2171
Dawson,IL,39.8563,-89.4603
Dawson,MN,44.9327,-96.0545
Dawson,ND,46.8686,-99.7515
Dawson,NE,40.1377,-95.8341
Dawson,PA,40.0638,-79.6602
Dawson,TX,31.8974,-96.7085
Dawson Springs,KY,37.1964,-87.6821
Dawsonville,GA,34.4537,-84.155
Day,FL,30.1941,-83.2913
Dayhoit,KY,36.8356,-83.3753
Daykin,NE,40.3192,-97.3043
Days Creek,OR,42.9819,-123.1439
Dayton,IA,42.2594,-94.061
Dayton,ID,42.1184,-111.9858
Dayton,IN,40.3761,-86.774
Dayton,KY,39.1114,-84.4712
Dayton,MD,39.2339,-76.9968
Dayton,MN,45.1982,-93.4668
Dayton,MT,47.8607,-114.2809
Dayton,NJ,40.3825,-74.5111
Dayton,NV,39.2806,-119.5287
Dayton,NY,42.4086,-78.9844
Dayton,OH,39.74658,-84.19954
Dayton,OR,45.1977,-123.0753
Dayton,PA,40.8741,-79.2686
Dayton,TN,35.5002,-85.0135
Dayton,TX,30.0102,-94.8787
Dayton,VA,38.4707,-79.085
Dayton,WA,46.3075,-117.9738
Dayton,WY,44.878,-107.3026
Daytona Beach,FL,29.19577,-81.03257
Dayville,CT,41.854,-71.8683
Dayville,OR,44.4663,-119.5312
Dazey,ND,47.1828,-98.1616
De Armanville,AL,33.7622,-85.8378
De Beque,CO,39.3118,-108.2304
De Berry,TX,32.2543,-94.1356
De Borgia,MT,47.3888,-115.3479
De Graff,OH,40.3058,-83.9153
De Kalb,MO,39.5834,-94.927
De Kalb,MS,32.7162,-88.7332
De Kalb,TX,33.5087,-94.6163
De Kalb Junction,NY,44.4896,-75.2871
De Lancey,PA,41.1411,-78.9629
De Land,IL,40.1107,-88.6392
De Leon,TX,32.1087,-98.5489
De Leon Springs,FL,29.1166,-81.3488
De Mossville,KY,38.7623,-84.4859
De Pere,WI,44.4388,-88.0806
De Peyster,NY,44.4989,-75.4772
De Queen,AR,34.0442,-94.3386
De Ruyter,NY,42.7494,-75.8582
De Smet,SD,44.3852,-97.5634
De Soto,GA,31.9502,-84.0271
De Soto,IA,41.5208,-94.0303
De Soto,IL,37.8147,-89.2218
De Soto,KS,38.9462,-94.9714
De Soto,MO,38.1204,-90.5546
De Soto,WI,43.4807,-91.1333
De Tour Village,MI,45.9939,-83.9396
De Valls Bluff,AR,34.7447,-91.4982
De Witt,AR,34.2853,-91.3336
De Witt,IA,41.8267,-90.5237
De Witt,MO,39.384,-93.2238
De Witt,NE,40.3944,-96.9338
De Young,PA,41.4159,-78.6651
Deadwood,OR,44.1462,-123.6816
Deadwood,SD,44.3767,-103.7296
Deal,NJ,40.2506,-74.002
Deal Island,MD,38.1533,-75.9496
Deale,MD,38.7829,-76.5515
Deane,KY,37.2409,-82.7696
Deansboro,NY,42.9818,-75.4383
Deanville,TX,30.4322,-96.7561
Dearborn,MI,42.29185,-83.19695
Dearborn,MO,39.5172,-94.7664
Dearborn Heights,MI,42.30605,-83.2735
Dearing,GA,33.407,-82.3955
Dearing,KS,37.0596,-95.7131
Deary,ID,46.8061,-116.5238
Death Valley,CA,36.4672,-116.8937
Deatsville,AL,32.6082,-86.3958
Deaver,WY,44.9257,-108.5979
Debary,FL,28.8838,-81.3076
Debord,KY,37.8265,-82.5513
Decatur,AL,34.59114,-86.9878
Decatur,AR,36.3347,-94.4534
Decatur,GA,33.75883,-84.27402
Decatur,IA,40.743,-93.8317
Decatur,IL,39.84845,-88.96453
Decatur,IN,40.8273,-84.9314
Decatur,MI,42.1012,-86.0338
Decatur,MS,32.4358,-89.1168
Decatur,NE,41.9966,-96.2595
Decatur,OH,38.8237,-83.6995
Decatur,TN,35.5072,-84.8081
Decatur,TX,33.2351,-97.574
Decaturville,TN,35.5585,-88.1334
Decherd,TN,35.2326,-86.0589
Decker,IN,38.5076,-87.5537
Decker,MI,43.4775,-83.0638
Decker,MT,45.1797,-106.8721
Deckerville,MI,43.5151,-82.7191
Declo,ID,42.5245,-113.4338
Decorah,IA,43.3227,-91.7939
Dedham,IA,41.9055,-94.8149
Dedham,MA,42.21185,-71.12645
Deedsville,IN,40.9103,-86.1011
Deep Gap,NC,36.2136,-81.5163
Deep River,CT,41.3765,-72.4486
Deep River,IA,41.5717,-92.3645
Deep Run,NC,35.163,-77.6928
Deep Water,WV,38.1268,-81.2637
Deepwater,MO,38.2432,-93.7303
Deepwater,NJ,39.6815,-75.4934
Deer,AR,35.853,-93.3174
Deer Creek,IL,40.6224,-89.3323
Deer Creek,MN,46.3911,-95.3214
Deer Creek,OK,36.8048,-97.5136
Deer Grove,IL,41.6316,-89.6972
Deer Harbor,WA,48.6201,-122.9999
Deer Island,OR,45.9356,-122.8985
Deer Isle,ME,44.234,-68.6448
Deer Lodge,MT,46.3881,-112.7476
Deer Lodge,TN,36.2176,-84.8191
Deer Park,AL,31.2168,-88.3172
Deer Park,CA,38.5494,-122.4764
Deer Park,NY,40.7591,-73.3257
Deer Park,TX,29.6826,-95.1222
Deer Park,WA,47.9543,-117.4769
Deer Park,WI,45.169,-92.3585
Deer River,MN,47.3829,-93.8498
Deer River,NY,43.9298,-75.5891
Deer Trail,CO,39.5931,-104.068
Deerbrook,WI,45.2368,-89.1873
Deerfield,IL,42.1705,-87.859
Deerfield,KS,38.0068,-101.1431
Deerfield,MA,42.5406,-72.6072
Deerfield,MI,41.8909,-83.7847
Deerfield,MO,37.8197,-94.5608
Deerfield,NH,43.1378,-71.2513
Deerfield,OH,41.0359,-81.0528
Deerfield,VA,38.1842,-79.4152
Deerfield,WI,43.0571,-89.0862
Deerfield Beach,FL,26.31347,-80.1134
Deerfield Street,NJ,39.5293,-75.2249
Deering,AK,66.0737,-162.714
Deering,MO,36.1909,-89.8829
Deering,ND,48.4057,-101.0337
Deersville,OH,40.2947,-81.1839
Deerton,MI,46.427,-87.0497
Deerwood,MN,46.4446,-93.8849
Deeth,NV,41.0655,-115.2748
Deferiet,NY,44.0356,-75.6838
Defiance,IA,41.8053,-95.3537
Defiance,MO,38.6616,-90.8302
Defiance,OH,41.2799,-84.3626
Defiance,PA,40.1601,-78.2346
Deford,MI,43.4735,-83.1702
Deforest,WI,43.2478,-89.3437
Defuniak Springs,FL,30.7852,-86.15875
Dekalb,IL,41.9008,-88.7548
Del Mar,CA,32.9665,-117.249
Del Norte,CO,37.6447,-106.4073
Del Rey,CA,36.6543,-119.5929
Del Rio,TN,35.883,-83.015
Del Rio,TX,29.38285,-100.91327
Del Valle,TX,30.1745,-97.6134
Delafield,WI,43.05,-88.3972
Delancey,NY,42.2884,-75.1051
Deland,FL,29.0234,-81.30687
Delano,CA,35.77015,-119.2465
Delano,MN,45.0342,-93.8016
Delano,PA,40.8389,-76.0694
Delano,TN,35.2612,-84.6024
Delanson,NY,42.748,-74.1868
Delaplaine,AR,36.1995,-90.7345
Delaplane,VA,38.9113,-77.9674
Delavan,IL,40.369,-89.5321
Delavan,MN,43.7719,-94.0225
Delavan,WI,42.6227,-88.6277
Delaware,AR,35.278,-93.3462
Delaware,IA,42.4766,-91.3112
Delaware,NJ,40.8929,-75.0646
Delaware,OH,40.2932,-83.0723
Delaware,OK,36.7804,-95.6181
Delaware City,DE,39.5725,-75.5957
Delaware Water Gap,PA,40.9793,-75.143
Delbarton,WV,37.7189,-82.1931
Delcambre,LA,29.9474,-91.9889
Delco,NC,34.2838,-78.2607
Delevan,NY,42.4926,-78.4793
Delhi,CA,37.4273,-120.7752
Delhi,IA,42.4297,-91.331
Delhi,LA,32.3929,-91.4714
Delhi,NY,42.2937,-74.9207
Delia,KS,39.2655,-95.9608
Delight,AR,34.0238,-93.5247
Dell,AR,35.8554,-90.0418
Dell,MT,44.723,-112.6972
Dell City,TX,31.924,-105.2099
Dell Rapids,SD,43.8228,-96.7223
Dellrose,TN,35.1214,-86.8121
Dellroy,OH,40.5861,-81.1986
Dellslow,WV,39.6053,-79.8958
Dellwood,WI,43.9555,-89.9418
Delmar,AL,34.1701,-87.6059
Delmar,DE,38.477,-75.5759
Delmar,IA,41.9961,-90.6087
Delmar,MD,38.4445,-75.5583
Delmar,NY,42.6158,-73.8373
Delmita,TX,26.6801,-98.4125
Delmont,NJ,39.2023,-74.9705
Delmont,PA,40.4139,-79.5764
Delmont,SD,43.2573,-98.1596
Deloit,IA,42.1238,-95.3045
Delong,IN,41.1384,-86.4164
Delphi,IN,40.5734,-86.6788
Delphi Falls,NY,42.8765,-75.9135
Delphia,KY,37.0233,-83.0956
Delphos,KS,39.2731,-97.7717
Delphos,OH,40.8336,-84.3247
Delray,WV,39.1945,-78.6042
Delray Beach,FL,26.45663,-80.09836
Delta,AL,33.4573,-85.6793
Delta,CO,38.7349,-108.0604
Delta,IA,41.3167,-92.3359
Delta,LA,32.3257,-90.927
Delta,MO,37.1967,-89.7362
Delta,OH,41.5577,-83.9866
Delta,PA,39.7518,-76.3441
Delta,UT,39.3755,-112.5319
Delta City,MS,33.074,-90.7951
Delta Junction,AK,64.0378,-145.7322
Deltaville,VA,37.5549,-76.3468
Delton,MI,42.5141,-85.4067
Deltona,FL,28.9634,-81.19598
Dema,KY,37.3976,-82.7836
Demarest,NJ,40.9548,-73.9602
Deming,NM,32.2358,-107.7435
Deming,WA,48.8018,-122.0918
Demopolis,AL,32.4908,-87.8397
Demorest,GA,34.5756,-83.5696
Demotte,IN,41.1713,-87.2491
Denair,CA,37.539,-120.7758
Denali National Park,AK,63.5436,-149.9867
Denbo,PA,40.0081,-79.9392
Dendron,VA,37.0981,-76.8966
Denham Springs,LA,30.46833,-90.8833
Denhoff,ND,47.5709,-100.263
Denio,NV,41.9899,-118.6343
Denison,IA,42.0196,-95.3636
Denison,KS,39.354,-95.6127
Denison,TX,33.73095,-96.53655
Denmark,IA,40.7417,-91.3374
Denmark,ME,43.9755,-70.7924
Denmark,NY,43.8998,-75.5824
Denmark,SC,33.3209,-81.1407
Denmark,TN,35.5571,-88.9759
Denmark,WI,44.3594,-87.827
Dennard,AR,35.7252,-92.5575
Dennehotso,AZ,36.7773,-109.861
Dennis,KS,37.3243,-95.4116
Dennis,MA,41.7322,-70.1911
Dennis,MS,34.5497,-88.2117
Dennis,TX,32.6187,-97.9267
Dennis Port,MA,41.6649,-70.1327
Dennison,IL,39.449,-87.5867
Dennison,MN,44.4265,-92.9554
Dennison,OH,40.4089,-81.3203
Denniston,KY,37.9159,-83.538
Dennisville,NJ,39.1932,-74.8252
Dennysville,ME,44.8961,-67.2244
Dent,MN,46.5554,-95.7644
Denton,GA,31.7226,-82.7526
Denton,KS,39.7154,-95.2744
Denton,KY,38.2597,-82.8562
Denton,MD,38.8595,-75.8357
Denton,MT,47.3191,-109.8789
Denton,NC,35.6196,-80.0959
Denton,NE,40.7378,-96.8445
Denton,TX,33.20539,-97.11964
Denver,CO,39.73873,-104.98169
Denver,IA,42.6731,-92.3417
Denver,IN,40.867,-86.0752
Denver,MO,40.4181,-94.3066
Denver,NC,35.4837,-80.9898
Denver,NY,42.2522,-74.5407
Denver,PA,40.2297,-76.1157
Denver City,TX,32.9711,-102.8313
Denville,NJ,40.8897,-74.4844
Depauville,NY,44.1395,-76.0616
Depauw,IN,38.3361,-86.2109
Depew,NY,42.905,-78.7041
Depew,OK,35.7561,-96.4897
Depoe Bay,OR,44.8322,-124.0503
Deport,TX,33.5221,-95.3654
Deposit,NY,42.0666,-75.4287
Deptford,NJ,39.7539,-74.996
Depue,IL,41.3092,-89.3252
Deputy,IN,38.7759,-85.6304
Dequincy,LA,30.4211,-93.4151
Derby,CT,41.3229,-73.08
Derby,IA,40.9355,-93.4796
Derby,IN,38.0239,-86.577
Derby,KS,37.553,-97.2549
Derby,NY,42.6974,-78.9834
Derby,OH,39.7687,-83.2057
Derby,VT,44.9502,-72.1376
Derby Line,VT,44.9902,-72.0824
Deridder,LA,30.8287,-93.2685
Derma,MS,33.8562,-89.3032
Dermott,AR,33.5241,-91.4394
Derrick City,PA,41.9726,-78.5626
Derry,NH,42.8874,-71.302
Derry,NM,32.7881,-107.2822
Derry,PA,40.3349,-79.3326
Derwent,OH,39.9236,-81.543
Derwood,MD,39.1345,-77.1477
Des Allemands,LA,29.8134,-90.4407
Des Arc,AR,34.9751,-91.5113
Des Arc,MO,37.2955,-90.6279
Des Lacs,ND,48.2557,-101.5672
Des Moines,IA,41.65028,-93.58605
Des Moines,NM,36.7291,-103.8739
Des Plaines,IL,42.02882,-87.88903
Descanso,CA,32.873,-116.6027
Desdemona,TX,32.2819,-98.5673
Desert Center,CA,33.809,-115.3666
Desert Hot Springs,CA,33.9147,-116.43795
Desha,AR,35.7411,-91.6985
Deshler,NE,40.1387,-97.73
Deshler,OH,41.2239,-83.8964
Desmet,ID,47.126,-116.8937
Desoto,TX,32.597,-96.8611
Destin,FL,30.3942,-86.4825
Destrehan,LA,29.9642,-90.3682
Detroit,AL,34.0282,-88.17
Detroit,ME,44.7615,-69.3227
Detroit,MI,42.3343,-83.0999
Detroit,OR,44.734,-122.1498
Detroit,TX,33.6627,-95.2385
Detroit Lakes,MN,46.8172,-95.8453
Devault,PA,40.0796,-75.56
Devens,MA,42.5385,-71.6115
Devers,TX,29.9978,-94.5746
Deville,LA,31.3574,-92.1654
Devils Elbow,MO,37.8512,-92.0569
Devils Lake,ND,48.1132,-98.8616
Devils Tower,WY,44.5248,-104.6867
Devine,TX,29.1521,-98.909
Devol,OK,34.1956,-98.577
Devon,PA,40.0452,-75.4227
Dewar,IA,42.5253,-92.2207
Dewar,OK,35.4551,-95.9498
Dewart,PA,41.1092,-76.8766
Deweese,NE,40.354,-98.14
Dewey,AZ,34.5368,-112.2567
Dewey,IL,40.3131,-88.277
Dewey,OK,36.8013,-95.9345
Deweyville,TX,30.2894,-93.7488
Deweyville,UT,41.6972,-112.0947
Dewitt,IL,40.1848,-88.7637
Dewitt,KY,36.877,-83.7377
Dewitt,MI,42.8428,-84.5797
Dewitt,VA,37.0535,-77.6426
Dewittville,NY,42.2394,-79.4193
Dewy Rose,GA,34.1853,-82.9434
Dexter,GA,32.4356,-83.0528
Dexter,IA,41.5198,-94.2145
Dexter,KS,37.1641,-96.6917
Dexter,KY,36.7155,-88.236
Dexter,ME,45.0203,-69.2797
Dexter,MI,42.3583,-83.9
Dexter,MN,43.716,-92.7268
Dexter,MO,36.7885,-89.9639
Dexter,NM,33.191,-104.3833
Dexter,NY,44.0069,-76.065
Dexter,OR,43.9217,-122.8424
Dexter City,OH,39.6526,-81.4672
Dhs,MD,38.7504,-76.8544
Dhs,VA,38.9904,-77.4477
Diablo,CA,37.8387,-121.9667
Diagonal,IA,40.8226,-94.3552
Diamond,MO,37.006,-94.3204
Diamond,OH,41.0935,-81.0425
Diamond,OR,42.9508,-118.695
Diamond Bar,CA,34.0066,-117.8098
Diamond City,AR,36.4645,-92.9202
Diamond Point,NY,43.5156,-73.7001
Diamond Springs,CA,38.6865,-120.8145
Diamondhead,MS,30.3728,-89.3779
Diamondville,WY,41.7839,-110.54
Diana,TX,32.7698,-94.7032
Diana,WV,38.5755,-80.432
Diaz,AR,35.6336,-91.2592
Dibble,OK,35.009,-97.6318
Diberville,MS,30.4383,-88.8989
Diboll,TX,31.195,-94.7729
Dice,KY,37.3758,-83.2419
Dickens,IA,43.1548,-94.9854
Dickens,NE,40.8041,-101.0149
Dickens,TX,33.628,-100.8197
Dickerson,MD,39.2126,-77.4199
Dickerson Run,PA,40.0418,-79.66
Dickey,ND,46.5426,-98.4682
Dickeyville,WI,42.6263,-90.5931
Dickinson,AL,31.7635,-87.7106
Dickinson,ND,46.84245,-102.77305
Dickinson,TX,29.4585,-95.0345
Dickinson Center,NY,44.7233,-74.5523
Dickson,TN,36.11145,-87.37625
Dierks,AR,34.1323,-94.0152
Dieterich,IL,39.0319,-88.4074
Dietrich,ID,42.9125,-114.2664
Diggins,MO,37.1726,-92.8543
Diggs,VA,37.4296,-76.2629
Dighton,KS,38.4742,-100.4647
Dighton,MA,41.8125,-71.1427
Dike,IA,42.473,-92.6122
Dike,TX,33.2648,-95.4423
Dill City,OK,35.2787,-99.1537
Dillard,GA,34.9777,-83.3199
Dillard,OR,43.1135,-123.4181
Dille,WV,38.489,-80.8257
Diller,NE,40.1192,-96.9495
Dilley,TX,28.6782,-99.1747
Dilliner,PA,39.7555,-79.9771
Dillingham,AK,59.0402,-158.5231
Dillon,CO,39.5952,-105.9741
Dillon,MT,45.2339,-112.6405
Dillon,SC,34.4146,-79.377
Dillon Beach,CA,38.2508,-122.9653
Dillonvale,OH,40.2251,-80.8031
Dillsboro,IN,38.9962,-85.055
Dillsboro,NC,35.3735,-83.2592
Dillsburg,PA,40.0964,-77.0339
Dilltown,PA,40.4665,-79.0025
Dillwyn,VA,37.4124,-78.4349
Dilworth,MN,46.8782,-96.7022
Dime Box,TX,30.3579,-96.8248
Dimmitt,TX,34.5341,-102.3046
Dimock,PA,41.7465,-75.8983
Dimock,SD,43.4705,-97.9988
Dimondale,MI,42.6501,-84.6486
Dinero,TX,28.2264,-97.9617
Dingess,WV,37.8703,-82.1951
Dingle,ID,42.1774,-111.2174
Dingmans Ferry,PA,41.24,-74.938
Dinosaur,CO,40.3168,-108.6821
Dinuba,CA,36.5349,-119.3909
Dinwiddie,VA,37.0833,-77.5585
Discovery Bay,CA,37.8989,-121.6054
Disney,OK,36.4759,-95.024
Disputanta,VA,37.1483,-77.2732
Distant,PA,40.9695,-79.3567
District Heights,MD,38.84375,-76.8834
Dittmer,MO,38.3155,-90.6911
Divernon,IL,39.5692,-89.6626
Divide,CO,38.9576,-105.1994
Divide,MT,45.803,-112.809
Dividing Creek,NJ,39.2732,-75.095
Dix,IL,38.4333,-88.9657
Dix,NE,41.227,-103.4796
Dixfield,ME,44.5548,-70.4241
Dixie,GA,30.7722,-83.6792
Dixie,WA,46.1408,-118.1531
Dixie,WV,38.2509,-81.1932
Dixmont,ME,44.6991,-69.1025
Dixon,CA,38.4403,-121.8088
Dixon,IA,41.7113,-90.7553
Dixon,IL,41.8478,-89.4893
Dixon,KY,37.5106,-87.7019
Dixon,MO,37.9848,-92.0897
Dixon,MT,47.3131,-114.3056
Dixon,NE,42.4185,-96.9774
Dixon,NM,36.179,-105.8615
Dixon,WY,41.0445,-107.499
Dixon Springs,TN,36.4455,-86.0533
Dixons Mills,AL,32.0672,-87.7454
Dixonville,PA,40.7165,-79.007
Dobbin,TX,30.3365,-95.7723
Dobbins,CA,39.3662,-121.2256
Dobbs Ferry,NY,41.0118,-73.8665
Dobson,NC,36.3698,-80.7101
Docena,AL,33.5589,-86.9294
Doctors Inlet,FL,30.1056,-81.769
Dodd City,TX,33.5647,-96.0619
Doddridge,AR,33.1054,-93.9543
Doddsville,MS,33.63,-90.5264
Dodge,ND,47.3049,-102.1985
Dodge,NE,41.7052,-96.8969
Dodge,TX,30.772,-95.3838
Dodge,WI,44.1431,-91.5204
Dodge Center,MN,44.0325,-92.8554
Dodge City,KS,37.7569,-100.0241
Dodgertown,CA,34.0725,-118.2418
Dodgeville,MI,47.0914,-88.5809
Dodgeville,WI,42.97295,-90.14085
Dodson,LA,32.0701,-92.6783
Dodson,MT,48.395,-108.2465
Dodson,TX,34.7644,-100.0286
Doe Hill,VA,38.4321,-79.4445
Doe Run,MO,37.7348,-90.4968
Doerun,GA,31.3136,-83.9253
Dogue,VA,38.2321,-77.2158
Dola,OH,40.7598,-83.7001
Dolan Springs,AZ,35.5692,-114.3777
Doland,SD,44.8159,-98.0947
Dolgeville,NY,43.1042,-74.7643
Dollar Bay,MI,47.1196,-88.5115
Dolliver,IA,43.4664,-94.6242
Dolomite,AL,33.4654,-86.9564
Dolores,CO,37.4666,-108.4717
Dolph,AR,36.2229,-92.1177
Dolphin,VA,36.8318,-77.7887
Dolton,IL,41.6257,-87.598
Dona Ana,NM,32.3895,-106.8139
Donahue,IA,41.7093,-90.6829
Donald,OR,45.2199,-122.8405
Donalds,SC,34.3304,-82.3367
Donaldson,AR,34.2212,-92.9094
Donaldson,IN,41.3619,-86.4443
Donaldson,MN,48.5722,-96.8964
Donaldsonville,LA,30.1018,-90.997
Donalsonville,GA,31.0505,-84.8801
Donegal,PA,40.0996,-79.381
Dongola,IL,37.3712,-89.1349
Donie,TX,31.4873,-96.2387
Doniphan,MO,36.6501,-90.8106
Doniphan,NE,40.77,-98.379
Donna,TX,26.1671,-98.0529
Donnellson,IA,40.6612,-91.5745
Donnellson,IL,39.0344,-89.4909
Donnelly,ID,44.6659,-116.0369
Donnelly,MN,45.7014,-96.0649
Donnelsville,OH,39.9189,-83.9449
Donner,LA,29.6964,-90.9444
Donnybrook,ND,48.49,-101.896
Donora,PA,40.1768,-79.8619
Donovan,IL,40.8891,-87.6046
Doole,TX,31.3957,-99.599
Doon,IA,43.2872,-96.202
Dora,AL,33.7357,-87.0546
Dora,MO,36.756,-92.2378
Dora,NM,33.9387,-103.3366
Doran,VA,37.0926,-81.8335
Dorchester,IA,43.4421,-91.5076
Dorchester,MA,42.2973,-71.0745
Dorchester,NE,40.6499,-97.1056
Dorchester,NJ,39.2679,-74.9791
Dorchester,SC,33.1247,-80.4034
Dorchester,WI,45.0042,-90.3596
Dorchester Center,MA,42.2918,-71.0717
Dorena,OR,43.7361,-122.8946
Dormansville,NY,42.6149,-73.9708
Dornsife,PA,40.7571,-76.7626
Dorothy,NJ,39.4031,-74.8316
Dorothy,WV,37.9622,-81.4968
Dorr,MI,42.7231,-85.7628
Dorrance,KS,38.8348,-98.5695
Dorris,CA,41.9194,-121.9739
Dorset,OH,41.659,-80.6683
Dorset,VT,43.2636,-73.0766
Dorsey,IL,38.9832,-89.9786
Dorton,KY,37.279,-82.5773
Dos Palos,CA,37.0025,-120.6333
Dos Rios,CA,39.7168,-123.3533
Doss,TX,30.4613,-99.1707
Doswell,VA,37.8417,-77.5125
Dothan,AL,31.20276,-85.39962
Dothan,WV,38.0413,-81.0648
Doty,WA,46.6378,-123.2804
Double Springs,AL,34.1387,-87.3974
Doucette,TX,30.8183,-94.4288
Douds,IA,40.8378,-92.0859
Dougherty,IA,42.9222,-93.0421
Dougherty,OK,34.402,-97.051
Dougherty,TX,33.9446,-101.0922
Douglas,AK,58.2756,-134.395
Douglas,AL,34.1737,-86.3236
Douglas,AZ,31.3703,-109.5625
Douglas,GA,31.48707,-82.85083
Douglas,MA,42.0528,-71.7509
Douglas,MI,42.6369,-86.2022
Douglas,ND,47.8659,-101.5112
Douglas,NE,40.5838,-96.397
Douglas,OK,36.2481,-97.6896
Douglas,WY,42.7626,-105.3855
Douglas City,CA,40.6342,-122.9239
Douglas Flat,CA,38.1144,-120.4538
Douglass,KS,37.5195,-96.9948
Douglass,TX,31.6578,-94.8696
Douglassville,PA,40.2709,-75.7397
Douglassville,TX,33.1758,-94.3467
Douglasville,GA,33.72518,-84.74635
Dousman,WI,43.0142,-88.4726
Dove Creek,CO,37.7632,-108.9181
Dover,AR,35.4074,-93.1355
Dover,DE,39.14816,-75.51894
Dover,FL,27.992,-82.2138
Dover,GA,32.5771,-81.7151
Dover,ID,48.2516,-116.611
Dover,IL,41.4362,-89.396
Dover,KS,38.9645,-95.9172
Dover,KY,38.691,-83.8718
Dover,MA,42.2362,-71.2854
Dover,MN,44.0015,-92.1415
Dover,MO,39.1926,-93.6684
Dover,NC,35.2554,-77.3646
Dover,NH,43.19487,-70.87807
Dover,NJ,40.89245,-74.5625
Dover,OH,40.5343,-81.4763
Dover,OK,35.9848,-97.9067
Dover,PA,40.0062,-76.8555
Dover,TN,36.4942,-87.8787
Dover Afb,DE,39.1253,-75.4818
Dover Foxcroft,ME,45.1877,-69.2045
Dover Plains,NY,41.7351,-73.587
Dovray,MN,44.0533,-95.5499
Dow,IL,39.0312,-90.3011
Dow City,IA,41.9134,-95.4862
Dowagiac,MI,41.991,-86.1168
Dowell,IL,37.9398,-89.2379
Dowell,MD,38.3364,-76.4524
Dowelltown,TN,35.9725,-85.9055
Dowling,MI,42.5015,-85.2495
Downers Grove,IL,41.7818,-88.01485
Downey,CA,33.94037,-118.13003
Downey,ID,42.4181,-112.109
Downieville,CA,39.569,-120.8344
Downing,MO,40.4875,-92.3694
Downing,WI,45.103,-92.1134
Downingtown,PA,40.0161,-75.7183
Downs,IL,40.3989,-88.8686
Downs,KS,39.5028,-98.5441
Downsville,LA,32.6525,-92.3745
Downsville,NY,42.0716,-75.0152
Downsville,WI,44.7747,-91.9321
Dows,IA,42.661,-93.5058
Doyle,CA,40.0008,-120.1077
Doyle,TN,35.8356,-85.5191
Doylesburg,PA,40.2184,-77.6797
Doylestown,OH,40.965,-81.6848
Doylestown,PA,40.32655,-75.12285
Doylestown,WI,43.4266,-89.1491
Doyline,LA,32.49,-93.3996
Dozier,AL,31.5066,-86.3663
Dracut,MA,42.6764,-71.3186
Dragoon,AZ,32.0281,-110.0387
Drain,OR,43.6877,-123.2929
Drake,CO,40.4275,-105.3831
Drake,KY,36.9834,-86.394
Drake,ND,47.9024,-100.379
Drakes Branch,VA,36.9688,-78.5615
Drakesboro,KY,37.2136,-87.048
Drakesville,IA,40.8253,-92.5051
Draper,SD,43.926,-100.5085
Draper,UT,40.5046,-111.881
Draper,VA,36.9697,-80.8188
Drasco,AR,35.6616,-91.9398
Dravosburg,PA,40.3527,-79.8895
Drayden,MD,38.1719,-76.4731
Drayton,ND,48.6104,-97.2156
Drayton,SC,34.9685,-81.9064
Drayton Plains,MI,42.6754,-83.3637
Drennen,WV,38.3184,-80.8342
Dresden,KS,39.6094,-100.4112
Dresden,ME,44.0785,-69.7457
Dresden,NY,42.6846,-76.9564
Dresden,OH,40.1069,-81.9998
Dresden,TN,36.295,-88.6963
Dresher,PA,40.1431,-75.1624
Dresser,WI,45.3546,-92.5623
Drew,MS,33.867,-90.5406
Drewryville,VA,36.6854,-77.3591
Drewsey,OR,43.8643,-118.4707
Drewsville,NH,43.1281,-72.392
Drexel,MO,38.4956,-94.5928
Drexel,NC,35.7579,-81.6043
Drexel Hill,PA,39.9503,-75.304
Drift,KY,37.4933,-82.7575
Drifting,PA,41.0242,-78.1083
Drifton,PA,41.0016,-75.9057
Driftwood,PA,41.3764,-78.1632
Driftwood,TX,30.1072,-98.0327
Driggs,ID,43.7263,-111.1199
Dripping Springs,TX,30.2268,-98.1029
Driscoll,ND,46.8511,-100.1441
Driscoll,TX,27.6745,-97.7486
Driver,AR,35.6253,-90.0138
Drummond,MT,46.6647,-113.2426
Drummond,OK,36.2841,-98.0358
Drummond,WI,46.3119,-91.2856
Drummond Island,MI,46.0055,-83.7367
Drummonds,TN,35.4452,-89.9236
Drumore,PA,39.8183,-76.2499
Drumright,OK,35.9931,-96.5198
Drums,PA,41.0255,-75.9768
Drury,MA,42.6427,-72.9862
Drury,MO,36.9319,-92.3664
Dry Branch,GA,32.7151,-83.4558
Dry Creek,LA,30.6859,-92.9843
Dry Creek,WV,37.8749,-81.4412
Dry Fork,VA,36.743,-79.458
Dry Prong,LA,31.5979,-92.5665
Dry Ridge,KY,38.7049,-84.6237
Dry Run,PA,40.1781,-77.7353
Drybranch,WV,38.2968,-81.5547
Dryden,ME,44.6027,-70.2265
Dryden,MI,42.9378,-83.1501
Dryden,NY,42.4861,-76.2872
Dryden,TX,30.0446,-102.1146
Dryden,VA,36.7818,-82.9305
Dryden,WA,47.5412,-120.5609
Dryfork,WV,38.9489,-79.4376
Drytown,CA,38.4411,-120.8533
Du Bois,IL,38.2239,-89.2123
Du Bois,NE,40.0375,-96.0575
Du Bois,PA,41.126,-78.7527
Du Pont,GA,30.9885,-82.8715
Du Quoin,IL,38.0137,-89.2333
Duanesburg,NY,42.7708,-74.0839
Duarte,CA,34.14307,-117.96613
Dubach,LA,32.6949,-92.6785
Dubberly,LA,32.5192,-93.2142
Dublin,CA,37.7166,-121.9226
Dublin,GA,32.4997,-82.92655
Dublin,IN,39.8127,-85.2044
Dublin,MS,34.0604,-90.5011
Dublin,NC,34.6568,-78.7264
Dublin,NH,42.8972,-72.0505
Dublin,OH,40.1039,-83.13415
Dublin,PA,40.375,-75.2045
Dublin,TX,32.0909,-98.3455
Dublin,VA,37.1057,-80.6853
Dubois,ID,44.1858,-112.3259
Dubois,IN,38.4728,-86.7832
Dubois,WY,43.5451,-109.6492
Dubuque,IA,42.49866,-90.68648
Duchesne,UT,40.1633,-110.4029
Duck,WV,38.5647,-80.9764
Duck Creek Village,UT,37.5169,-112.6636
Duck Hill,MS,33.5632,-89.6419
Duck River,TN,35.748,-87.3577
Ducktown,TN,35.0339,-84.3792
Duckwater,NV,38.9324,-115.7145
Ducor,CA,35.8916,-119.0473
Dudley,GA,32.5259,-83.0899
Dudley,MA,42.0489,-71.8932
Dudley,MO,36.811,-90.121
Dudley,NC,35.2926,-78.0273
Dudley,PA,40.2054,-78.1814
Due West,SC,34.3344,-82.4002
Duenweg,MO,37.076,-94.4071
Duff,TN,36.5086,-84.0454
Duffield,VA,36.7114,-82.8337
Dufur,OR,45.3913,-121.1432
Dugger,IN,39.0691,-87.2599
Dugspur,VA,36.8145,-80.6123
Dugway,UT,40.2708,-112.6898
Duke,MO,37.6603,-92.0107
Duke,OK,34.6668,-99.5482
Duke Center,PA,41.954,-78.4923
Dukedom,TN,36.4796,-88.6926
Dulac,LA,29.3695,-90.697
Dulce,NM,36.8598,-107.0602
Dulles,VA,39.03558,-77.52492
Duluth,GA,33.9912,-84.11464
Duluth,MN,46.7864,-92.12656
Dulzura,CA,32.6152,-116.7285
Dumas,AR,33.8921,-91.4861
Dumas,MS,34.6491,-88.8072
Dumas,TX,35.8823,-101.968
Dumfries,VA,38.5831,-77.3162
Dumont,CO,39.7647,-105.6003
Dumont,IA,42.7368,-92.9673
Dumont,MN,45.6717,-96.4061
Dumont,NJ,40.9447,-73.9921
Dunbar,KY,37.1709,-86.7678
Dunbar,NE,40.6592,-96.0136
Dunbar,PA,39.9722,-79.6431
Dunbar,WI,45.6009,-88.1067
Dunbar,WV,38.3683,-81.7425
Dunbarton,NH,43.1025,-71.6169
Dunbridge,OH,41.4581,-83.6102
Duncan,AZ,32.881,-109.2157
Duncan,MS,34.047,-90.7652
Duncan,NE,41.3895,-97.4948
Duncan,OK,34.50383,-97.92193
Duncan,SC,34.9176,-82.1258
Duncan Falls,OH,39.8778,-81.9117
Duncannon,PA,40.4087,-77.0473
Duncans Mills,CA,38.4538,-123.055
Duncansville,PA,40.4262,-78.4383
Duncanville,AL,33.0618,-87.4422
Duncanville,TX,32.6869,-96.86677
Duncombe,IA,42.4493,-94.0592
Dundalk,MD,39.2655,-76.4935
Dundas,IL,38.8306,-88.0973
Dundas,MN,44.3955,-93.2037
Dundas,VA,36.9053,-78.01
Dundee,FL,28.0194,-81.6212
Dundee,IA,42.594,-91.5477
Dundee,IL,42.0962,-88.2902
Dundee,KY,37.552,-86.7776
Dundee,MI,41.9514,-83.6522
Dundee,MS,34.5357,-90.3693
Dundee,NY,42.5053,-77.0028
Dundee,OH,40.589,-81.6058
Dundee,OR,45.2776,-123.0152
Dunedin,FL,27.9601,-82.7521
Dunellen,NJ,40.5897,-74.4639
Dunfermline,IL,40.4912,-90.0318
Dungannon,VA,36.8242,-82.496
Dunkerton,IA,42.578,-92.1588
Dunkirk,IN,40.3883,-85.2255
Dunkirk,MD,38.7408,-76.6427
Dunkirk,NY,42.4877,-79.3283
Dunkirk,OH,40.7824,-83.6339
Dunlap,CA,36.7446,-119.0899
Dunlap,IA,41.8603,-95.6257
Dunlap,IL,40.8444,-89.6397
Dunlap,TN,35.3842,-85.3925
Dunlevy,PA,40.1151,-79.8627
Dunlo,PA,40.2939,-78.7192
Dunlow,WV,38.0231,-82.4315
Dunmor,KY,37.084,-87.0079
Dunmore,WV,38.3636,-79.8556
Dunn,NC,35.3114,-78.612
Dunn,TX,32.5671,-100.8854
Dunn Center,ND,47.3536,-102.6205
Dunn Loring,VA,38.8954,-77.2214
Dunnegan,MO,37.7031,-93.5216
Dunnell,MN,43.5531,-94.7876
Dunnellon,FL,29.0557,-82.45574
Dunnigan,CA,38.887,-121.9992
Dunning,NE,41.8131,-100.0873
Dunnsville,VA,37.8527,-76.8475
Dunnville,KY,37.1906,-84.9835
Dunreith,IN,39.8031,-85.4371
Dunseith,ND,48.8561,-100.0241
Dunsmuir,CA,41.2124,-122.2734
Dunstable,MA,42.6739,-71.4952
Duplessis,LA,30.2954,-90.9458
Dupo,IL,38.5162,-90.2104
Dupont,CO,39.8445,-104.9188
Dupont,IN,38.8905,-85.5092
Dupont,LA,30.9294,-91.9479
Dupont,OH,41.0463,-84.3195
Dupont,WA,47.0968,-122.6312
Dupree,SD,45.0079,-101.6337
Dupuyer,MT,48.1925,-112.4995
Duquesne,PA,40.3704,-79.8522
Durand,IL,42.4337,-89.3094
Durand,MI,42.9117,-83.9877
Durand,WI,44.63,-91.9295
Durango,CO,37.2261,-107.87757
Durango,IA,42.5526,-90.8608
Durant,FL,27.9068,-82.1767
Durant,IA,41.6145,-90.91
Durant,MS,33.0828,-89.8612
Durant,OK,33.96405,-96.28825
Durbin,WV,38.5457,-79.8251
Durham,CA,39.633,-121.7886
Durham,CT,41.465,-72.6875
Durham,KS,38.5038,-97.2555
Durham,ME,43.9684,-70.1846
Durham,MO,39.9625,-91.6704
Durham,NC,36.02049,-78.89093
Durham,NH,43.1174,-70.9197
Durham,NY,42.402,-74.1849
Durham,OK,35.8364,-99.9088
Durham,PA,40.5757,-75.2232
Durhamville,NY,43.1579,-75.6714
Durkee,OR,44.4988,-117.4129
Duryea,PA,41.3486,-75.7611
Dushore,PA,41.5232,-76.4021
Duson,LA,30.1912,-92.1525
Dustin,OK,35.2519,-96.0573
Dutch Flat,CA,39.1978,-120.8262
Dutch Harbor,AK,53.8898,-166.5422
Dutch John,UT,40.9291,-109.391
Dutchtown,MO,37.2424,-89.6977
Dutton,AL,34.6046,-85.9067
Dutton,MT,47.8601,-111.69
Dutton,VA,37.5001,-76.454
Dutzow,MO,38.606,-90.9962
Duvall,WA,47.725,-121.9369
Duxbury,MA,42.0052,-70.70885
Dwale,KY,37.6246,-82.7227
Dwarf,KY,37.3394,-83.1303
Dwight,IL,41.0887,-88.4159
Dwight,KS,38.8389,-96.5802
Dwight,NE,41.0894,-96.9931
Dycusburg,KY,37.1595,-88.1845
Dyer,AR,35.4923,-94.1377
Dyer,IN,41.492,-87.5108
Dyer,NV,37.7776,-118.084
Dyer,TN,36.0716,-89.0192
Dyersburg,TN,36.03945,-89.3846
Dyersville,IA,42.4833,-91.1183
Dyess,AR,35.5954,-90.2157
Dyess Afb,TX,32.419,-99.8221
Dyke,VA,38.2705,-78.5578
Dysart,IA,42.169,-92.3187
Dysart,PA,40.6088,-78.5271
Eads,CO,38.4408,-102.5549
Eads,TN,35.1551,-89.676
Eagan,TN,36.552,-83.9769
Eagar,AZ,34.1077,-109.294
Eagarville,IL,39.1118,-89.7855
Eagle,AK,64.7881,-141.2
Eagle,CO,39.6341,-106.7588
Eagle,ID,43.7069,-116.362
Eagle,MI,42.8263,-84.759
Eagle,NE,40.8169,-96.429
Eagle,WI,42.8809,-88.4674
Eagle Bay,NY,43.8167,-74.8862
Eagle Bend,MN,46.117,-95.0961
Eagle Bridge,NY,42.9808,-73.3522
Eagle Butte,SD,45.0016,-101.2329
Eagle Creek,OR,45.3582,-122.3381
Eagle Grove,IA,42.6609,-93.9049
Eagle Lake,FL,27.9787,-81.7564
Eagle Lake,ME,47.01,-68.691
Eagle Lake,MN,44.1546,-93.8719
Eagle Lake,TX,29.5842,-96.3354
Eagle Mountain,UT,40.3802,-111.991
Eagle Nest,NM,36.5326,-105.2756
Eagle Pass,TX,28.6909,-100.4801
Eagle Point,OR,42.4935,-122.8088
Eagle River,AK,61.3114,-149.5085
Eagle River,WI,45.9161,-89.2531
Eagle Rock,MO,36.548,-93.7336
Eagle Rock,VA,37.6667,-79.8172
Eagle Springs,NC,35.336,-79.631
Eagles Mere,PA,41.4109,-76.5819
Eagletown,OK,34.0364,-94.5596
Eagleville,CA,41.3163,-120.1158
Eagleville,MO,40.4912,-93.9951
Eagleville,PA,40.1569,-75.40955
Eagleville,TN,35.7492,-86.6327
Eakly,OK,35.3053,-98.5578
Earl,NC,35.197,-81.5386
Earl Park,IN,40.6945,-87.4232
Earle,AR,35.2799,-90.4503
Earleton,FL,29.7439,-82.1034
Earleville,MD,39.4271,-75.9403
Earlham,IA,41.4709,-94.1294
Earlimart,CA,35.8744,-119.281
Earling,IA,41.7925,-95.421
Earlington,KY,37.2742,-87.5119
Earlington,PA,40.32,-75.3742
Earlsboro,OK,35.2628,-96.8041
Earlton,NY,42.3527,-73.9062
Earlville,IA,42.5001,-91.2597
Earlville,IL,41.5859,-88.9103
Earlville,NY,42.7197,-75.5589
Earlville,PA,40.319,-75.7334
Early,IA,42.4483,-95.1726
Early,TX,31.76475,-98.93425
Early Branch,SC,32.723,-80.9634
Earlysville,VA,38.1578,-78.4919
Earp,CA,34.1652,-114.3197
Earth,TX,34.2415,-102.4213
Earth City,MO,38.7689,-90.4662
Easley,SC,34.81087,-82.6088
East Alton,IL,38.8803,-90.083
East Amherst,NY,43.0429,-78.6988
East Andover,ME,44.6084,-70.6993
East Andover,NH,43.4595,-71.7476
East Arlington,VT,43.0668,-73.0611
East Aurora,NY,42.7701,-78.602
East Baldwin,ME,43.8646,-70.6922
East Bank,WV,38.2099,-81.4381
East Barre,VT,44.1576,-72.4533
East Bend,NC,36.2032,-80.5284
East Berkshire,VT,44.931,-72.7028
East Berlin,CT,41.6128,-72.719
East Berlin,PA,39.9645,-77.0073
East Bernard,TX,29.4705,-96.1211
East Berne,NY,42.6191,-74.0555
East Bernstadt,KY,37.2488,-84.138
East Bethany,NY,42.9166,-78.1342
East Bloomfield,NY,42.901,-77.4233
East Blue Hill,ME,44.4176,-68.5225
East Boothbay,ME,43.8262,-69.5939
East Brady,PA,40.9744,-79.6302
East Branch,NY,42.0039,-75.1226
East Bridgewater,MA,42.0315,-70.945
East Brookfield,MA,42.2193,-72.0481
East Brunswick,NJ,40.4284,-74.4064
East Burke,VT,44.6078,-71.9357
East Butler,PA,40.8778,-79.8464
East Calais,VT,44.38,-72.4419
East Canaan,CT,42.0158,-73.2913
East Candia,NH,43.0481,-71.2487
East Canton,OH,40.7873,-81.2826
East Carbon,UT,39.5461,-110.4113
East Carondelet,IL,38.5349,-90.2208
East Charleston,VT,44.8299,-71.9763
East Chatham,NY,42.433,-73.4903
East Chicago,IN,41.6349,-87.4627
East China,MI,42.7769,-82.5437
East Claridon,OH,41.5333,-81.1112
East Concord,NY,42.5466,-78.611
East Corinth,VT,44.0619,-72.2151
East Dennis,MA,41.7426,-70.162
East Derry,NH,42.8945,-71.2912
East Dixfield,ME,44.5734,-70.3037
East Dorset,VT,43.237,-73.0081
East Dover,VT,42.9505,-72.783
East Dublin,GA,32.5482,-82.8718
East Dubuque,IL,42.4875,-90.6046
East Durham,NY,42.386,-74.1117
East Earl,PA,40.1395,-76.0276
East Ellijay,GA,34.684,-84.4727
East Ellsworth,WI,44.7348,-92.4655
East Elmhurst,NY,40.7612,-73.88275
East Enterprise,IN,38.8728,-84.988
East Fairfield,VT,44.7412,-72.8827
East Falmouth,MA,41.5968,-70.5671
East Flat Rock,NC,35.2799,-82.4204
East Freedom,PA,40.3282,-78.4475
East Freetown,MA,41.7635,-70.9677
East Fultonham,OH,39.8501,-82.1221
East Galesburg,IL,40.9402,-90.3109
East Glacier Park,MT,48.4457,-113.219
East Glastonbury,CT,41.6889,-72.5345
East Granby,CT,41.9322,-72.7459
East Grand Forks,MN,47.9318,-97.0213
East Greenbush,NY,42.5951,-73.6826
East Greenville,PA,40.4119,-75.5056
East Greenwich,RI,41.6498,-71.474
East Haddam,CT,41.4696,-72.4059
East Hampstead,NH,42.8877,-71.128
East Hampton,CT,41.5761,-72.5093
East Hampton,NY,40.993,-72.179
East Hanover,NJ,40.8192,-74.3636
East Hardwick,VT,44.5288,-72.3034
East Hartford,CT,41.77777,-72.66647
East Hartland,CT,42.0016,-72.9242
East Haven,VT,44.6517,-71.8675
East Helena,MT,46.5973,-111.9051
East Hickory,PA,41.584,-79.4017
East Homer,NY,42.6772,-76.1052
East Irvine,CA,33.6795,-117.7609
East Islip,NY,40.7282,-73.1805
East Jewett,NY,42.2469,-74.1353
East Jordan,MI,45.1539,-85.1387
East Killingly,CT,41.8452,-71.8026
East Kingston,NH,42.907,-70.9876
East Lansing,MI,42.73197,-84.47833
East Leroy,MI,42.1961,-85.2311
East Liberty,OH,40.3077,-83.5862
East Livermore,ME,44.3994,-70.1303
East Liverpool,OH,40.6774,-80.6006
East Longmeadow,MA,42.0672,-72.5056
East Lyme,CT,41.3668,-72.233
East Lynn,IL,40.4633,-87.8056
East Lynn,WV,38.1995,-82.3279
East Lynne,MO,38.6682,-94.2333
East Machias,ME,44.7424,-67.3821
East Marion,NY,41.1264,-72.3419
East Mc Keesport,PA,40.3839,-79.8079
East Meadow,NY,40.7149,-73.5561
East Meredith,NY,42.4101,-74.8987
East Middlebury,VT,43.9734,-73.1062
East Millinocket,ME,45.63,-68.5728
East Millsboro,PA,39.9822,-79.9664
East Moline,IL,41.5118,-90.4321
East Montpelier,VT,44.2828,-72.4926
East Moriches,NY,40.809,-72.7538
East Nassau,NY,42.5352,-73.4984
East New Market,MD,38.5921,-75.9568
East Newport,ME,44.8209,-69.2225
East Northport,NY,40.857,-73.3146
East Norwich,NY,40.8472,-73.5349
East Olympia,WA,46.9781,-122.7024
East Orange,NJ,40.76423,-74.2108
East Orland,ME,44.5612,-68.6647
East Orleans,MA,41.7843,-69.962
East Otis,MA,42.1909,-73.0517
East Otto,NY,42.3971,-78.7432
East Palatka,FL,29.6609,-81.5879
East Palestine,OH,40.8406,-80.5465
East Parsonsfield,ME,43.7334,-70.8434
East Pembroke,NY,42.9912,-78.3122
East Peoria,IL,40.6696,-89.56575
East Petersburg,PA,40.1008,-76.3512
East Pharsalia,NY,42.5835,-75.7219
East Pittsburgh,PA,40.4036,-79.8389
East Point,KY,37.7579,-82.8182
East Poland,ME,44.0627,-70.327
East Poultney,VT,43.5265,-73.2046
East Prairie,MO,36.7776,-89.3726
East Prospect,PA,39.9701,-76.5217
East Providence,RI,41.8138,-71.3688
East Quogue,NY,40.8428,-72.5813
East Randolph,NY,42.1747,-78.9473
East Randolph,VT,43.9553,-72.5487
East Rochester,NY,43.1128,-77.4906
East Rochester,OH,40.7563,-81.0175
East Rockaway,NY,40.6404,-73.6674
East Rutherford,NJ,40.8385,-74.1041
East Ryegate,VT,44.2275,-72.0996
East Saint Johnsbury,VT,44.4387,-71.9456
East Saint Louis,IL,38.60604,-90.12527
East Sandwich,MA,41.7283,-70.44
East Schodack,NY,42.5637,-73.6274
East Setauket,NY,40.9426,-73.1116
East Smethport,PA,41.8087,-78.4195
East Smithfield,PA,41.8645,-76.6255
East Sparta,OH,40.6971,-81.3687
East Spencer,NC,35.6805,-80.4354
East Springfield,NY,42.8336,-74.8233
East Springfield,OH,40.4506,-80.8604
East Springfield,PA,41.9794,-80.4303
East Stone Gap,VA,36.8668,-82.7424
East Stroudsburg,PA,41.06515,-75.1461
East Syracuse,NY,43.0734,-76.0558
East Tallassee,AL,32.8002,-85.8034
East Taunton,MA,41.8736,-71.0192
East Tawas,MI,44.3008,-83.4776
East Templeton,MA,42.5631,-72.037
East Texas,PA,40.5476,-75.5613
East Thetford,VT,43.8073,-72.2147
East Troy,WI,42.8035,-88.4092
East Vandergrift,PA,40.598,-79.5624
East Vassalboro,ME,44.4478,-69.6059
East Wakefield,NH,43.6142,-71.0051
East Wallingford,VT,43.4461,-72.8844
East Walpole,MA,42.1532,-71.2179
East Wareham,MA,41.7682,-70.6532
East Waterboro,ME,43.5995,-70.6906
East Waterford,PA,40.3542,-77.6528
East Wenatchee,WA,47.4186,-120.2731
East Weymouth,MA,42.214,-70.9203
East Williamson,NY,43.2354,-77.1376
East Wilton,ME,44.6159,-70.1928
East Windsor,CT,41.9099,-72.6029
East Windsor Hill,CT,41.8592,-72.603
East Winthrop,ME,44.3217,-69.8964
East Woodstock,CT,41.9843,-71.981
East Worcester,NY,42.6321,-74.6674
Eastaboga,AL,33.6031,-85.9608
Eastabuchie,MS,31.4555,-89.302
Eastanollee,GA,34.5037,-83.2587
Eastchester,NY,40.955,-73.8086
Eastern,KY,37.517,-82.806
Eastford,CT,41.8771,-72.0895
Eastham,MA,41.8408,-69.9849
Easthampton,MA,42.2668,-72.669
Eastlake,CO,39.9239,-104.9614
Eastlake,MI,44.2413,-86.2913
Eastlake,OH,41.6563,-81.44745
Eastlake Weir,FL,29.0088,-81.9094
Eastland,TX,32.3994,-98.8071
Eastman,GA,32.2084,-83.186
Eastman,WI,43.1959,-91.0193
Easton,CT,41.2523,-73.2871
Easton,IL,40.2279,-89.8903
Easton,KS,39.3391,-95.0999
Easton,MA,42.0235,-71.1324
Easton,MD,38.7768,-76.0758
Easton,ME,46.6357,-67.9018
Easton,MN,43.7658,-93.9011
Easton,MO,39.7517,-94.6582
Easton,PA,40.6938,-75.23472
Easton,TX,32.3874,-94.583
Easton,WA,47.233,-121.1772
Eastover,SC,33.9153,-80.6996
Eastpoint,FL,29.7495,-84.8162
Eastpointe,MI,42.4658,-82.9459
Eastport,ID,48.9994,-116.1813
Eastport,ME,44.92,-67.0074
Eastport,MI,45.1072,-85.3501
Eastport,NY,40.8297,-72.7283
Eastsound,WA,48.6968,-122.9055
Eastview,KY,37.6061,-86.0906
Eastville,VA,37.3526,-75.9458
Eastwood,KY,38.2331,-85.4558
Eaton,CO,40.5273,-104.7146
Eaton,IN,40.3377,-85.3544
Eaton,NY,42.8484,-75.6314
Eaton,OH,39.7426,-84.6508
Eaton,TN,35.9693,-89.1319
Eaton Center,NH,43.9092,-71.0837
Eaton Park,FL,28.0086,-81.9076
Eaton Rapids,MI,42.5166,-84.6565
Eatonton,GA,33.32155,-83.3699
Eatontown,NJ,40.30275,-74.15955
Eatonville,WA,46.8708,-122.2696
Eau Claire,MI,42.0151,-86.2972
Eau Claire,PA,41.1348,-79.7981
Eau Claire,WI,44.80997,-91.5007
Eau Galle,WI,44.7152,-91.9822
Eben Junction,MI,46.3549,-86.9701
Ebensburg,PA,40.4801,-78.7263
Ebervale,PA,40.9862,-75.9413
Ebony,VA,36.5722,-77.9888
Ebro,FL,30.4352,-85.8881
Eccles,WV,37.7792,-81.2635
Echo,LA,31.1093,-92.2395
Echo,MN,44.631,-95.4182
Echo,OR,45.7411,-119.1949
Echo,UT,40.9892,-111.451
Echo Lake,CA,38.8338,-120.0416
Echola,AL,33.294,-87.7766
Eckerman,MI,46.4088,-85.0136
Eckert,CO,38.845,-107.9625
Eckerty,IN,38.3185,-86.6059
Eckhart Mines,MD,39.6528,-78.9014
Eckley,CO,40.1138,-102.4828
Eckman,WV,37.3752,-81.6539
Eclectic,AL,32.6542,-86.0316
Ecleto,TX,29.0464,-97.7514
Economy,IN,39.9781,-85.088
Ecorse,MI,42.2519,-83.1489
Ecru,MS,34.3366,-89.0109
Ector,TX,33.5819,-96.2735
Edcouch,TX,26.3328,-97.9622
Eddington,ME,44.7917,-68.5777
Eddy,TX,31.3088,-97.2774
Eddyville,IA,41.1533,-92.6221
Eddyville,IL,37.4829,-88.5791
Eddyville,KY,37.0664,-88.0494
Eddyville,NE,41.0079,-99.681
Eddyville,OR,44.6371,-123.7531
Edelstein,IL,40.9454,-89.5858
Eden,AZ,32.9612,-109.8954
Eden,GA,32.1736,-81.3992
Eden,ID,42.5868,-114.2467
Eden,MD,38.2807,-75.651
Eden,NC,36.44605,-79.76605
Eden,NY,42.6506,-78.8781
Eden,SD,45.6211,-97.3741
Eden,TX,31.2192,-99.8407
Eden,UT,41.3303,-111.8558
Eden,VT,44.7343,-72.5863
Eden,WI,43.6959,-88.3266
Eden Mills,VT,44.6931,-72.5134
Eden Prairie,MN,44.85623,-93.45317
Eden Valley,MN,45.302,-94.6039
Edenton,NC,36.0908,-76.6224
Edenville,MI,43.7774,-84.3813
Edgar,MT,45.4647,-108.8524
Edgar,NE,40.3652,-97.9727
Edgar,WI,44.9046,-90.0125
Edgar Springs,MO,37.7365,-91.8906
Edgard,LA,30.0319,-90.5817
Edgarton,WV,37.7431,-82.108
Edgartown,MA,41.3889,-70.5339
Edgecomb,ME,43.9792,-69.6197
Edgefield,SC,33.8056,-81.966
Edgeley,ND,46.3591,-98.7157
Edgemont,AR,35.6321,-92.157
Edgemont,PA,39.9748,-75.4505
Edgemont,SD,43.2874,-103.811
Edgemoor,SC,34.797,-80.9891
Edgerton,KS,38.7811,-95.0094
Edgerton,MN,43.8824,-96.1463
Edgerton,MO,39.4742,-94.6352
Edgerton,OH,41.4425,-84.7349
Edgerton,WI,42.8386,-89.0642
Edgerton,WY,43.4074,-106.2638
Edgewater,FL,28.96365,-80.9036
Edgewater,MD,38.9149,-76.5424
Edgewater,NJ,40.8317,-73.9738
Edgewater,WI,45.7424,-91.4765
Edgewood,IA,42.6541,-91.395
Edgewood,IL,38.9021,-88.6645
Edgewood,MD,39.4277,-76.3055
Edgewood,NM,35.0776,-106.1872
Edgewood,TX,32.7003,-95.878
Edina,MO,40.1795,-92.1455
Edinboro,PA,41.87315,-80.1287
Edinburg,IL,39.6612,-89.3779
Edinburg,ND,48.4997,-97.8932
Edinburg,PA,41.0276,-80.4632
Edinburg,TX,26.37377,-98.17505
Edinburg,VA,38.8432,-78.6003
Edinburgh,IN,39.3626,-85.9707
Edison,CA,35.3475,-118.8718
Edison,GA,31.5607,-84.7381
Edison,NE,40.2802,-99.786
Edison,NJ,40.51558,-74.3863
Edison,OH,40.5905,-82.9023
Edisto Island,SC,32.5486,-80.307
Edmeston,NY,42.6979,-75.2438
Edmond,OK,35.66213,-97.48413
Edmond,WV,38.0544,-81.0326
Edmonds,WA,47.8207,-122.3497
Edmondson,AR,35.1042,-90.3133
Edmonson,TX,34.2789,-101.8941
Edmonton,KY,37.0008,-85.6095
Edmore,MI,43.4116,-85.028
Edmore,ND,48.4308,-98.4458
Edmund,WI,42.9675,-90.2646
Edna,KS,37.0561,-95.3442
Edna,TX,28.9527,-96.6488
Edneyville,NC,35.394,-82.3409
Edon,OH,41.5842,-84.757
Edroy,TX,27.9736,-97.6761
Edson,KS,39.3579,-101.521
Edwall,WA,47.5379,-117.9071
Edward,NC,35.3236,-76.8794
Edwards,CA,34.92905,-117.9211
Edwards,CO,39.6382,-106.6206
Edwards,IL,40.779,-89.723
Edwards,MO,38.1906,-93.1471
Edwards,MS,32.316,-90.5984
Edwards,NY,44.311,-75.2522
Edwardsburg,MI,41.7913,-86.0263
Edwardsport,IN,38.8106,-87.2519
Edwardsville,AL,33.7066,-85.5099
Edwardsville,IL,38.8082,-89.95845
Edwardsville,KS,39.0735,-94.7233
Edwardsville,VA,37.9065,-76.3652
Eek,AK,60.2151,-162.0323
Effie,LA,31.2275,-92.0967
Effie,MN,47.8472,-93.5799
Effingham,IL,39.1217,-88.5611
Effingham,KS,39.5222,-95.4008
Effingham,NH,43.7012,-70.9834
Effingham,SC,34.0946,-79.7918
Effort,PA,40.9669,-75.4523
Efland,NC,36.0912,-79.1884
Egan,LA,30.251,-92.5002
Egan,SD,43.9866,-96.6493
Egegik,AK,58.2062,-157.3422
Egeland,ND,48.6355,-99.1115
Egg Harbor,WI,45.01,-87.2805
Egg Harbor City,NJ,39.5331,-74.6177
Egg Harbor Township,NJ,39.3741,-74.6118
Eggleston,VA,37.2743,-80.6343
Eglin Afb,FL,30.5393,-86.6087
Eglon,WV,39.2925,-79.5109
Egnar,CO,37.9344,-108.9299
Egypt,AR,35.864,-90.9428
Egypt,TX,29.405,-96.2369
Ehrenberg,AZ,33.6177,-114.5077
Ehrhardt,SC,33.1044,-81.0221
Eidson,TN,36.4995,-83.0827
Eielson Afb,AK,64.6735,-147.0805
Eight Mile,AL,30.7951,-88.1823
Eighty Eight,KY,36.913,-85.7753
Eighty Four,PA,40.1868,-80.0627
Eitzen,MN,43.5084,-91.4632
Ekalaka,MT,45.8805,-104.504
Ekron,KY,37.9113,-86.1542
Ekwok,AK,59.3628,-157.4782
El Cajon,CA,32.79578,-116.9426
El Campo,TX,29.2008,-96.2743
El Centro,CA,32.79205,-115.6296
El Cerrito,CA,37.9156,-122.2985
El Dorado,AR,33.20745,-92.6646
El Dorado,CA,38.633,-120.8498
El Dorado,KS,37.8226,-96.8543
El Dorado Hills,CA,38.685,-121.068
El Dorado Springs,MO,37.8652,-94.0124
El Granada,CA,37.5101,-122.4734
El Indio,TX,28.5119,-100.3112
El Jobean,FL,26.9324,-82.2168
El Mirage,AZ,33.6082,-112.3241
El Monte,CA,34.0717,-118.0268
El Nido,CA,37.1391,-120.5251
El Paso,AR,35.1142,-92.0901
El Paso,IL,40.7389,-89.012
El Paso,TX,31.72231,-106.34308
El Portal,CA,37.6747,-119.7841
El Prado,NM,36.4317,-105.5747
El Reno,OK,35.5335,-97.9591
El Rito,NM,36.3647,-106.2192
El Segundo,CA,33.9243,-118.4119
El Sobrante,CA,37.9732,-122.29265
El Toro,CA,33.624,-117.6908
El Verano,CA,38.2993,-122.4867
Elaine,AR,34.3118,-90.8939
Eland,WI,44.8309,-89.2461
Elba,AL,31.4137,-86.0777
Elba,NE,41.2864,-98.5756
Elba,NY,43.0897,-78.1704
Elbe,WA,46.7777,-122.2023
Elberfeld,IN,38.2053,-87.4179
Elberon,IA,42.0088,-92.3314
Elberon,VA,37.0701,-76.8337
Elbert,CO,39.0969,-104.5746
Elbert,WV,37.3354,-81.5393
Elberta,AL,30.3942,-87.589
Elberta,MI,44.6194,-86.2265
Elberta,UT,39.9739,-111.9554
Elberton,GA,34.1082,-82.8448
Elbing,KS,38.0545,-97.1284
Elbow Lake,MN,45.9953,-95.9671
Elbridge,NY,43.0252,-76.4352
Elburn,IL,41.8824,-88.4611
Elcho,WI,45.4409,-89.1516
Elco,PA,40.0797,-79.8758
Eldena,IL,41.7711,-89.4123
Elderon,WI,44.7802,-89.2478
Elderton,PA,40.6922,-79.3422
Eldon,IA,40.9261,-92.2268
Eldon,MO,38.3401,-92.5736
Eldora,IA,42.3572,-93.1037
Eldorado,IL,37.8139,-88.4434
Eldorado,OH,39.8882,-84.6786
Eldorado,OK,34.4727,-99.646
Eldorado,TX,30.8667,-100.5889
Eldorado,WI,43.8415,-88.6388
Eldorado Springs,CO,39.9324,-105.288
Eldred,IL,39.2836,-90.5329
Eldred,NY,41.5328,-74.8968
Eldred,PA,41.9489,-78.3884
Eldridge,AL,33.9315,-87.6194
Eldridge,CA,38.3488,-122.5108
Eldridge,IA,41.6635,-90.5634
Eldridge,MO,37.8346,-92.7382
Eleanor,WV,38.5436,-81.9414
Electra,TX,34.0362,-98.9155
Electric City,WA,47.9131,-119.0426
Eleele,HI,21.9074,-159.5832
Elephant Butte,NM,33.209,-107.2212
Eleroy,IL,42.332,-89.7612
Eleva,WI,44.5985,-91.4804
Elfers,FL,28.2167,-82.7223
Elfin Cove,AK,58.1944,-136.3433
Elfrida,AZ,31.7139,-109.6193
Elgin,AZ,31.6598,-110.5254
Elgin,IA,42.9548,-91.6454
Elgin,IL,42.04192,-88.30802
Elgin,MN,44.1358,-92.2535
Elgin,ND,46.3679,-101.7558
Elgin,NE,41.9732,-98.0751
Elgin,OH,40.7425,-84.4758
Elgin,OK,34.772,-98.4073
Elgin,OR,45.5941,-117.9112
Elgin,PA,41.9031,-79.7437
Elgin,SC,34.162,-80.8113
Elgin,TN,36.3323,-84.6063
Elgin,TX,30.3231,-97.3737
Elida,NM,33.9405,-103.6323
Elim,AK,64.6217,-162.2604
Eliot,ME,43.1309,-70.7822
Elizabeth,AR,36.3238,-92.0934
Elizabeth,CO,39.3836,-104.592
Elizabeth,IL,42.3089,-90.1986
Elizabeth,IN,38.1244,-85.9589
Elizabeth,LA,30.8547,-92.7815
Elizabeth,MN,46.3803,-96.1326
Elizabeth,NJ,40.66672,-74.2151
Elizabeth,PA,40.2656,-79.8568
Elizabeth,WV,39.0566,-81.3989
Elizabeth City,NC,36.2885,-76.2377
Elizabethport,NJ,40.6501,-74.1871
Elizabethton,TN,36.3466,-82.2061
Elizabethtown,IL,37.4665,-88.2867
Elizabethtown,IN,39.1243,-85.8153
Elizabethtown,KY,37.6894,-85.86875
Elizabethtown,NC,34.6471,-78.5747
Elizabethtown,NY,44.2245,-73.6011
Elizabethtown,PA,40.1553,-76.6025
Elizabethville,PA,40.555,-76.8355
Elizaville,KY,38.4195,-83.8255
Elizaville,NY,42.0902,-73.7818
Elk,CA,39.1593,-123.7219
Elk,WA,48.0205,-117.2963
Elk City,ID,45.7896,-115.5024
Elk City,KS,37.3146,-95.9135
Elk City,OK,35.4112,-99.4127
Elk Creek,CA,39.5306,-122.6124
Elk Creek,MO,37.1878,-91.9134
Elk Creek,NE,40.2977,-96.1421
Elk Creek,VA,36.7306,-81.1915
Elk Falls,KS,37.3745,-96.1959
Elk Garden,WV,39.3631,-79.1539
Elk Grove,CA,38.41565,-121.40037
Elk Grove Village,IL,42.00575,-87.9817
Elk Horn,IA,41.5829,-95.07
Elk Horn,KY,37.3393,-85.1918
Elk Mills,MD,39.658,-75.8282
Elk Mound,WI,44.867,-91.6752
Elk Mountain,WY,41.6874,-106.4146
Elk Park,NC,36.1646,-81.9639
Elk Point,SD,42.7382,-96.687
Elk Rapids,MI,44.8955,-85.4082
Elk River,ID,46.7835,-116.1799
Elk River,MN,45.3136,-93.5814
Elka Park,NY,42.1643,-74.1245
Elkader,IA,42.8496,-91.4143
Elkfork,KY,37.9708,-83.1193
Elkhart,IA,41.7917,-93.5222
Elkhart,IL,40.0132,-89.452
Elkhart,IN,41.67883,-85.97113
Elkhart,KS,37.0154,-101.9012
Elkhart,TX,31.648,-95.5551
Elkhart Lake,WI,43.8436,-87.9767
Elkhorn,NE,41.2756,-96.2431
Elkhorn,WI,42.7009,-88.5462
Elkhorn,WV,37.3857,-81.4109
Elkhorn City,KY,37.3109,-82.4091
Elkin,NC,36.2872,-80.8554
Elkins,AR,36.0177,-94.0073
Elkins,NH,43.4209,-71.9373
Elkins,WV,38.9253,-79.8471
Elkins Park,PA,40.075,-75.1315
Elkland,MO,37.4336,-93.021
Elkland,PA,41.9882,-77.3134
Elkmont,AL,34.929,-86.9739
Elko,GA,32.3336,-83.7304
Elko,NV,40.8568,-115.68687
Elko,SC,33.3804,-81.3796
Elko New Market,MN,44.5647,-93.3269
Elkport,IA,42.7624,-91.3203
Elkridge,MD,39.2058,-76.7531
Elkton,FL,29.7882,-81.462
Elkton,KY,36.9094,-87.1678
Elkton,MD,39.6166,-75.83955
Elkton,MI,43.8344,-83.1786
Elkton,MN,43.6348,-92.7104
Elkton,OH,40.763,-80.7042
Elkton,OR,43.6378,-123.59
Elkton,SD,44.235,-96.5011
Elkton,TN,35.0523,-86.8886
Elkton,VA,38.4025,-78.6321
Elkview,WV,38.4429,-81.4804
Elkville,IL,37.9155,-89.2336
Elkwood,VA,38.4652,-77.817
Ellabell,GA,32.1273,-81.4983
Ellamore,WV,38.9243,-80.0904
Ellaville,GA,32.239,-84.3039
Ellenboro,NC,35.3344,-81.7707
Ellenboro,WV,39.2969,-81.0621
Ellenburg,NY,44.8939,-73.8365
Ellenburg Center,NY,44.8444,-73.8685
Ellenburg Depot,NY,44.9163,-73.7876
Ellendale,DE,38.8057,-75.4056
Ellendale,MN,43.8826,-93.3195
Ellendale,ND,46.0073,-98.5138
Ellendale,TN,35.2306,-89.8259
Ellensburg,WA,46.9996,-120.5163
Ellenton,FL,27.5382,-82.5006
Ellenton,GA,31.1789,-83.5889
Ellenville,NY,41.7218,-74.4141
Ellenwood,GA,33.6166,-84.2939
Ellerbe,NC,35.0914,-79.7524
Ellerslie,GA,32.6312,-84.7895
Ellerslie,MD,39.7083,-78.7774
Ellery,IL,38.365,-88.1335
Ellettsville,IN,39.2545,-86.6196
Ellicott City,MD,39.2546,-76.8678
Ellicottville,NY,42.2959,-78.6606
Ellijay,GA,34.66625,-84.4183
Ellinger,TX,29.8459,-96.6966
Ellington,CT,41.9114,-72.4626
Ellington,MO,37.2398,-90.9589
Ellington,NY,42.2291,-79.1135
Ellinwood,KS,38.3565,-98.5849
Elliott,IA,41.1306,-95.1602
Elliott,IL,40.4648,-88.2712
Elliott,MS,33.6895,-89.7583
Elliott,SC,34.1071,-80.1637
Elliottsburg,PA,40.4096,-77.3121
Elliottville,KY,38.1765,-83.2682
Ellis,ID,44.6919,-114.0484
Ellis,KS,38.9471,-99.5285
Ellis Grove,IL,38.0054,-89.9008
Ellisburg,NY,43.7434,-76.1165
Ellison Bay,WI,45.2572,-87.0512
Elliston,MT,46.5034,-112.4007
Elliston,VA,37.2165,-80.2325
Ellisville,IL,40.6047,-90.2875
Ellisville,MS,31.5797,-89.2231
Elloree,SC,33.531,-80.572
Ellsinore,MO,36.9453,-90.7485
Ellston,IA,40.8505,-94.0841
Ellsworth,IA,42.3009,-93.549
Ellsworth,IL,40.4432,-88.7371
Ellsworth,KS,38.7312,-98.2057
Ellsworth,ME,44.5548,-68.4121
Ellsworth,MI,45.1599,-85.2633
Ellsworth,MN,43.5265,-96.0112
Ellsworth,NE,42.0586,-102.2807
Ellsworth,OH,41.0242,-80.8573
Ellsworth,PA,40.1073,-80.0204
Ellsworth,WI,44.7302,-92.489
Ellsworth Afb,SD,44.1447,-103.0759
Ellwood City,PA,40.8729,-80.2559
Elm,PA,40.2044,-76.3464
Elm City,NC,35.811,-77.856
Elm Creek,NE,40.7301,-99.3728
Elm Grove,LA,32.3886,-93.5026
Elm Grove,WI,43.0479,-88.0854
Elm Hall,MI,43.3639,-84.8362
Elm Mott,TX,31.6725,-97.1138
Elm Springs,AR,36.21,-94.2546
Elma,IA,43.2786,-92.3981
Elma,NY,42.834,-78.6343
Elma,WA,47.0058,-123.3997
Elmaton,TX,28.8864,-96.14
Elmdale,KS,38.3779,-96.6675
Elmendorf,TX,29.2308,-98.372
Elmer,LA,31.1465,-92.7171
Elmer,MO,39.9415,-92.6424
Elmer,NJ,39.5691,-75.163
Elmer,OK,34.5137,-99.3167
Elmer City,WA,47.9979,-118.9545
Elmhurst,IL,41.8927,-87.941
Elmhurst,NY,40.7358,-73.87775
Elmhurst,PA,41.3756,-75.548
Elmira,CA,38.3482,-121.91
Elmira,MI,45.0645,-84.8562
Elmira,NY,42.10554,-76.8188
Elmira,OR,44.0873,-123.3671
Elmo,MO,40.5185,-95.1236
Elmo,MT,47.8305,-114.3496
Elmo,TX,32.5996,-96.3027
Elmo,UT,39.4033,-110.81
Elmont,NY,40.6976,-73.7049
Elmora,PA,40.6076,-78.7524
Elmore,AL,32.5454,-86.3161
Elmore,MN,43.5201,-94.0984
Elmore,OH,41.4681,-83.2767
Elmore City,OK,34.6265,-97.4142
Elmsford,NY,41.0572,-73.8136
Elmwood,IL,40.7726,-89.9289
Elmwood,MA,42.0098,-70.962
Elmwood,NE,40.8378,-96.2944
Elmwood,TN,36.2355,-85.8808
Elmwood,WI,44.7561,-92.2022
Elmwood Park,IL,41.9232,-87.8185
Elmwood Park,NJ,40.9069,-74.1209
Elnora,IN,38.8772,-87.085
Elon,NC,36.1029,-79.5067
Elora,TN,35.0295,-86.3481
Eloy,AZ,32.7509,-111.5833
Elrama,PA,40.2521,-79.9252
Elrod,AL,33.2562,-87.7922
Elrosa,MN,45.5636,-94.9464
Elroy,WI,43.7516,-90.2889
Elsa,TX,26.2974,-97.9884
Elsah,IL,38.9594,-90.3541
Elsberry,MO,39.159,-90.816
Elsie,MI,43.0886,-84.3869
Elsie,NE,40.8596,-101.37
Elsinore,UT,38.6753,-112.1489
Elsmere,NE,42.2403,-100.2595
Elsmore,KS,37.8035,-95.1546
Elton,LA,30.4715,-92.6996
Elton,PA,40.2799,-78.8032
Elton,WI,45.1562,-88.8837
Eltopia,WA,46.475,-119.1013
Elvaston,IL,40.395,-91.2496
Elverson,PA,40.1568,-75.7866
Elverta,CA,38.7233,-121.4497
Elwell,MI,43.4106,-84.7631
Elwin,IL,39.78,-88.9808
Elwood,IL,41.426,-88.0864
Elwood,IN,40.2803,-85.8391
Elwood,KS,39.7573,-94.8824
Elwood,NE,40.5747,-99.8258
Elwood,NJ,39.5737,-74.72
Ely,IA,41.8943,-91.5738
Ely,MN,47.9034,-91.857
Ely,NV,39.29,-114.85655
Elyria,NE,41.6808,-99.0062
Elyria,OH,41.38695,-82.0911
Elysburg,PA,40.8639,-76.5569
Elysian,MN,44.2231,-93.6965
Elysian Fields,TX,32.3685,-94.183
Embarrass,MN,47.6658,-92.2101
Embarrass,WI,44.6686,-88.7043
Emblem,WY,44.5058,-108.3918
Embudo,NM,36.2153,-105.8901
Emden,IL,40.2967,-89.4714
Emden,MO,39.8019,-91.8606
Emeigh,PA,40.6948,-78.787
Emelle,AL,32.755,-88.3057
Emerado,ND,47.9214,-97.263
Emerald Isle,NC,34.6662,-77.026
Emerson,AR,33.0891,-93.1987
Emerson,GA,34.12,-84.757
Emerson,IA,41.0284,-95.4106
Emerson,KY,38.3563,-83.2877
Emerson,NE,42.2852,-96.7159
Emerson,NJ,40.9755,-74.0285
Emery,SD,43.5656,-97.6475
Emery,UT,38.9226,-111.2512
Emeryville,CA,37.8339,-122.2828
Emigrant,MT,45.2708,-110.7921
Emigrant Gap,CA,39.2968,-120.6727
Emigsville,PA,40.0215,-76.7266
Emily,MN,46.7478,-93.9484
Eminence,IN,39.5214,-86.6414
Eminence,KY,38.3696,-85.1782
Eminence,MO,37.1626,-91.4519
Emington,IL,40.9692,-88.3589
Emlenton,PA,41.2028,-79.747
Emlyn,KY,36.7039,-84.1415
Emma,IL,37.9762,-88.1202
Emma,MO,38.9717,-93.4947
Emmalena,KY,37.3499,-83.0471
Emmaus,PA,40.5361,-75.49827
Emmet,AR,33.6929,-93.4232
Emmet,NE,42.4747,-98.8238
Emmetsburg,IA,43.1082,-94.6825
Emmett,ID,43.9089,-116.4927
Emmett,KS,39.3048,-96.0593
Emmett,MI,42.9872,-82.7854
Emmitsburg,MD,39.694,-77.3357
Emmonak,AK,62.7818,-164.5335
Emmons,MN,43.5089,-93.4824
Emory,TX,32.875,-95.7418
Emory,VA,36.78,-81.8171
Empire,AL,33.8256,-87.0161
Empire,CA,37.6382,-120.9005
Empire,CO,39.7614,-105.6844
Empire,LA,29.3814,-89.5926
Empire,MI,44.8144,-85.9999
Empire,NV,40.6132,-119.3485
Empire,OH,40.5092,-80.6241
Emporia,KS,38.4184,-96.1871
Emporia,VA,36.6857,-77.563
Emporium,PA,41.5177,-78.2536
Encampment,WY,41.2054,-106.7803
Encinal,TX,28.0405,-99.3563
Encinitas,CA,33.04475,-117.28045
Encino,CA,34.15873,-118.50203
Encino,NM,34.615,-105.4839
Encino,TX,26.9249,-98.1922
Endeavor,PA,41.5895,-79.385
Endeavor,WI,43.6963,-89.4617
Enderlin,ND,46.6079,-97.6106
Enders,NE,40.4655,-101.5222
Endicott,NE,40.0496,-97.0813
Endicott,NY,42.1158,-76.0513
Endicott,WA,46.9364,-117.723
Endwell,NY,42.1129,-76.021
Energy,IL,37.7726,-89.025
Energy,TX,31.7629,-98.3695
Enfield,CT,41.9826,-72.5785
Enfield,IL,38.0927,-88.3325
Enfield,NC,36.1973,-77.7129
Enfield,NH,43.6256,-72.127
Enfield Center,NH,43.5796,-72.0854
Engadine,MI,46.204,-85.6005
Engelhard,NC,35.5149,-76.0303
England,AR,34.5575,-91.9484
Englewood,CO,39.63186,-104.95929
Englewood,FL,26.9909,-82.36787
Englewood,KS,37.0384,-99.9835
Englewood,NJ,40.8943,-73.9772
Englewood,OH,39.877,-84.3319
Englewood,TN,35.4272,-84.4833
Englewood Cliffs,NJ,40.882,-73.9544
English,IN,38.3258,-86.4429
Englishtown,NJ,40.2825,-74.3424
Enid,MS,34.1263,-90.0044
Enid,OK,36.38264,-97.86832
Enigma,GA,31.3736,-83.3552
Enka,NC,35.4988,-82.708
Enloe,TX,33.4291,-95.6518
Ennice,NC,36.5253,-80.9771
Enning,SD,44.5755,-102.5632
Ennis,MT,45.3545,-111.687
Ennis,TX,32.3334,-96.62795
Enochs,TX,33.8731,-102.7599
Enola,AR,35.2087,-92.2123
Enola,PA,40.2922,-76.9432
Enon,OH,39.8663,-83.9385
Enon Valley,PA,40.8721,-80.4612
Enoree,SC,34.671,-81.9237
Enosburg Falls,VT,44.8985,-72.791
Ensign,KS,37.6414,-100.2496
Enterprise,AL,31.3193,-85.87285
Enterprise,KS,38.9063,-97.1122
Enterprise,LA,31.9064,-91.8751
Enterprise,MS,32.1563,-88.8474
Enterprise,OR,45.437,-117.2888
Enterprise,UT,37.5797,-113.6894
Enterprise,WV,39.4209,-80.2779
Entiat,WA,47.7057,-120.276
Entriken,PA,40.334,-78.1989
Enumclaw,WA,47.2665,-122.0314
Enville,TN,35.4393,-88.4206
Eola,IL,41.7775,-88.2428
Eola,TX,31.3617,-100.0922
Eolia,KY,37.0618,-82.7706
Eolia,MO,39.2431,-91.0093
Epes,AL,32.672,-88.1206
Ephraim,UT,39.36,-111.5823
Ephraim,WI,45.1592,-87.171
Ephrata,PA,40.1756,-76.1821
Ephrata,WA,47.2771,-119.5336
Epping,ND,48.2764,-103.3763
Epping,NH,43.0411,-71.0764
Epps,LA,32.6161,-91.4913
Epsom,NH,43.2174,-71.3546
Epworth,GA,34.9129,-84.5391
Epworth,IA,42.4439,-90.9313
Equality,AL,32.8139,-86.1051
Equality,IL,37.7278,-88.3445
Equinunk,PA,41.8117,-75.1891
Era,TX,33.4965,-97.3859
Erath,LA,29.9522,-92.0343
Erbacon,WV,38.5419,-80.5742
Erhard,MN,46.4948,-96.0593
Erick,OK,35.2286,-99.8635
Ericson,NE,41.7828,-98.6453
Erie,CO,40.0597,-105.0686
Erie,IL,41.656,-90.0843
Erie,KS,37.6044,-95.2514
Erie,MI,41.7829,-83.4958
Erie,ND,47.1128,-97.3849
Erie,PA,42.13384,-80.07216
Erieville,NY,42.8562,-75.7543
Erin,NY,42.1859,-76.6819
Erin,TN,36.3067,-87.679
Erlanger,KY,39.03425,-84.6143
Ermine,KY,37.1615,-82.7974
Ernest,PA,40.678,-79.1657
Ernul,NC,35.2547,-77.0502
Eros,LA,32.3988,-92.3479
Errol,NH,44.8003,-71.1436
Erskine,MN,47.6618,-96.0122
Erving,MA,42.6076,-72.4292
Erwin,NC,35.3287,-78.6859
Erwin,SD,44.4915,-97.4103
Erwin,TN,36.1342,-82.4163
Erwinna,PA,40.5087,-75.0804
Erwinville,LA,30.548,-91.4187
Esbon,KS,39.7562,-98.4462
Escalante,UT,37.7698,-111.6037
Escalon,CA,37.7983,-121.0006
Escanaba,MI,45.7659,-87.089
Escatawpa,MS,30.4411,-88.6345
Escondido,CA,33.12236,-117.08454
Eskdale,WV,38.0505,-81.4227
Esko,MN,46.7126,-92.3569
Eskridge,KS,38.8514,-96.1016
Esmond,IL,42.0225,-88.9439
Esmond,ND,48.0419,-99.7617
Esmont,VA,37.8125,-78.6106
Esom Hill,GA,33.949,-85.3877
Esopus,NY,41.8279,-73.9651
Espanola,NM,35.9869,-106.06855
Esparto,CA,38.7061,-122.0152
Esperance,NY,42.7717,-74.2882
Essex,CA,34.5881,-115.5771
Essex,CT,41.3549,-72.3965
Essex,IA,40.8404,-95.2888
Essex,IL,41.1676,-88.1845
Essex,MA,42.6286,-70.7828
Essex,MD,39.3086,-76.4533
Essex,MO,36.8109,-89.8366
Essex,MT,48.278,-113.6126
Essex,NY,44.2807,-73.3731
Essex,VT,44.5084,-73.0503
Essex Fells,NJ,40.8279,-74.2797
Essex Junction,VT,44.4728,-73.08655
Essexville,MI,43.6069,-83.8217
Essie,KY,37.0547,-83.4561
Essig,MN,44.3258,-94.6052
Essington,PA,39.8621,-75.2971
Estacada,OR,45.2872,-122.3259
Estancia,NM,34.77,-106.135
Estcourt Station,ME,47.4589,-69.2243
Estell Manor,NJ,39.3783,-74.8165
Estelline,SD,44.6029,-96.8928
Estelline,TX,34.5303,-100.4455
Ester,AK,64.871,-148.0949
Estero,FL,26.4366,-81.8085
Estes Park,CO,40.49695,-105.5417
Estherville,IA,43.4017,-94.818
Estherwood,LA,30.1808,-92.4643
Estill,SC,32.7375,-81.2178
Estill Springs,TN,35.2705,-86.1396
Estillfork,AL,34.913,-86.1716
Ethan,SD,43.5478,-97.9881
Ethel,AR,34.2435,-91.1398
Ethel,LA,30.8131,-91.11
Ethel,MO,39.9146,-92.7664
Ethel,MS,33.1204,-89.4659
Ethel,WA,46.5321,-122.7404
Ethel,WV,37.8665,-81.9123
Ethelsville,AL,33.4157,-88.2167
Ether,NC,35.4514,-79.7834
Ethridge,MT,48.5578,-112.1206
Ethridge,TN,35.3326,-87.3039
Etlan,VA,38.5095,-78.2638
Etna,CA,41.4463,-123.01
Etna,ME,44.7932,-69.1322
Etna,NH,43.7113,-72.2125
Etna,NY,42.4851,-76.3835
Etna,OH,39.9572,-82.6837
Etna,WY,43.0443,-111.0085
Etna Green,IN,41.2918,-86.035
Etoile,KY,36.8134,-85.9173
Etoile,TX,31.3601,-94.4064
Eton,GA,34.8251,-84.7633
Etowah,AR,35.7337,-90.1838
Etowah,NC,35.3172,-82.5977
Etowah,TN,35.3314,-84.5283
Etta,MS,34.4352,-89.1767
Etters,PA,40.1545,-76.8019
Ettrick,WI,44.1724,-91.2635
Eubank,KY,37.2642,-84.6066
Eucha,OK,36.4063,-94.9157
Euclid,MN,47.9845,-96.6428
Euclid,OH,41.593,-81.51693
Eudora,AR,33.1213,-91.2716
Eudora,KS,38.933,-95.1022
Eudora,MO,37.4767,-93.5397
Eufaula,AL,31.8982,-85.15555
Eufaula,OK,35.2911,-95.6472
Eugene,MO,38.3424,-92.3823
Eugene,OR,44.06907,-123.09619
Euless,TX,32.8423,-97.0902
Eunice,LA,30.5116,-92.3985
Eunice,MO,37.248,-91.7834
Eunice,NM,32.4392,-103.1594
Eupora,MS,33.5494,-89.2904
Eure,NC,36.4341,-76.8463
Eureka,CA,40.78317,-124.16343
Eureka,IL,40.7152,-89.2706
Eureka,KS,37.8265,-96.2959
Eureka,MI,43.1036,-84.5139
Eureka,MO,38.5128,-90.6306
Eureka,MT,48.8428,-115.0049
Eureka,NV,39.5897,-115.9943
Eureka,SD,45.7707,-99.3308
Eureka,UT,39.9541,-112.1174
Eureka,WI,44.0032,-88.8397
Eureka Springs,AR,36.42625,-93.7526
Eustace,TX,32.2965,-96.0137
Eustis,FL,28.87357,-81.6255
Eustis,ME,45.3356,-70.6283
Eustis,NE,40.6625,-100.0296
Eutaw,AL,32.8889,-87.9303
Eutawville,SC,33.3922,-80.32
Eva,AL,34.3323,-86.7589
Eva,TN,36.1142,-87.982
Evadale,TX,30.3129,-94.0731
Evangeline,LA,30.2683,-92.5532
Evans,CO,40.3803,-104.6971
Evans,GA,33.5412,-82.1398
Evans,LA,30.9684,-93.5203
Evans,WA,48.7458,-118.0001
Evans,WV,38.8113,-81.7909
Evans City,PA,40.7808,-80.0592
Evans Mills,NY,44.0817,-75.8305
Evansdale,IA,42.4755,-92.2812
Evansport,OH,41.4222,-84.3966
Evanston,IL,42.04712,-87.69207
Evanston,IN,38.0224,-86.8364
Evanston,WY,41.2614,-110.94155
Evansville,AR,35.7823,-94.4638
Evansville,IL,38.0926,-89.917
Evansville,IN,37.99624,-87.57019
Evansville,MN,46.0153,-95.6951
Evansville,WI,42.7732,-89.2877
Evansville,WY,42.8992,-106.1754
Evant,TX,31.4388,-98.0535
Evart,MI,43.8888,-85.2649
Evarts,KY,36.8398,-83.2233
Eveleth,MN,47.451,-92.528
Evening Shade,AR,36.0855,-91.598
Evensville,TN,35.6153,-85.0228
Everest,KS,39.688,-95.4138
Everett,MA,42.4112,-71.0514
Everett,PA,40.0098,-78.3713
Everett,WA,47.93011,-122.22601
Everetts,NC,35.8349,-77.1736
Everglades City,FL,25.857,-81.3778
Evergreen,AL,31.458,-86.9258
Evergreen,CO,39.5797,-105.28205
Evergreen,LA,30.9161,-92.067
Evergreen,NC,34.4204,-78.8947
Evergreen,VA,37.3185,-78.7658
Evergreen Park,IL,41.722,-87.7024
Everly,IA,43.1609,-95.3228
Everson,PA,40.0911,-79.5873
Everson,WA,48.9045,-122.3325
Everton,AR,36.1534,-92.915
Everton,MO,37.3425,-93.7024
Evington,VA,37.261,-79.2317
Evinston,FL,29.4869,-82.2312
Ewa Beach,HI,21.3274,-158.0103
Ewan,NJ,39.7015,-75.1629
Ewell,MD,37.9938,-76.0351
Ewen,MI,46.5404,-89.3145
Ewing,IL,38.0702,-88.8504
Ewing,KY,38.4157,-83.8733
Ewing,MO,39.9962,-91.7216
Ewing,NE,42.1851,-98.3981
Ewing,VA,36.6237,-83.5047
Excel,AL,31.4279,-87.3414
Excello,MO,39.6455,-92.4757
Excelsior,MN,44.9007,-93.5791
Excelsior Springs,MO,39.3392,-94.2261
Exchange,WV,38.7358,-80.7324
Exeland,WI,45.6753,-91.2238
Exeter,CA,36.3041,-119.1293
Exeter,ME,44.9679,-69.1079
Exeter,MO,36.6815,-93.9702
Exeter,NE,40.6341,-97.4424
Exeter,NH,42.9815,-70.9478
Exeter,RI,41.574,-71.6076
Exira,IA,41.5768,-94.8571
Exline,IA,40.6414,-92.827
Exmore,VA,37.5117,-75.8526
Experiment,GA,33.2782,-84.2888
Export,PA,40.4252,-79.611
Exton,PA,40.0468,-75.6432
Eyota,MN,44.0099,-92.2648
Ezel,KY,37.8912,-83.4444
Fabens,TX,31.4745,-106.1589
Faber,VA,37.8475,-78.7565
Fabius,NY,42.8531,-75.9836
Fabyan,CT,42.0198,-71.9417
Fackler,AL,34.8259,-85.9846
Factoryville,PA,41.5762,-75.7652
Fagus,MO,36.5114,-90.267
Fair Bluff,NC,34.3023,-79.0175
Fair Grove,MO,37.3721,-93.1428
Fair Haven,MI,42.7023,-82.6688
Fair Haven,NJ,40.3599,-74.0389
Fair Haven,NY,43.4313,-76.2004
Fair Haven,VT,43.6234,-73.2701
Fair Lawn,NJ,40.9343,-74.1166
Fair Oaks,CA,38.6554,-121.2611
Fair Oaks,IN,41.075,-87.2575
Fair Play,MO,37.6335,-93.6064
Fair Play,SC,34.5112,-82.9854
Fairacres,NM,32.2984,-106.8812
Fairbank,IA,42.6162,-92.0326
Fairbank,PA,39.9434,-79.8495
Fairbanks,AK,64.8613,-147.75602
Fairbanks,IN,39.1901,-87.547
Fairbanks,LA,32.6443,-92.0365
Fairborn,OH,39.8053,-84.0198
Fairburn,GA,33.5648,-84.5809
Fairburn,SD,43.6623,-103.2133
Fairbury,IL,40.745,-88.5165
Fairbury,NE,40.1488,-97.1839
Fairchance,PA,39.8229,-79.7551
Fairchild,WI,44.5963,-90.9906
Fairchild Air Force Base,WA,47.6332,-117.6546
Fairdale,KY,38.1087,-85.7549
Fairdale,ND,48.4819,-98.2066
Fairdale,WV,37.7815,-81.3632
Fairdealing,MO,36.6704,-90.6335
Fairfax,CA,37.9877,-122.5913
Fairfax,IA,41.9153,-91.7801
Fairfax,MN,44.5329,-94.7256
Fairfax,MO,40.3302,-95.3751
Fairfax,OK,36.5577,-96.6997
Fairfax,SC,32.9515,-81.2586
Fairfax,SD,43.0351,-98.8308
Fairfax,VA,38.8343,-77.28789
Fairfax,VT,44.6924,-73.0241
Fairfax Station,VA,38.7602,-77.3064
Fairfield,AL,33.4735,-86.9183
Fairfield,CA,38.2547,-122.08355
Fairfield,CT,41.177,-73.24723
Fairfield,FL,29.3509,-82.2765
Fairfield,IA,41.01025,-91.9629
Fairfield,ID,43.3675,-114.7908
Fairfield,IL,38.3782,-88.3593
Fairfield,KY,37.934,-85.3862
Fairfield,ME,44.6463,-69.6802
Fairfield,MT,47.6143,-112.0015
Fairfield,NC,35.5659,-76.2318
Fairfield,ND,47.2329,-103.3056
Fairfield,NE,40.4285,-98.1063
Fairfield,NJ,40.8822,-74.296
Fairfield,OH,39.3838,-84.5618
Fairfield,PA,39.7808,-77.3619
Fairfield,TX,31.7361,-96.1572
Fairfield,VA,37.8778,-79.2979
Fairfield,VT,44.7841,-73.0222
Fairfield,WA,47.3987,-117.1921
Fairfield Bay,AR,35.6027,-92.2742
Fairforest,SC,34.9565,-82.0101
Fairgrove,MI,43.5126,-83.5835
Fairhaven,MA,41.6409,-70.8896
Fairhope,AL,30.49265,-87.87205
Fairhope,PA,39.868,-78.8362
Fairland,IN,39.6295,-85.8913
Fairland,OK,36.7418,-94.8279
Fairlawn,OH,41.1278,-81.6098
Fairlea,WV,37.7747,-80.4615
Fairlee,VT,43.901,-72.1902
Fairless Hills,PA,40.1748,-74.8519
Fairmont,MN,43.6376,-94.451
Fairmont,NC,34.472,-79.1407
Fairmont,NE,40.6404,-97.5873
Fairmont,OK,36.34,-97.6848
Fairmont,WV,39.5042,-80.2199
Fairmount,GA,34.4362,-84.6999
Fairmount,IL,40.0373,-87.8365
Fairmount,IN,40.4188,-85.6713
Fairmount,ND,46.0427,-96.6308
Fairmount City,PA,41.0429,-79.2784
Fairplay,CO,39.2256,-105.9994
Fairplay,MD,39.5594,-77.7604
Fairpoint,OH,40.1225,-80.938
Fairport,NY,43.0892,-77.436
Fairton,NJ,39.3799,-75.2217
Fairview,IL,40.6442,-90.1653
Fairview,KS,39.8445,-95.711
Fairview,KY,36.8434,-87.3039
Fairview,MI,44.7205,-84.0525
Fairview,MO,36.8254,-94.0912
Fairview,MT,47.8916,-104.2302
Fairview,NC,35.5258,-82.3985
Fairview,NJ,40.817,-74.0
Fairview,OH,40.065,-81.2558
Fairview,OK,36.2871,-98.604
Fairview,OR,45.5473,-122.4414
Fairview,PA,42.0407,-80.2395
Fairview,SD,43.197,-96.5135
Fairview,TN,35.9755,-87.1321
Fairview,UT,39.6264,-111.4396
Fairview,WV,39.6103,-80.2529
Fairview,WY,42.6885,-110.9824
Fairview Heights,IL,38.596,-90.0071
Fairview Village,PA,40.1579,-75.3871
Fairwater,WI,43.7475,-88.8665
Faison,NC,35.1199,-78.118
Faith,NC,35.5817,-80.4581
Faith,SD,44.9926,-102.0541
Falcon,KY,37.7843,-83.0109
Falcon,MO,37.6061,-92.3466
Falcon,MS,34.3932,-90.2565
Falcon,NC,35.1899,-78.6483
Falcon Heights,TX,26.562,-99.1335
Falconer,NY,42.1239,-79.1895
Falfurrias,TX,27.2242,-98.1408
Falkland,NC,35.6966,-77.5132
Falkner,MS,34.8417,-88.9525
Falkville,AL,34.3477,-86.9131
Fall Branch,TN,36.4158,-82.6256
Fall City,WA,47.5682,-121.8896
Fall Creek,OR,43.9509,-122.6884
Fall Creek,WI,44.7684,-91.2856
Fall River,KS,37.621,-96.0435
Fall River,MA,41.69712,-71.15208
Fall River,WI,43.4008,-89.0625
Fall River Mills,CA,41.0393,-121.4606
Fall Rock,KY,37.2198,-83.7883
Fallbrook,CA,33.3727,-117.24005
Fallentimber,PA,40.6867,-78.4992
Falling Rock,WV,38.4951,-81.3984
Falling Waters,WV,39.5865,-77.8852
Fallon,MT,46.7866,-105.1161
Fallon,NV,39.47243,-118.7803
Falls,PA,41.4667,-75.856
Falls Church,VA,38.87363,-77.1725
Falls City,NE,40.0742,-95.5931
Falls City,OR,44.8706,-123.4461
Falls City,TX,28.9814,-98.0156
Falls Creek,PA,41.1455,-78.8128
Falls Mills,VA,37.271,-81.3182
Falls Of Rough,KY,37.5522,-86.4836
Falls Village,CT,41.9559,-73.3632
Fallsburg,NY,41.7273,-74.6154
Fallston,MD,39.527,-76.4328
Fallston,NC,35.429,-81.5015
Falmouth,IN,39.729,-85.3331
Falmouth,KY,38.6643,-84.3451
Falmouth,MA,41.55815,-70.61825
Falmouth,ME,43.734,-70.2625
Falmouth,MI,44.2529,-85.017
False Pass,AK,54.8542,-163.4113
Falun,KS,38.6648,-97.7554
Fancher,NY,43.2448,-78.0911
Fancy Farm,KY,36.7767,-88.7918
Fancy Gap,VA,36.664,-80.6907
Fannettsburg,PA,40.0717,-77.821
Fannin,TX,28.6955,-97.2358
Fanrock,WV,37.5532,-81.6305
Fanshawe,OK,34.9537,-94.8998
Fanwood,NJ,40.6419,-74.3868
Far Hills,NJ,40.6996,-74.6536
Far Rockaway,NY,40.61625,-73.80093
Farber,MO,39.2742,-91.5798
Fargo,GA,30.6819,-82.5665
Fargo,ND,46.86977,-96.80191
Fargo,OK,36.3761,-99.6237
Faribault,MN,44.2945,-93.2818
Farina,IL,38.8469,-88.7614
Farley,IA,42.4451,-91.0083
Farley,MO,39.2839,-94.8302
Farlington,KS,37.6163,-94.8479
Farmdale,OH,41.3923,-80.6628
Farmer,OH,41.3907,-84.6313
Farmer City,IL,40.2447,-88.6634
Farmers,KY,38.1403,-83.5337
Farmersburg,IA,42.9522,-91.339
Farmersburg,IN,39.2685,-87.5024
Farmersville,CA,36.3002,-119.2054
Farmersville,IL,39.4401,-89.617
Farmersville,OH,39.6867,-84.4205
Farmersville,TX,33.1659,-96.3686
Farmersville Station,NY,42.4276,-78.3608
Farmerville,LA,32.7534,-92.318
Farmingdale,ME,44.2523,-69.7913
Farmingdale,NJ,40.2043,-74.1779
Farmingdale,NY,40.73205,-73.43905
Farmington,AR,36.0436,-94.2539
Farmington,CA,37.9299,-121.0002
Farmington,CT,41.77067,-72.7597
Farmington,GA,33.7558,-83.4201
Farmington,IA,40.6397,-91.7447
Farmington,IL,40.6832,-90.035
Farmington,KY,36.6,-88.5186
Farmington,ME,44.6653,-70.1329
Farmington,MI,42.47798,-83.37955
Farmington,MN,44.6628,-93.1539
Farmington,MO,37.7773,-90.4094
Farmington,NH,43.3884,-71.0647
Farmington,NM,36.7614,-108.13223
Farmington,NY,42.958,-77.3083
Farmington,PA,39.807,-79.5832
Farmington,UT,40.9889,-111.8938
Farmington,WA,47.0847,-117.0763
Farmington,WV,39.5029,-80.2566
Farmington Falls,ME,44.6226,-70.0752
Farmingville,NY,40.8366,-73.0413
Farmland,IN,40.1945,-85.1254
Farmville,NC,35.5806,-77.5793
Farmville,VA,37.30215,-78.40125
Farnam,NE,40.7129,-100.2069
Farner,TN,35.1449,-84.3209
Farnham,NY,42.5946,-79.084
Farnham,VA,37.874,-76.605
Farnhamville,IA,42.2692,-94.4226
Farnsworth,TX,36.2963,-100.9843
Farragut,IA,40.7215,-95.4776
Farrar,MO,37.7078,-89.6948
Farrell,MS,34.2643,-90.6723
Farrell,PA,41.211,-80.4944
Farson,WY,42.0834,-109.4184
Farwell,MI,43.8342,-84.8754
Farwell,MN,45.7244,-95.6656
Farwell,NE,41.2204,-98.6481
Farwell,TX,34.386,-102.9901
Fate,TX,32.9415,-96.3814
Faucett,MO,39.5891,-94.7913
Faulkner,MD,38.4382,-76.9729
Faulkton,SD,45.0855,-99.1954
Faunsdale,AL,32.4233,-87.6181
Fawn Grove,PA,39.751,-76.4392
Fawnskin,CA,34.2583,-116.9515
Faxon,OK,34.4645,-98.5577
Fay,OK,35.8204,-98.6587
Fayette,AL,33.6974,-87.8346
Fayette,IA,42.8494,-91.8139
Fayette,MO,39.143,-92.6583
Fayette,MS,31.7121,-91.0582
Fayette,NY,42.8227,-76.802
Fayette,OH,41.6717,-84.325
Fayette,UT,39.2315,-111.8497
Fayette City,PA,40.0988,-79.8366
Fayetteville,AR,36.07537,-94.19792
Fayetteville,GA,33.4311,-84.4772
Fayetteville,NC,35.04487,-78.90589
Fayetteville,NY,43.0268,-76.0145
Fayetteville,OH,39.1862,-83.9501
Fayetteville,PA,39.9065,-77.531
Fayetteville,TN,35.1527,-86.5664
Fayetteville,TX,29.8868,-96.6463
Fayetteville,WV,38.064,-81.0943
Fayville,MA,42.2934,-71.5028
Faywood,NM,32.5642,-108.0242
Fe Warren Afb,WY,41.1391,-104.8629
Feasterville Trevose,PA,40.1547,-74.9904
Feather Falls,CA,39.622,-121.2669
Federal Dam,MN,47.2069,-94.2575
Federal Way,WA,47.316,-122.27482
Federalsburg,MD,38.7147,-75.7754
Fedora,SD,43.9841,-97.789
Fedscreek,KY,37.4266,-82.2562
Feeding Hills,MA,42.0718,-72.6751
Feesburg,OH,38.8806,-84.0087
Felch,MI,45.9972,-87.8257
Felda,FL,26.5398,-81.4356
Felicity,OH,38.8262,-84.0986
Fellows,CA,35.1786,-119.5412
Fellsmere,FL,27.7643,-80.6019
Felt,ID,43.8724,-111.1895
Felt,OK,36.5666,-102.7974
Felton,CA,37.0662,-122.0618
Felton,DE,39.0225,-75.5829
Felton,GA,33.8823,-85.2349
Felton,MN,47.0705,-96.5052
Felton,PA,39.836,-76.5937
Felts Mills,NY,44.0204,-75.7524
Fence,WI,45.7444,-88.4243
Fence Lake,NM,34.7344,-108.6934
Fenelton,PA,40.8555,-79.7372
Fenn,ID,45.9632,-116.2563
Fennimore,WI,42.9886,-90.655
Fennville,MI,42.5777,-86.1249
Fenton,IA,43.242,-94.4044
Fenton,IL,41.7285,-90.0457
Fenton,LA,30.3655,-92.9122
Fenton,MI,42.7851,-83.7294
Fenton,MO,38.5699,-90.4477
Fentress,TX,29.7561,-97.7764
Fenwick,MI,43.1497,-85.0666
Fenwick,WV,38.2447,-80.635
Fenwick Island,DE,38.4865,-75.0589
Ferdinand,ID,46.1349,-116.3982
Ferdinand,IN,38.2336,-86.8607
Fergus Falls,MN,46.2795,-96.084
Ferguson,IA,41.9374,-92.865
Ferguson,KY,37.0677,-84.5927
Ferguson,NC,36.1283,-81.3864
Fernandina Beach,FL,30.6697,-81.4626
Ferndale,CA,40.5259,-124.2514
Ferndale,FL,28.6219,-81.7034
Ferndale,MI,42.4586,-83.1363
Ferndale,NY,41.7349,-74.7345
Ferndale,PA,40.5337,-75.1788
Ferndale,WA,48.8625,-122.5953
Ferney,SD,45.329,-98.0837
Fernley,NV,39.6019,-119.235
Fernwood,ID,47.116,-116.3831
Fernwood,MS,31.1855,-90.449
Ferriday,LA,31.6602,-91.5502
Ferris,IL,40.4689,-91.1704
Ferris,TX,32.5223,-96.6643
Ferrisburgh,VT,44.2056,-73.2462
Ferron,UT,39.0692,-111.1467
Ferrum,VA,36.9168,-80.0349
Ferrysburg,MI,43.0809,-86.2154
Ferryville,WI,43.3959,-91.0446
Fertile,IA,43.2644,-93.4183
Fertile,MN,47.5361,-96.2803
Fessenden,ND,47.6286,-99.6434
Festus,MO,38.1879,-90.4286
Feura Bush,NY,42.555,-73.9237
Fiatt,IL,40.5603,-90.1798
Fiddletown,CA,38.5234,-120.6763
Fidelity,IL,39.1546,-90.1642
Fieldale,VA,36.7064,-79.9652
Fielding,UT,41.8118,-112.119
Fieldon,IL,39.1086,-90.5297
Fields,OR,42.1862,-118.4758
Fields Landing,CA,40.7268,-124.2174
Fieldton,TX,34.053,-102.206
Fife Lake,MI,44.5721,-85.2531
Fifield,WI,45.8143,-90.453
Fifty Lakes,MN,46.747,-94.0656
Fifty Six,AR,35.992,-92.2182
Filer,ID,42.5653,-114.614
Filer City,MI,44.2153,-86.2873
Filion,MI,43.9014,-82.9825
Filley,NE,40.2946,-96.5301
Fillmore,CA,34.3992,-118.9182
Fillmore,IL,39.1039,-89.2946
Fillmore,IN,39.6475,-86.7469
Fillmore,MO,40.0142,-94.9555
Fillmore,NY,42.4508,-78.1043
Fillmore,UT,38.9805,-112.3313
Fincastle,VA,37.4911,-79.8511
Finchville,KY,38.1561,-85.3476
Findlay,IL,39.5193,-88.7468
Findlay,OH,41.04455,-83.6478
Findley Lake,NY,42.1204,-79.7349
Fine,NY,44.2541,-75.1379
Fingal,ND,46.7728,-97.7812
Finger,TN,35.3544,-88.5876
Fingerville,SC,35.134,-82.0065
Finksburg,MD,39.4991,-76.9101
Finland,MN,47.4197,-91.2096
Finlayson,MN,46.2121,-92.9389
Finley,CA,39.0043,-122.8755
Finley,ND,47.5306,-97.7442
Finley,OK,34.3407,-95.5385
Finley,TN,36.0169,-89.5134
Finleyville,PA,40.2593,-79.9753
Finly,IN,39.8215,-85.7652
Firebaugh,CA,36.8651,-120.47
Firestone,CO,40.1125,-104.9366
Firth,ID,43.3021,-112.1588
Firth,NE,40.5586,-96.614
Fischer,TX,29.9627,-98.2088
Fish Camp,CA,37.4785,-119.6404
Fish Creek,WI,45.1155,-87.2064
Fish Haven,ID,42.0459,-111.4633
Fisher,AR,35.514,-90.955
Fisher,IL,40.2991,-88.356
Fisher,LA,31.4937,-93.4602
Fisher,MN,47.8003,-96.8015
Fisher,PA,41.2665,-79.2425
Fisher,WV,39.075,-79.0342
Fishers,IN,39.95633,-85.999
Fishers,NY,43.0109,-77.4705
Fishers Hill,VA,38.9834,-78.4038
Fishers Island,NY,41.2639,-72.0178
Fishers Landing,NY,44.2752,-76.0049
Fishersville,VA,38.0964,-78.9929
Fishertown,PA,40.1217,-78.5856
Fisherville,KY,38.1652,-85.4282
Fishing Creek,MD,38.3223,-76.2244
Fishkill,NY,41.5404,-73.8979
Fishs Eddy,NY,41.9654,-75.1594
Fishtail,MT,45.4002,-109.5821
Fisk,MO,36.7836,-90.2168
Fiskdale,MA,42.1228,-72.1178
Fiskeville,RI,41.7312,-71.5468
Fisty,KY,37.3064,-83.0904
Fitchburg,MA,42.5796,-71.8031
Fithian,IL,40.1192,-87.8797
Fittstown,OK,34.6148,-96.6345
Fitzgerald,GA,31.7248,-83.2495
Fitzhugh,OK,34.6615,-96.7745
Fitzpatrick,AL,32.2165,-85.8888
Fitzwilliam,NH,42.7611,-72.145
Five Points,AL,33.0424,-85.3243
Five Points,CA,36.3386,-120.1118
Five Points,TN,35.031,-87.2961
Flag Pond,TN,36.0085,-82.5623
Flagler,CO,39.3127,-103.0624
Flagler Beach,FL,29.475,-81.1303
Flagstaff,AZ,35.1934,-111.64482
Flagtown,NJ,40.517,-74.6843
Flanagan,IL,40.879,-88.862
Flanders,NJ,40.8453,-74.7019
Flandreau,SD,44.0658,-96.6222
Flasher,ND,46.5998,-101.3166
Flat,TX,31.2956,-97.5822
Flat Lick,KY,36.829,-83.7702
Flat Rock,AL,34.8076,-85.7084
Flat Rock,IL,38.9096,-87.6837
Flat Rock,IN,39.3774,-85.7679
Flat Rock,MI,42.1055,-83.2795
Flat Rock,NC,35.289,-82.3916
Flat Rock,OH,41.2371,-82.8597
Flat Top,WV,37.55,-81.128
Flatgap,KY,37.9231,-82.9221
Flatonia,TX,29.7095,-97.0987
Flatwoods,KY,38.5188,-82.7212
Flatwoods,LA,31.3849,-92.8812
Flatwoods,WV,38.7232,-80.6498
Flaxton,ND,48.8772,-102.3823
Flaxville,MT,48.7472,-105.1637
Fleetville,PA,41.5981,-75.7146
Fleetwood,NC,36.2814,-81.514
Fleetwood,PA,40.4473,-75.8185
Fleischmanns,NY,42.1772,-74.5473
Fleming,CO,40.637,-102.8688
Fleming,GA,31.8645,-81.4232
Fleming,OH,39.4136,-81.6078
Fleming,PA,40.9046,-77.8752
Fleming Island,FL,30.10015,-81.71785
Flemingsburg,KY,38.428,-83.708
Flemington,MO,37.7803,-93.4471
Flemington,NJ,40.518,-74.8453
Flemington,WV,39.2665,-80.132
Flensburg,MN,45.9552,-94.535
Fletcher,MO,38.1659,-90.7335
Fletcher,NC,35.4499,-82.4966
Fletcher,OH,40.1445,-84.101
Fletcher,OK,34.7847,-98.2002
Flint,MI,43.01395,-83.72047
Flint,TX,32.2079,-95.3948
Flint Hill,VA,38.7629,-78.1
Flinthill,MO,38.7509,-90.5368
Flinton,PA,40.6876,-78.5523
Flintstone,GA,34.9252,-85.3524
Flintstone,MD,39.6993,-78.5739
Flintville,TN,35.0581,-86.413
Flippin,AR,36.2682,-92.578
Flom,MN,47.1588,-96.1309
Flomaton,AL,31.0402,-87.2664
Flomot,TX,34.2321,-101.0038
Floodwood,MN,46.9076,-92.9167
Flora,IL,38.6703,-88.4919
Flora,IN,40.5445,-86.5016
Flora,LA,31.6124,-93.098
Flora,MS,32.5578,-90.3235
Flora Vista,NM,36.8028,-108.0827
Florahome,FL,29.7581,-81.8622
Floral,AR,35.6023,-91.7341
Floral City,FL,28.7304,-82.3077
Floral Park,NY,40.7348,-73.70963
Florala,AL,31.0172,-86.3385
Florence,AL,34.87432,-87.68464
Florence,AZ,32.9969,-111.3612
Florence,CO,38.38765,-105.1209
Florence,IN,38.8224,-84.9399
Florence,KS,38.2415,-96.9346
Florence,KY,38.97825,-84.6949
Florence,MA,42.3219,-72.6928
Florence,MO,38.6101,-92.9986
Florence,MS,32.1535,-90.1312
Florence,MT,46.631,-114.0945
Florence,NJ,40.118,-74.8055
Florence,OR,43.9881,-124.0993
Florence,SC,34.13797,-79.70625
Florence,SD,45.0554,-97.2866
Florence,TX,30.8076,-97.7812
Florence,VT,43.7093,-73.079
Florence,WI,45.9027,-88.2289
Floresville,TX,29.1693,-98.1936
Florham Park,NJ,40.7757,-74.3928
Florida,NY,41.3295,-74.3528
Florien,LA,31.4275,-93.5179
Floris,IA,40.8591,-92.3247
Florissant,CO,38.8546,-105.3121
Florissant,MO,38.76843,-90.33597
Floriston,CA,39.3928,-120.0212
Flossmoor,IL,41.5406,-87.6837
Flournoy,CA,39.9024,-122.4918
Flourtown,PA,40.1068,-75.2115
Flovilla,GA,33.25,-83.9079
Flower Mound,TX,33.09083,-97.10337
Floweree,MT,47.6584,-111.1214
Flowery Branch,GA,34.1819,-83.9024
Flowood,MS,32.3299,-90.0915
Floyd,IA,43.143,-92.724
Floyd,NM,34.252,-103.5827
Floyd,VA,36.8957,-80.3275
Floydada,TX,33.9743,-101.3346
Floyds Knobs,IN,38.351,-85.8996
Fluker,LA,30.8128,-90.5207
Flushing,MI,43.072,-83.8424
Flushing,NY,40.73319,-73.83873
Flushing,OH,40.1451,-81.0757
Fluvanna,TX,32.853,-101.103
Fly Creek,NY,42.7252,-74.9869
Flynn,TX,31.1593,-96.1234
Fogelsville,PA,40.593,-75.6568
Folcroft,PA,39.8905,-75.2821
Foley,AL,30.41145,-87.69605
Foley,MN,45.6919,-93.9148
Foley,MO,39.053,-90.7775
Folkston,GA,30.8508,-82.0116
Follansbee,WV,40.3296,-80.585
Follett,TX,36.4309,-100.2068
Folly Beach,SC,32.663,-79.927
Folsom,CA,38.67445,-121.16395
Folsom,LA,30.6145,-90.1879
Folsom,NM,36.869,-103.8399
Folsom,PA,39.8901,-75.3296
Folsom,WV,39.4693,-80.5258
Fombell,PA,40.8125,-80.2073
Fond Du Lac,WI,43.7714,-88.49323
Fonda,IA,42.6051,-94.8297
Fonda,NY,42.9571,-74.4021
Fontana,CA,34.08618,-117.45194
Fontana,KS,38.4102,-94.8718
Fontana,WI,42.5429,-88.5684
Fontana Dam,NC,35.4231,-83.7795
Fontanelle,IA,41.2896,-94.5419
Fontanet,IN,39.5737,-87.2454
Foosland,IL,40.3554,-88.4202
Foothill Ranch,CA,33.6748,-117.6649
Footville,WI,42.6726,-89.2112
Forbes,MN,47.2732,-92.6756
Forbes,ND,46.0109,-98.8124
Forbes Road,PA,40.354,-79.5217
Forbestown,CA,39.521,-121.2423
Force,PA,41.2629,-78.5298
Ford,KS,37.6323,-99.7642
Ford,VA,37.1349,-77.7364
Ford,WA,47.9169,-117.8119
Ford City,PA,40.7384,-79.5122
Ford Cliff,PA,40.7608,-79.5358
Fordland,MO,37.1447,-92.9111
Fordoche,LA,30.596,-91.6165
Fords,NJ,40.5393,-74.3117
Fords Branch,KY,37.4332,-82.511
Fordsville,KY,37.6297,-86.7263
Fordville,ND,48.2212,-97.8022
Fordyce,AR,33.8176,-92.4225
Fordyce,NE,42.7309,-97.3567
Foreman,AR,33.7176,-94.3881
Forest,IN,40.3757,-86.3201
Forest,LA,32.8239,-91.3989
Forest,MS,32.347,-89.4672
Forest,OH,40.7816,-83.5351
Forest,VA,37.3379,-79.2791
Forest City,IA,43.2692,-93.6356
Forest City,IL,40.3594,-89.8334
Forest City,MO,39.9897,-95.1916
Forest City,NC,35.325,-81.846
Forest City,PA,41.6515,-75.4666
Forest Dale,VT,43.8278,-73.0537
Forest Falls,CA,34.0937,-116.9362
Forest Grove,MT,46.9914,-109.0802
Forest Grove,OR,45.5981,-123.1818
Forest Grove,PA,40.2923,-75.0591
Forest Hill,LA,31.0243,-92.5108
Forest Hill,MD,39.5755,-76.4008
Forest Hill,WV,37.5608,-80.8111
Forest Hills,KY,37.6432,-82.2991
Forest Hills,NY,40.7229,-73.8473
Forest Home,AL,31.8501,-86.8372
Forest Junction,WI,44.2125,-88.1443
Forest Knolls,CA,38.0122,-122.6907
Forest Lake,MN,45.2685,-92.9749
Forest Lakes,AZ,34.4513,-110.8644
Forest Park,GA,33.5561,-84.3629
Forest Park,IL,41.8744,-87.8106
Forest Ranch,CA,39.8821,-121.6728
Forest River,ND,48.2251,-97.4605
Forestburg,TX,33.5398,-97.5848
Forestburgh,NY,41.5691,-74.7241
Forestdale,MA,41.6827,-70.5143
Forestdale,RI,42.0002,-71.5631
Foresthill,CA,39.0682,-120.7224
Foreston,MN,45.7028,-93.6958
Forestport,NY,43.4737,-75.1787
Forestville,CA,38.4923,-122.9042
Forestville,MI,43.6632,-82.6133
Forestville,NY,42.4482,-79.1607
Forestville,PA,41.1068,-80.007
Forestville,WI,44.6996,-87.5215
Forgan,OK,36.9086,-100.5409
Foristell,MO,38.7626,-90.9343
Fork,MD,39.4731,-76.4484
Fork,SC,34.2873,-79.2501
Fork Union,VA,37.7715,-78.2355
Forked River,NJ,39.8444,-74.1973
Forkland,AL,32.6108,-87.8441
Forks,WA,47.9287,-124.3989
Forks Of Salmon,CA,41.2191,-123.2363
Forksville,PA,41.5269,-76.6008
Forman,ND,46.0721,-97.6986
Formoso,KS,39.7795,-97.9889
Forney,TX,32.7491,-96.4598
Forrest,IL,40.7513,-88.4111
Forrest City,AR,35.0086,-90.7892
Forreston,IL,42.1229,-89.5831
Forreston,TX,32.2486,-96.8232
Forsan,TX,32.1105,-101.3669
Forsyth,GA,33.0508,-83.9362
Forsyth,IL,39.9248,-88.9691
Forsyth,MO,36.6955,-93.115
Forsyth,MT,46.2819,-106.6991
Fort Ann,NY,43.4285,-73.4784
Fort Apache,AZ,33.7906,-109.9887
Fort Ashby,WV,39.497,-78.7743
Fort Atkinson,IA,43.1339,-91.9134
Fort Atkinson,WI,42.9229,-88.8467
Fort Bayard,NM,32.7574,-108.0075
Fort Belvoir,VA,38.6947,-77.1433
Fort Benning,GA,32.44405,-84.94775
Fort Benton,MT,47.924,-110.6052
Fort Bidwell,CA,41.8644,-120.162
Fort Blackmore,VA,36.7438,-82.6102
Fort Bliss,TX,31.8136,-106.4122
Fort Bragg,CA,39.4402,-123.7703
Fort Bragg,NC,35.0961,-78.90315
Fort Branch,IN,38.2471,-87.5682
Fort Bridger,WY,41.3166,-110.3843
Fort Calhoun,NE,41.4373,-96.0324
Fort Campbell,KY,36.6543,-87.4606
Fort Cobb,OK,35.1161,-98.4303
Fort Collins,CO,40.57339,-105.07052
Fort Covington,NY,44.9731,-74.4929
Fort Davis,AL,32.2507,-85.7524
Fort Davis,TX,30.6131,-103.9364
Fort Defiance,AZ,35.7445,-109.0765
Fort Defiance,VA,38.2109,-78.9326
Fort Deposit,AL,31.996,-86.5761
Fort Dick,CA,41.8679,-124.149
Fort Dodge,IA,42.5088,-94.1807
Fort Dodge,KS,37.7303,-99.937
Fort Drum,NY,44.0354,-75.754
Fort Duchesne,UT,40.3014,-109.8637
Fort Edward,NY,43.2653,-73.5822
Fort Eustis,VA,37.1574,-76.5845
Fort Fairfield,ME,46.7623,-67.8402
Fort Gaines,GA,31.6264,-85.0548
Fort Garland,CO,37.427,-105.4049
Fort Gay,WV,38.1335,-82.5541
Fort George G Meade,MD,39.1059,-76.7467
Fort Gibson,OK,35.7943,-95.2297
Fort Gratiot,MI,43.0888,-82.4905
Fort Greely,AK,63.952,-146.451
Fort Hall,ID,43.0331,-112.4285
Fort Hancock,TX,31.2985,-105.8452
Fort Harrison,MT,46.6197,-112.1099
Fort Hill,PA,39.7961,-79.2472
Fort Hood,TX,31.1349,-97.7756
Fort Howard,MD,39.207,-76.4456
Fort Huachuca,AZ,31.7194,-110.0492
Fort Hunter,NY,42.9423,-74.2851
Fort Irwin,CA,35.2625,-116.6966
Fort Jennings,OH,40.9484,-84.2374
Fort Johnson,NY,42.9765,-74.2484
Fort Jones,CA,41.617,-122.8832
Fort Kent,ME,47.2587,-68.5895
Fort Kent Mills,ME,47.2389,-68.5839
Fort Klamath,OR,42.6415,-122.038
Fort Knox,KY,37.89195,-85.95625
Fort Laramie,WY,42.2133,-104.5226
Fort Lauderdale,FL,26.12755,-80.21222
Fort Lawn,SC,34.7006,-80.9092
Fort Leavenworth,KS,39.3485,-94.9265
Fort Lee,NJ,40.8503,-73.9745
Fort Lee,VA,37.2447,-77.3341
Fort Leonard Wood,MO,37.7677,-92.112
Fort Littleton,PA,40.078,-77.9532
Fort Loramie,OH,40.3306,-84.3741
Fort Loudon,PA,39.9547,-77.8984
Fort Lupton,CO,40.108,-104.8013
Fort Lyon,CO,37.9555,-103.0725
Fort Madison,IA,40.633,-91.3398
Fort Mc Coy,FL,29.391,-81.8551
Fort Mc Kavett,TX,30.829,-100.0809
Fort Mcdowell,AZ,33.6118,-111.6806
Fort Meade,FL,27.7464,-81.7823
Fort Meade,SD,44.4093,-103.4554
Fort Mill,SC,35.01143,-80.93023
Fort Mitchell,AL,32.2965,-84.9972
Fort Mitchell,VA,36.9182,-78.4861
Fort Mohave,AZ,35.00475,-114.57495
Fort Monmouth,NJ,40.3177,-74.039
Fort Monroe,VA,37.018,-76.3044
Fort Montgomery,NY,41.3346,-73.9917
Fort Morgan,CO,40.2541,-103.8031
Fort Myer,VA,38.8921,-77.0794
Fort Myers,FL,26.56186,-81.85275
Fort Myers Beach,FL,26.5028,-81.94935
Fort Necessity,LA,32.0434,-91.8257
Fort Ogden,FL,27.1861,-81.8099
Fort Oglethorpe,GA,34.9506,-85.2432
Fort Payne,AL,34.4633,-85.73905
Fort Peck,MT,48.0089,-106.4486
Fort Pierce,FL,27.42799,-80.37112
Fort Pierre,SD,44.3426,-100.4043
Fort Plain,NY,42.9372,-74.6433
Fort Polk,LA,31.0466,-93.2054
Fort Ransom,ND,46.4494,-97.9091
Fort Recovery,OH,40.4018,-84.7613
Fort Riley,KS,39.0619,-96.7873
Fort Ripley,MN,46.2099,-94.2527
Fort Rock,OR,43.3565,-121.0539
Fort Rucker,AL,31.348,-85.7214
Fort Scott,KS,37.8216,-94.7148
Fort Shafter,HI,21.3416,-157.8918
Fort Shaw,MT,47.5055,-111.8103
Fort Sheridan,IL,42.2097,-87.8056
Fort Sill,OK,34.6595,-98.4004
Fort Smith,AR,35.36713,-94.39602
Fort Smith,MT,45.3127,-107.9371
Fort Stanton,NM,33.4959,-105.523
Fort Stewart,GA,31.88195,-81.611
Fort Stockton,TX,30.8908,-102.8799
Fort Sumner,NM,34.46,-104.2317
Fort Supply,OK,36.5722,-99.5738
Fort Thomas,AZ,33.0333,-109.9717
Fort Thomas,KY,39.0786,-84.4523
Fort Thompson,SD,44.0517,-99.3973
Fort Totten,ND,47.9811,-99.0264
Fort Towson,OK,34.052,-95.253
Fort Valley,GA,32.5496,-83.8887
Fort Valley,VA,38.8407,-78.4276
Fort Wainwright,AK,64.8283,-147.6557
Fort Walton Beach,FL,30.43003,-86.6245
Fort Washakie,WY,43.0048,-108.8964
Fort Washington,MD,38.79615,-76.9306
Fort Washington,PA,40.1386,-75.2022
Fort Wayne,IN,41.08998,-85.10016
Fort White,FL,29.9207,-82.6879
Fort Wingate,NM,35.5191,-108.4864
Fort Worth,TX,32.76022,-97.31493
Fort Yates,ND,46.0905,-100.6516
Fort Yukon,AK,66.5647,-145.2739
Fortescue,NJ,39.2189,-75.1403
Fortine,MT,48.7586,-114.8809
Fortson,GA,32.6288,-85.0017
Fortuna,CA,40.5835,-124.1473
Fortuna,MO,38.5667,-92.798
Fortuna,ND,48.8813,-103.7415
Fortville,IN,39.9323,-85.848
Foss,OK,35.4545,-99.1698
Fossil,OR,44.9286,-120.1309
Fosston,MN,47.5816,-95.7431
Foster,KY,38.7506,-84.1566
Foster,MO,38.1661,-94.5075
Foster,OK,34.6379,-97.5455
Foster,OR,44.3836,-122.5449
Foster,RI,41.7815,-71.7187
Foster,VA,37.4529,-76.3849
Foster,WV,38.0908,-81.7659
Foster City,MI,45.9438,-87.7584
Fosters,AL,33.0843,-87.6975
Fosterville,TN,35.6551,-86.403
Fostoria,IA,43.0824,-95.1511
Fostoria,KS,39.4398,-96.5068
Fostoria,MI,43.2645,-83.3796
Fostoria,OH,41.1623,-83.4139
Fouke,AR,33.3025,-93.901
Fountain,CO,38.6996,-104.7005
Fountain,FL,30.4753,-85.4293
Fountain,MI,44.0363,-86.2169
Fountain,MN,43.7284,-92.1423
Fountain,NC,35.674,-77.64
Fountain City,IN,39.9634,-84.909
Fountain City,WI,44.1364,-91.6779
Fountain Green,UT,39.63,-111.6352
Fountain Hill,AR,33.3631,-91.9088
Fountain Hills,AZ,33.6101,-111.72055
Fountain Inn,SC,34.6578,-82.2441
Fountain Run,KY,36.72,-85.952
Fountain Valley,CA,33.7121,-117.93935
Fountaintown,IN,39.6751,-85.7848
Fountainville,PA,40.3578,-75.1711
Four Corners,WY,44.0775,-104.1383
Four Lakes,WA,47.5599,-117.5958
Four Oaks,NC,35.404,-78.4153
Four States,WV,39.4798,-80.3098
Fourmile,KY,36.7934,-83.7419
Fowler,CA,36.6282,-119.671
Fowler,CO,38.1231,-104.0299
Fowler,IL,39.9925,-91.2452
Fowler,IN,40.6255,-87.309
Fowler,KS,37.3542,-100.1981
Fowler,MI,42.9941,-84.76
Fowler,OH,41.3349,-80.6059
Fowlerton,IN,40.4099,-85.571
Fowlerton,TX,28.4887,-98.8518
Fowlerville,MI,42.6614,-84.0721
Fowlstown,GA,30.8024,-84.5471
Fox,AR,35.7682,-92.3043
Fox,OK,34.3488,-97.4924
Fox Island,WA,47.248,-122.629
Fox Lake,IL,42.3937,-88.1648
Fox Lake,WI,43.5815,-88.9041
Fox River Grove,IL,42.1936,-88.2205
Fox Valley,IL,41.8397,-88.0887
Foxboro,MA,42.0649,-71.2441
Foxboro,WI,46.4875,-92.1493
Foxburg,PA,41.1431,-79.6798
Foxhome,MN,46.2584,-96.3176
Foxworth,MS,31.2473,-89.9311
Foyil,OK,36.4348,-95.5194
Frackville,PA,40.78325,-76.23065
Frakes,KY,36.607,-83.9484
Frametown,WV,38.6305,-80.8589
Framingham,MA,42.38442,-71.44752
Francestown,NH,42.992,-71.8113
Francesville,IN,40.9709,-86.8553
Francis,OK,34.8737,-96.5956
Francis Creek,WI,44.2,-87.72
Francisco,IN,38.333,-87.4536
Francitas,TX,28.8597,-96.3386
Franconia,NH,44.2053,-71.7518
Franconia,PA,40.3081,-75.3586
Frankenmuth,MI,43.338,-83.74845
Frankewing,TN,35.1834,-86.85
Frankford,DE,38.5177,-75.2006
Frankford,MO,39.4892,-91.3031
Frankford,WV,37.9154,-80.3353
Frankfort,IL,41.5094,-87.8248
Frankfort,IN,40.3044,-86.4689
Frankfort,KS,39.7333,-96.5223
Frankfort,KY,38.22606,-84.8739
Frankfort,ME,44.5979,-68.934
Frankfort,MI,44.6311,-86.2212
Frankfort,NY,43.044,-75.1072
Frankfort,OH,39.391,-83.2034
Frankfort,SD,44.8084,-98.2935
Frankfort Heights,IL,37.9943,-88.9417
Franklin,AL,31.7238,-87.4412
Franklin,AR,36.1703,-91.776
Franklin,GA,33.278,-85.134
Franklin,ID,42.0288,-111.7871
Franklin,IL,39.6222,-90.0889
Franklin,IN,39.4854,-86.0608
Franklin,KS,37.5219,-94.7096
Franklin,KY,36.72385,-86.5736
Franklin,LA,29.7857,-91.5026
Franklin,MA,42.0935,-71.4058
Franklin,ME,44.6087,-68.2417
Franklin,MI,42.5219,-83.2519
Franklin,MN,44.5421,-94.8931
Franklin,MO,39.0668,-92.8316
Franklin,NC,35.18165,-83.385
Franklin,NE,40.1052,-98.9469
Franklin,NH,43.4426,-71.6491
Franklin,NJ,41.1164,-74.5865
Franklin,NY,42.3421,-75.1485
Franklin,OH,39.5357,-84.303
Franklin,PA,41.4048,-79.8309
Franklin,TN,35.92484,-86.86628
Franklin,TX,31.0001,-96.5171
Franklin,VA,36.6786,-76.9391
Franklin,VT,44.9614,-72.9037
Franklin,WI,42.9017,-88.0086
Franklin,WV,38.64,-79.3538
Franklin Furnace,OH,38.6282,-82.8145
Franklin Grove,IL,41.858,-89.3171
Franklin Lakes,NJ,41.0081,-74.2113
Franklin Park,IL,41.9339,-87.8734
Franklin Park,NJ,40.4421,-74.5369
Franklin Springs,GA,34.2743,-83.147
Franklin Springs,NY,43.0361,-75.3962
Franklin Square,NY,40.701,-73.6758
Franklinton,LA,30.8577,-90.1155
Franklinton,NC,36.0955,-78.4486
Franklintown,PA,40.075,-77.0279
Franklinville,NC,35.7917,-79.7132
Franklinville,NJ,39.6156,-75.0409
Franklinville,NY,42.3388,-78.44
Frankston,TX,32.0535,-95.5163
Franksville,WI,42.7859,-87.9873
Frankton,IN,40.2285,-85.7791
Franktown,CO,39.3728,-104.7256
Franktown,VA,37.4588,-75.9007
Frankville,AL,31.6468,-88.1332
Frannie,WY,44.9718,-108.6221
Fraser,CO,39.945,-105.8172
Fraser,MI,42.5423,-82.947
Frazee,MN,46.7565,-95.5212
Frazer,MT,48.2959,-106.0324
Frazeysburg,OH,40.1316,-82.1293
Frazier Park,CA,34.8265,-119.0355
Fraziers Bottom,WV,38.5517,-82.0111
Fred,TX,30.5678,-94.18
Frederic,MI,44.8382,-84.6824
Frederic,WI,45.6729,-92.3545
Frederica,DE,39.0342,-75.4545
Frederick,CO,40.0978,-104.9293
Frederick,IL,40.07,-90.429
Frederick,MD,39.4222,-77.4076
Frederick,OK,34.4012,-99.0119
Frederick,PA,40.3275,-75.5692
Frederick,SD,45.8493,-98.5176
Fredericksburg,IA,42.9593,-92.1983
Fredericksburg,IN,38.4331,-86.1897
Fredericksburg,OH,40.686,-81.8518
Fredericksburg,PA,40.4524,-76.4267
Fredericksburg,TX,30.2817,-98.8799
Fredericksburg,VA,38.30414,-77.50422
Fredericktown,MO,37.4906,-90.3362
Fredericktown,OH,40.4976,-82.5857
Fredericktown,PA,40.0026,-79.9981
Frederika,IA,42.8827,-92.3063
Fredonia,AZ,36.9044,-112.4979
Fredonia,KS,37.5717,-95.7484
Fredonia,KY,37.213,-88.0112
Fredonia,ND,46.3701,-99.1733
Fredonia,NY,42.4333,-79.3339
Fredonia,PA,41.3241,-80.2699
Fredonia,TX,30.9214,-99.1216
Fredonia,WI,43.477,-87.9612
Free Soil,MI,44.112,-86.2652
Free Union,VA,38.1944,-78.5849
Freeborn,MN,43.7658,-93.5641
Freeburg,IL,38.408,-89.9181
Freeburg,MO,38.3551,-91.9276
Freeburg,PA,40.765,-76.9395
Freeburn,KY,37.5512,-82.1434
Freedom,CA,36.9356,-121.7767
Freedom,IN,39.2151,-86.85
Freedom,ME,44.4633,-69.319
Freedom,NH,43.8172,-71.0628
Freedom,NY,42.4897,-78.3501
Freedom,OK,36.809,-99.1319
Freedom,PA,40.683,-80.2147
Freedom,WI,44.4163,-88.4649
Freedom,WY,43.0172,-111.0292
Freehold,NJ,40.2458,-74.2768
Freehold,NY,42.3815,-74.0623
Freeland,MD,39.694,-76.7223
Freeland,MI,43.5161,-84.1822
Freeland,PA,41.0196,-75.888
Freeland,WA,48.0342,-122.5641
Freelandville,IN,38.8627,-87.3127
Freeman,MO,38.6245,-94.4956
Freeman,SD,43.3605,-97.4601
Freeman,VA,36.7893,-77.7208
Freeman,WV,37.3309,-81.2998
Freeman Spur,IL,37.8612,-88.9973
Freeport,FL,30.4896,-86.1684
Freeport,IL,42.2991,-89.6345
Freeport,KS,37.1903,-97.8634
Freeport,ME,43.857,-70.1031
Freeport,MI,42.7661,-85.3133
Freeport,MN,45.6731,-94.6785
Freeport,NY,40.6536,-73.5866
Freeport,OH,40.1925,-81.277
Freeport,PA,40.7033,-79.663
Freeport,TX,28.9949,-95.3488
Freer,TX,27.88,-98.6061
Freetown,IN,38.9957,-86.1241
Freeville,NY,42.4998,-76.3636
Freistatt,MO,37.0211,-93.8974
Fremont,CA,37.57252,-121.97364
Fremont,IA,41.2117,-92.4362
Fremont,IN,41.7331,-84.9452
Fremont,MI,43.50975,-85.88175
Fremont,MO,36.9172,-91.144
Fremont,NC,35.5553,-77.958
Fremont,NE,41.43745,-96.4963
Fremont,NH,42.984,-71.1218
Fremont,OH,41.3498,-83.1181
Fremont,WI,44.2379,-88.8449
Fremont Center,NY,41.8782,-75.0343
French Camp,CA,37.878,-121.2827
French Camp,MS,33.2898,-89.3999
French Creek,WV,38.8993,-80.2269
French Gulch,CA,40.7035,-122.6229
French Lick,IN,38.5324,-86.6196
French Settlement,LA,30.2952,-90.7951
French Village,MO,37.9961,-90.4005
Frenchboro,ME,44.1181,-68.3625
Frenchburg,KY,37.947,-83.6084
Frenchglen,OR,42.7147,-119.0058
Frenchmans Bayou,AR,35.4591,-90.1884
Frenchton,WV,38.8993,-80.2269
Frenchtown,MT,47.0471,-114.2683
Frenchtown,NJ,40.5208,-75.0325
Frenchville,ME,47.2826,-68.3917
Frenchville,PA,41.1038,-78.2345
Fresh Meadows,NY,40.7323,-73.795
Fresno,CA,36.75571,-119.69301
Fresno,OH,40.3711,-81.7623
Fresno,TX,29.5293,-95.4626
Frewsburg,NY,42.0528,-79.1318
Friant,CA,37.0422,-119.6807
Friars Point,MS,34.3668,-90.6376
Friday Harbor,WA,48.5454,-123.0947
Friedens,PA,40.011,-78.9033
Friedensburg,PA,40.6026,-76.2408
Friedheim,MO,37.5669,-89.8376
Friend,NE,40.6368,-97.2739
Friendly,WV,39.4961,-81.0572
Friendship,AR,34.2235,-93.0024
Friendship,IN,38.9703,-85.1504
Friendship,MD,38.7361,-76.5835
Friendship,ME,43.9807,-69.3349
Friendship,NY,42.1907,-78.1359
Friendship,OH,38.6991,-83.0916
Friendship,TN,35.909,-89.2453
Friendship,WI,43.9896,-89.8149
Friendsville,MD,39.6665,-79.4219
Friendsville,PA,41.9164,-76.0257
Friendsville,TN,35.7523,-84.1061
Friendswood,TX,29.5259,-95.19445
Frierson,LA,32.245,-93.6915
Fries,VA,36.7247,-81.0042
Friesland,WI,43.5901,-89.0593
Friona,TX,34.6417,-102.7241
Frisco,CO,39.5589,-106.1332
Frisco,NC,35.2338,-75.6145
Frisco,TX,33.17335,-96.82148
Frisco City,AL,31.4235,-87.3817
Fritch,TX,35.6441,-101.5845
Frohna,MO,37.6686,-89.6619
Froid,MT,48.3345,-104.4961
Fromberg,MT,45.4027,-108.9057
Front Royal,VA,38.9268,-78.1796
Frontenac,KS,37.4466,-94.6916
Frontenac,MN,44.52,-92.3582
Frontier,MI,41.7825,-84.6047
Frontier,WY,41.8141,-110.5371
Frost,MN,43.5638,-93.9361
Frost,TX,32.0275,-96.7684
Frostburg,MD,39.6494,-78.9306
Frostproof,FL,27.7211,-81.5148
Fruita,CO,39.1637,-108.7218
Fruitdale,AL,31.3488,-88.3766
Fruithurst,AL,33.7717,-85.4381
Fruitland,IA,41.3486,-91.1237
Fruitland,ID,44.0027,-116.9143
Fruitland,MD,38.3225,-75.6228
Fruitland,NM,36.6933,-108.4218
Fruitland,UT,40.1575,-110.8226
Fruitland,WA,47.9797,-118.2159
Fruitland Park,FL,28.8639,-81.8998
Fruitport,MI,43.1443,-86.1388
Fruitvale,TN,35.7484,-89.0327
Fruitvale,TX,32.677,-95.7899
Fryburg,PA,41.3717,-79.4134
Fryeburg,ME,44.0313,-70.9668
Ft Mitchell,KY,39.03,-84.559
Fulda,IN,38.1114,-86.8361
Fulda,MN,43.8753,-95.5979
Fulks Run,VA,38.6339,-78.9358
Fullerton,CA,33.88081,-117.92193
Fullerton,ND,46.1951,-98.3882
Fullerton,NE,41.3633,-97.9692
Fulshear,TX,29.7217,-95.8977
Fulton,AL,31.7925,-87.72
Fulton,AR,33.6299,-93.8086
Fulton,CA,38.4947,-122.7761
Fulton,IL,41.8522,-90.1507
Fulton,IN,40.9473,-86.2628
Fulton,KS,38.0134,-94.7183
Fulton,KY,36.5475,-88.8749
Fulton,MD,39.1502,-76.93
Fulton,MI,42.1391,-85.3227
Fulton,MO,38.8518,-91.9605
Fulton,MS,34.2745,-88.3793
Fulton,NY,43.3211,-76.4034
Fulton,OH,40.4626,-82.8288
Fulton,SD,43.7588,-97.8712
Fulton,TX,28.0614,-97.0411
Fultondale,AL,33.6017,-86.8265
Fultonham,NY,42.5923,-74.4381
Fultonham,OH,39.8555,-82.1378
Fultonville,NY,42.9036,-74.3598
Fults,IL,38.1797,-90.1974
Funk,NE,40.502,-99.245
Funkstown,MD,39.609,-77.7044
Funston,GA,31.2054,-83.8776
Fuquay Varina,NC,35.58,-78.7908
Furlong,PA,40.2945,-75.0649
Furman,AL,32.0061,-86.9817
Furman,SC,32.6816,-81.1882
Fyffe,AL,34.4373,-85.9288
Gaastra,MI,46.0526,-88.5917
Gabbs,NV,38.8688,-117.9221
Gable,SC,33.8644,-80.1276
Gabriels,NY,44.432,-74.181
Gackle,ND,46.5913,-99.2191
Gadsden,AL,33.9836,-85.97842
Gadsden,AZ,32.5545,-114.785
Gadsden,SC,33.8455,-80.7532
Gadsden,TN,35.7799,-88.9929
Gaffney,SC,35.05257,-81.66903
Gage,OK,36.318,-99.76
Gagetown,MI,43.6543,-83.2628
Gail,TX,32.7523,-101.45
Gaines,MI,42.8813,-83.8855
Gaines,PA,41.7471,-77.568
Gainesboro,TN,36.3438,-85.6355
Gainestown,AL,31.4258,-87.6822
Gainesville,AL,32.821,-88.1589
Gainesville,FL,29.66765,-82.35362
Gainesville,GA,34.30806,-83.86304
Gainesville,MO,36.5901,-92.4162
Gainesville,NY,42.619,-78.1795
Gainesville,TX,33.63255,-97.0976
Gainesville,VA,38.7688,-77.54425
Gaithersburg,MD,39.15166,-77.19651
Gakona,AK,62.3014,-145.3027
Galata,MT,48.8111,-111.4704
Galatia,IL,37.8274,-88.6235
Galax,VA,36.6565,-80.9117
Galena,AK,64.7333,-156.9275
Galena,IL,42.4182,-90.4195
Galena,KS,37.0632,-94.6557
Galena,MD,39.3374,-75.8717
Galena,MO,36.8198,-93.4811
Galena,OH,40.2011,-82.8749
Galena Park,TX,29.7392,-95.24
Gales Creek,OR,45.5957,-123.234
Gales Ferry,CT,41.4285,-72.0672
Galesburg,IL,40.94995,-90.3705
Galesburg,KS,37.4724,-95.3707
Galesburg,MI,42.2948,-85.4237
Galesburg,ND,47.27,-97.4065
Galesville,MD,38.8446,-76.5456
Galesville,WI,44.0888,-91.3588
Galeton,CO,40.5378,-104.4585
Galeton,PA,41.723,-77.6548
Galien,MI,41.8198,-86.5035
Galion,OH,40.7303,-82.7939
Galivants Ferry,SC,34.0563,-79.2464
Gallagher,WV,38.0704,-81.3625
Gallant,AL,33.9976,-86.2346
Gallatin,MO,39.9025,-93.9787
Gallatin,TN,36.3834,-86.4512
Gallatin,TX,31.891,-95.1455
Gallatin Gateway,MT,45.339,-111.2485
Gallaway,TN,35.3274,-89.6198
Galliano,LA,29.4311,-90.2981
Gallina,NM,36.3202,-106.7687
Gallion,AL,32.5298,-87.6985
Gallipolis,OH,38.8148,-82.229
Gallipolis Ferry,WV,38.765,-82.1535
Gallitzin,PA,40.4823,-78.5517
Gallman,MS,31.9288,-90.3926
Galloway,OH,39.9366,-83.1838
Galloway,WI,44.7128,-89.2643
Galloway,WV,39.2318,-80.122
Gallup,NM,35.49483,-108.7515
Gallupville,NY,42.6626,-74.2326
Galt,CA,38.2691,-121.3
Galt,IA,42.6912,-93.6035
Galt,IL,41.7865,-89.761
Galt,MO,40.144,-93.3953
Galva,IA,42.5105,-95.4298
Galva,IL,41.1656,-90.0481
Galva,KS,38.3824,-97.5359
Galveston,IN,40.5862,-86.1972
Galveston,TX,29.2804,-94.8553
Galvin,WA,46.7423,-123.0271
Galway,NY,43.0217,-74.029
Gamaliel,AR,36.4618,-92.2284
Gamaliel,KY,36.654,-85.8134
Gambell,AK,63.7766,-171.7017
Gambier,OH,40.3782,-82.3828
Gambrills,MD,39.0407,-76.6819
Gamerco,NM,35.5763,-108.7626
Ganado,AZ,35.7114,-109.542
Ganado,TX,29.0308,-96.5031
Gandeeville,WV,38.7034,-81.4243
Gann Valley,SD,44.0693,-99.0543
Gans,OK,35.3946,-94.6901
Gans,PA,39.7429,-79.8242
Gansevoort,NY,43.1803,-73.7053
Gantt,AL,31.4068,-86.4841
Gap,PA,40.002,-75.9978
Gap Mills,WV,37.589,-80.3401
Garards Fort,PA,39.8083,-79.9679
Garber,IA,42.7453,-91.2593
Garber,OK,36.4392,-97.5789
Garberville,CA,40.0864,-123.7991
Garciasville,TX,26.3396,-98.6876
Garden,MI,45.7549,-86.5776
Garden City,AL,34.0058,-86.7499
Garden City,IA,42.2455,-93.3955
Garden City,ID,43.7318,-116.2797
Garden City,KS,37.9769,-100.8621
Garden City,LA,29.7633,-91.467
Garden City,MI,42.28205,-83.2455
Garden City,MN,44.0467,-94.1791
Garden City,MO,38.5681,-94.1825
Garden City,NY,40.72603,-73.6391
Garden City,SD,44.9841,-97.5814
Garden City,TX,31.8491,-101.5269
Garden City,UT,41.9376,-111.407
Garden Grove,CA,33.77811,-117.97307
Garden Grove,IA,40.7711,-93.6117
Garden Plain,KS,37.6767,-97.66
Garden Prairie,IL,42.251,-88.7437
Garden Valley,CA,38.8665,-120.8567
Garden Valley,ID,44.0909,-115.8243
Gardena,CA,33.88963,-118.29983
Gardendale,AL,33.7189,-86.8225
Gardendale,TX,32.0245,-102.3572
Gardiner,ME,44.207,-69.7858
Gardiner,MT,45.0849,-110.5715
Gardiner,NY,41.6576,-74.1672
Gardiner,OR,43.7301,-124.1104
Gardner,CO,37.7878,-105.1849
Gardner,IL,41.1775,-88.338
Gardner,KS,38.8075,-94.9157
Gardner,LA,31.2587,-92.6775
Gardner,MA,42.574,-71.9898
Gardner,ND,47.1252,-96.9901
Gardners,PA,40.0428,-77.1877
Gardnerville,NV,38.89345,-119.66935
Garfield,AR,36.4288,-93.9512
Garfield,GA,32.6549,-82.1002
Garfield,KS,38.0649,-99.2374
Garfield,KY,37.7828,-86.3575
Garfield,MN,45.9847,-95.5066
Garfield,NJ,40.8789,-74.1081
Garfield,NM,32.7557,-107.2704
Garfield,WA,46.9946,-117.1523
Garibaldi,OR,45.5626,-123.9001
Garita,NM,35.3502,-104.4419
Garland,KS,37.7175,-94.6613
Garland,ME,45.0149,-69.157
Garland,NC,34.7897,-78.4309
Garland,NE,40.9412,-96.9702
Garland,PA,41.8188,-79.4463
Garland,TX,32.90898,-96.63917
Garland,UT,41.7413,-112.1516
Garland City,AR,33.3352,-93.7316
Garnavillo,IA,42.8762,-91.2156
Garner,AR,35.1443,-91.7772
Garner,IA,43.1144,-93.5944
Garner,KY,37.3582,-82.9252
Garner,NC,35.6813,-78.5975
Garnerville,NY,41.2021,-74.0005
Garnet Valley,PA,39.852,-75.5007
Garnett,KS,38.2859,-95.2594
Garnett,SC,32.6007,-81.2396
Garrard,KY,37.1237,-83.7463
Garrattsville,NY,42.6315,-75.1866
Garretson,SD,43.7162,-96.5196
Garrett,IN,41.3482,-85.1347
Garrett,KY,37.4798,-82.8316
Garrett,PA,39.8646,-79.0616
Garrett,WY,42.2035,-105.678
Garrett Park,MD,39.0365,-77.0931
Garrettsville,OH,41.2988,-81.0704
Garrison,IA,42.1588,-92.1644
Garrison,KY,38.5869,-83.2
Garrison,MN,46.2314,-93.8341
Garrison,MO,36.8389,-93.0196
Garrison,MT,46.5948,-112.7756
Garrison,ND,47.6675,-101.6142
Garrison,NY,41.3621,-73.92
Garrison,TX,31.8111,-94.5266
Garrison,UT,38.9344,-114.033
Garrisonville,VA,38.4684,-77.4612
Garryowen,MT,45.5187,-107.4817
Garvin,MN,44.2293,-95.7672
Garvin,OK,33.9192,-94.986
Garwin,IA,42.0872,-92.6894
Garwood,NJ,40.6512,-74.3239
Garwood,TX,29.476,-96.4919
Gary,IN,41.57944,-87.33971
Gary,MN,47.3675,-96.2152
Gary,SD,44.827,-96.5044
Gary,TX,32.0334,-94.38
Gary,WV,37.3658,-81.5544
Garysburg,NC,36.4761,-77.5719
Garyville,LA,30.0535,-90.6201
Gas,KS,37.9232,-95.3467
Gas City,IN,40.4879,-85.6055
Gasburg,VA,36.5856,-77.8836
Gasconade,MO,38.6703,-91.5592
Gasport,NY,43.2106,-78.5745
Gasquet,CA,41.9056,-123.831
Gassaway,WV,38.6862,-80.7863
Gassville,AR,36.3175,-92.4736
Gaston,IN,40.2948,-85.4898
Gaston,NC,36.5004,-77.645
Gaston,OR,45.4427,-123.1666
Gaston,SC,33.8337,-81.1174
Gastonia,NC,35.25414,-81.17614
Gastonville,PA,40.2601,-79.9927
Gate,OK,36.8757,-100.0734
Gate City,VA,36.646,-82.6112
Gates,NC,36.5036,-76.7646
Gates,OR,44.7527,-122.3995
Gates,TN,35.796,-89.3938
Gates Mills,OH,41.5324,-81.415
Gatesville,NC,36.4072,-76.7325
Gatesville,TX,31.41178,-97.79312
Gateway,AR,36.4864,-93.9277
Gateway,CO,38.6784,-108.9719
Gatewood,MO,36.5626,-91.0703
Gatlinburg,TN,35.729,-83.4874
Gattman,MS,33.8742,-88.2588
Gatzke,MN,48.4104,-95.7903
Gauley Bridge,WV,38.1689,-81.196
Gause,TX,30.7833,-96.7237
Gautier,MS,30.398,-88.6412
Gay,GA,33.1274,-84.5836
Gay,WV,38.7706,-81.5532
Gaylesville,AL,34.3573,-85.5589
Gaylord,KS,39.6439,-98.8476
Gaylord,MI,45.02,-84.67355
Gaylord,MN,44.5463,-94.1955
Gaylordsville,CT,41.6486,-73.4835
Gays,IL,39.4796,-88.5242
Gays Creek,KY,37.3353,-83.4347
Gays Mills,WI,43.2936,-90.8676
Gaysville,VT,43.7784,-72.699
Gayville,SD,42.8835,-97.183
Gazelle,CA,41.5105,-122.5371
Geary,OK,35.6217,-98.3905
Geddes,SD,43.2597,-98.6926
Geff,IL,38.4413,-88.4144
Geigertown,PA,40.2026,-75.8363
Geismar,LA,30.2196,-91.0079
Gem,KS,39.4296,-100.8948
Gene Autry,OK,34.2939,-97.0339
Genesee,ID,46.5714,-116.929
Genesee,MI,43.1123,-83.6154
Genesee,PA,41.9642,-77.81525
Genesee Depot,WI,42.9601,-88.3745
Geneseo,IL,41.4688,-90.1711
Geneseo,KS,38.5037,-98.1858
Geneseo,NY,42.7938,-77.7996
Geneva,AL,31.0414,-85.8847
Geneva,FL,28.7503,-81.1114
Geneva,GA,32.5799,-84.5508
Geneva,IA,42.6755,-93.1294
Geneva,ID,42.3136,-111.0722
Geneva,IL,41.886,-88.311
Geneva,IN,40.6071,-84.9621
Geneva,MN,43.8235,-93.2671
Geneva,NE,40.5277,-97.6096
Geneva,NY,42.8637,-76.9913
Geneva,OH,41.8029,-80.9474
Genoa,AR,33.3837,-93.9096
Genoa,CO,39.3383,-103.4607
Genoa,IL,42.0981,-88.6908
Genoa,NE,41.4468,-97.764
Genoa,NV,39.0341,-119.8228
Genoa,NY,42.6746,-76.5418
Genoa,OH,41.53,-83.359
Genoa,WI,43.5641,-91.1461
Genoa,WV,38.1321,-82.4183
Genoa City,WI,42.5323,-88.3485
Gentry,AR,36.2652,-94.4751
Gentry,MO,40.3411,-94.4142
Gentryville,IN,38.0855,-87.0441
George,IA,43.3439,-95.9894
George,WA,47.0792,-119.8601
George West,TX,28.3204,-98.1162
Georges Mills,NH,43.4317,-72.0673
Georgetown,CA,38.9185,-120.7599
Georgetown,CO,39.7061,-105.6975
Georgetown,CT,41.2555,-73.4279
Georgetown,DE,38.679,-75.3932
Georgetown,FL,29.3842,-81.6183
Georgetown,GA,31.8854,-85.1059
Georgetown,ID,42.4821,-111.3708
Georgetown,IL,39.9792,-87.6365
Georgetown,IN,38.3029,-85.9617
Georgetown,KY,38.2117,-84.5562
Georgetown,LA,31.745,-92.3952
Georgetown,MA,42.7281,-70.9822
Georgetown,MD,39.3662,-75.8845
Georgetown,ME,43.8054,-69.7453
Georgetown,MN,47.0999,-96.727
Georgetown,MS,31.8552,-90.2127
Georgetown,NY,42.7631,-75.7443
Georgetown,OH,38.8717,-83.9092
Georgetown,PA,40.5743,-80.49
Georgetown,SC,33.41725,-79.27495
Georgetown,TN,35.2932,-84.9127
Georgetown,TX,30.65613,-97.71332
Georgiana,AL,31.6287,-86.734
Gepp,AR,36.4364,-92.0995
Gerald,MO,38.3507,-91.2931
Geraldine,AL,34.3592,-86.024
Geraldine,MT,47.6024,-110.2765
Gerber,CA,40.043,-122.1649
Gering,NE,41.822,-103.6629
Gerlach,NV,40.6525,-119.3565
Gerlaw,IL,40.9863,-90.5491
German Valley,IL,42.2176,-89.4712
Germansville,PA,40.7118,-75.7147
Germanton,NC,36.2725,-80.2254
Germantown,IL,38.5487,-89.5413
Germantown,KY,38.6357,-83.99
Germantown,MD,39.15583,-77.24187
Germantown,NY,42.1219,-73.8625
Germantown,OH,39.6244,-84.3764
Germantown,TN,35.1258,-89.84903
Germantown,WI,43.2189,-88.1165
Germfask,MI,46.2363,-85.9159
Geronimo,OK,34.4805,-98.3875
Geronimo,TX,29.5451,-98.0408
Gerrardstown,WV,39.378,-78.1141
Gerry,NY,42.2147,-79.1649
Gerton,NC,35.4759,-82.3505
Gervais,OR,45.1086,-122.8962
Gettysburg,OH,40.1147,-84.4934
Gettysburg,PA,39.832,-77.2223
Gettysburg,SD,45.0259,-99.9766
Getzville,NY,43.024,-78.7532
Geuda Springs,KS,37.0809,-97.1795
Geyser,MT,47.2598,-110.4839
Geyserville,CA,38.7173,-122.8834
Gheens,LA,29.7076,-90.4849
Ghent,KY,38.7188,-85.0557
Ghent,MN,44.5078,-95.8936
Ghent,NY,42.3036,-73.6486
Ghent,WV,37.6208,-81.1019
Gibbon,MN,44.5606,-94.5467
Gibbon,NE,40.7444,-98.8543
Gibbon Glade,PA,39.7364,-79.5736
Gibbonsville,ID,45.5704,-113.9913
Gibbs,MO,40.104,-92.4066
Gibbsboro,NJ,39.8365,-74.971
Gibbstown,NJ,39.8231,-75.2751
Gibsland,LA,32.5299,-93.0706
Gibson,GA,33.2471,-82.5766
Gibson,IA,41.4868,-92.3867
Gibson,LA,29.6625,-90.9776
Gibson,MO,36.4412,-90.0309
Gibson,NC,34.7549,-79.5839
Gibson,PA,41.8034,-75.6441
Gibson,TN,35.8708,-88.8464
Gibson City,IL,40.4659,-88.3609
Gibson Island,MD,39.0751,-76.4324
Gibsonburg,OH,41.3805,-83.3358
Gibsonia,PA,40.6252,-79.9443
Gibsonton,FL,27.8411,-82.3698
Gibsonville,NC,36.1183,-79.5685
Giddings,TX,30.1777,-96.9332
Gideon,MO,36.4538,-89.9135
Gifford,IA,42.3831,-93.2506
Gifford,IL,40.3028,-88.0317
Gifford,PA,41.8581,-78.5964
Gifford,SC,32.8596,-81.239
Gifford,WA,48.2685,-118.1136
Gig Harbor,WA,47.3465,-122.63617
Gila,NM,32.9659,-108.5767
Gila Bend,AZ,32.9306,-112.7468
Gilbert,AR,35.9879,-92.7163
Gilbert,AZ,33.316,-111.75406
Gilbert,IA,42.1148,-93.6399
Gilbert,LA,32.0349,-91.592
Gilbert,MN,47.4885,-92.4025
Gilbert,PA,40.9089,-75.4314
Gilbert,SC,33.9581,-81.3914
Gilbert,WV,37.6366,-81.9501
Gilberton,PA,40.7986,-76.2155
Gilbertown,AL,31.8666,-88.3265
Gilberts,IL,42.0984,-88.3691
Gilbertsville,KY,36.9655,-88.2667
Gilbertsville,NY,42.4715,-75.3257
Gilbertsville,PA,40.3059,-75.5953
Gilbertville,IA,42.4161,-92.2149
Gilbertville,MA,42.3322,-72.1986
Gilboa,NY,42.4108,-74.4003
Gilboa,WV,38.3184,-80.8342
Gilby,ND,48.0853,-97.4706
Gilchrist,OR,43.4771,-121.6853
Gilchrist,TX,29.523,-94.4755
Gilcrest,CO,40.2854,-104.7825
Gildford,MT,48.5927,-110.2836
Gile,WI,46.4283,-90.2252
Gilead,NE,40.147,-97.4271
Gilford,NH,43.5475,-71.4072
Gill,CO,40.4696,-104.5
Gill,MA,42.6404,-72.4995
Gillespie,IL,39.1341,-89.8442
Gillett,AR,34.1218,-91.38
Gillett,PA,41.9568,-76.7713
Gillett,TX,29.0514,-97.8343
Gillett,WI,44.9018,-88.3242
Gillett Grove,IA,43.0157,-95.0431
Gillette,NJ,40.6877,-74.4681
Gillette,WY,44.17163,-105.51417
Gillham,AR,34.157,-94.3165
Gilliam,LA,32.8251,-93.8293
Gilliam,MO,39.2447,-92.9932
Gillsville,GA,34.3001,-83.6757
Gilman,CT,41.5795,-72.1963
Gilman,IA,41.9012,-92.8101
Gilman,IL,40.768,-87.9933
Gilman,MN,45.6917,-94.0563
Gilman,VT,44.414,-71.7179
Gilman,WI,45.1891,-90.8257
Gilman City,MO,40.145,-93.832
Gilmanton,NH,43.4175,-71.4121
Gilmanton,WI,44.4708,-91.676
Gilmanton Iron Works,NH,43.4466,-71.2995
Gilmer,TX,32.6645,-94.91025
Gilmore,AR,35.4057,-90.2714
Gilmore City,IA,42.7067,-94.4108
Gilroy,CA,37.0117,-121.5739
Gilson,IL,40.8765,-90.1747
Gilsum,NH,43.0399,-72.2719
Giltner,NE,40.7654,-98.1434
Gipsy,MO,37.147,-90.1795
Gipsy,PA,40.8073,-78.8764
Girard,GA,33.0437,-81.7106
Girard,IL,39.3838,-89.8501
Girard,KS,37.5091,-94.8569
Girard,OH,41.1611,-80.6933
Girard,PA,41.9896,-80.3178
Girard,TX,33.3632,-100.6937
Girardville,PA,40.7922,-76.2858
Girdler,KY,36.9691,-83.8539
Girdletree,MD,38.0958,-75.3902
Girdwood,AK,60.9577,-149.1406
Girvin,TX,31.0629,-102.3885
Given,WV,38.707,-81.7223
Gladbrook,IA,42.1774,-92.7141
Glade,KS,39.6704,-99.2996
Glade Hill,VA,36.9859,-79.773
Glade Park,CO,38.9894,-108.781
Glade Spring,VA,36.7779,-81.7676
Glade Valley,NC,36.4429,-81.0168
Gladeville,TN,36.1562,-86.3049
Gladewater,TX,32.5559,-94.932
Gladstone,IL,40.8377,-90.9941
Gladstone,MI,45.8813,-87.1152
Gladstone,ND,46.8152,-102.5274
Gladstone,NJ,40.7219,-74.6707
Gladstone,NM,36.3048,-103.973
Gladstone,OR,45.3899,-122.5902
Gladstone,VA,37.5473,-78.8508
Gladwin,MI,44.0296,-84.4968
Gladwyne,PA,40.0451,-75.2821
Glady,WV,38.7534,-79.8147
Gladys,VA,37.1386,-79.1048
Glandorf,OH,41.0289,-84.0791
Glasco,KS,39.3621,-97.8418
Glasco,NY,42.0437,-73.9474
Glasford,IL,40.576,-89.8113
Glasgow,KY,36.99205,-85.917
Glasgow,MO,39.2257,-92.8318
Glasgow,MT,48.2034,-106.6094
Glasgow,PA,40.7178,-78.4637
Glasgow,VA,37.643,-79.459
Glasgow,WV,38.2154,-81.4246
Glassboro,NJ,39.7068,-75.1172
Glasser,NJ,41.1283,-74.679
Glassport,PA,40.326,-79.8883
Glasston,ND,48.7201,-97.4696
Glastonbury,CT,41.7073,-72.5727
Gleason,TN,36.2117,-88.6184
Gleason,WI,45.3384,-89.4753
Glen,MS,34.878,-88.4359
Glen,MT,45.4766,-112.6906
Glen,NH,44.1018,-71.1925
Glen,WV,38.3943,-81.2426
Glen Allan,MS,33.0254,-91.0092
Glen Allen,AL,33.9151,-87.7417
Glen Allen,VA,37.64083,-77.5015
Glen Alpine,NC,35.729,-81.7793
Glen Arbor,MI,44.8734,-85.9887
Glen Arm,MD,39.4575,-76.5153
Glen Aubrey,NY,42.2573,-75.9805
Glen Burnie,MD,39.10207,-76.60147
Glen Campbell,PA,40.8508,-78.8555
Glen Carbon,IL,38.7609,-89.9706
Glen Cove,NY,40.865,-73.6277
Glen Dale,WV,39.9597,-80.7323
Glen Daniel,WV,37.8251,-81.3858
Glen Easton,WV,39.8531,-80.6661
Glen Echo,MD,38.9693,-77.1435
Glen Elder,KS,39.4958,-98.3155
Glen Ellen,CA,38.3662,-122.5196
Glen Ellyn,IL,41.8718,-88.0659
Glen Ferris,WV,38.1532,-81.2148
Glen Flora,TX,29.3475,-96.1933
Glen Flora,WI,45.4862,-90.8479
Glen Fork,WV,37.6959,-81.529
Glen Gardner,NJ,40.7134,-74.9162
Glen Haven,CO,40.4578,-105.447
Glen Haven,WI,42.8204,-91.0005
Glen Head,NY,40.8281,-73.6076
Glen Hope,PA,40.7984,-78.4999
Glen Jean,WV,37.9265,-81.1501
Glen Lyn,VA,37.3669,-80.8634
Glen Lyon,PA,41.1746,-76.0746
Glen Mills,PA,39.9015,-75.5049
Glen Oaks,NY,40.7481,-73.7114
Glen Richey,PA,40.9458,-78.475
Glen Riddle Lima,PA,39.934,-75.406
Glen Ridge,NJ,40.804,-74.2055
Glen Rock,NJ,40.9602,-74.1254
Glen Rock,PA,39.7813,-76.7477
Glen Rogers,WV,37.7217,-81.429
Glen Rose,TX,32.2298,-97.7629
Glen Saint Mary,FL,30.2861,-82.2041
Glen Spey,NY,41.4858,-74.7995
Glen Ullin,ND,46.8233,-101.8223
Glen White,WV,37.7306,-81.2799
Glen Wild,NY,41.6545,-74.5833
Glen Wilton,VA,37.7529,-79.8189
Glenallen,MO,37.3231,-90.0515
Glenarm,IL,39.6327,-89.6581
Glenbeulah,WI,43.7666,-88.1049
Glenbrook,NV,39.0509,-119.9428
Glenburn,ND,48.4718,-101.2297
Glencliff,NH,43.9828,-71.8934
Glencoe,AR,36.2942,-91.7474
Glencoe,CA,38.3554,-120.5778
Glencoe,IL,42.1333,-87.7615
Glencoe,KY,38.7229,-84.8116
Glencoe,MN,44.778,-94.1616
Glencoe,MO,38.5878,-90.6639
Glencoe,NM,33.3898,-105.4391
Glencoe,OH,40.0109,-80.8993
Glencoe,OK,36.2158,-96.9138
Glencross,SD,45.4483,-100.9213
Glendale,AZ,33.5737,-112.19771
Glendale,CA,34.15227,-118.2546
Glendale,KY,37.6034,-85.8921
Glendale,MA,42.2793,-73.3435
Glendale,OR,42.7518,-123.3943
Glendale,RI,41.9762,-71.6326
Glendale,SC,34.9448,-81.8376
Glendale,UT,37.3219,-112.6035
Glendale Heights,IL,41.9205,-88.0793
Glendale Springs,NC,36.3405,-81.3653
Glendive,MT,47.1008,-104.7287
Glendo,WY,42.5004,-105.0
Glendora,CA,34.1412,-117.84945
Glendora,MS,33.8573,-90.288
Glendora,NJ,39.8404,-75.0697
Gleneden Beach,OR,44.8812,-124.0343
Glenelg,MD,39.2546,-77.0198
Glenfield,ND,47.4569,-98.6916
Glenfield,NY,43.7323,-75.3669
Glenford,NY,42.0053,-74.1532
Glenford,OH,39.8699,-82.3026
Glengary,WV,39.3813,-78.1435
Glenham,NY,41.5202,-73.9333
Glenham,SD,45.5335,-100.2716
Glenhaven,CA,39.0263,-122.733
Glenmont,NY,42.5971,-73.7959
Glenmont,OH,40.5217,-82.1505
Glenmoore,PA,40.0846,-75.7711
Glenmora,LA,31.0262,-92.616
Glenn,CA,39.6069,-122.0384
Glenn,MI,42.5203,-86.2275
Glenn Dale,MD,38.9766,-76.8053
Glennallen,AK,62.1039,-145.6617
Glennie,MI,44.5582,-83.6899
Glenns Ferry,ID,42.9622,-115.316
Glennville,CA,35.7377,-118.7169
Glennville,GA,31.9467,-81.9483
Glenolden,PA,39.9048,-75.2946
Glenoma,WA,46.5283,-122.099
Glenpool,OK,35.9591,-95.9997
Glenrock,WY,42.7803,-105.8719
Glens Falls,NY,43.3115,-73.6448
Glens Fork,KY,37.007,-85.2487
Glenshaw,PA,40.5375,-79.9644
Glenside,PA,40.1096,-75.155
Glentana,MT,48.8481,-106.2495
Glenview,IL,42.0728,-87.80505
Glenview,KY,38.2997,-85.6487
Glenvil,NE,40.4931,-98.2465
Glenville,MN,43.5577,-93.2618
Glenville,NC,35.1882,-83.09
Glenville,PA,39.757,-76.8153
Glenville,WV,38.9409,-80.8313
Glenwood,AL,31.6641,-86.171
Glenwood,AR,34.3192,-93.5559
Glenwood,FL,29.0861,-81.3542
Glenwood,GA,32.1572,-82.6759
Glenwood,IA,41.047,-95.7389
Glenwood,IL,41.5467,-87.6126
Glenwood,IN,39.6124,-85.2735
Glenwood,MD,39.2795,-77.0148
Glenwood,MN,45.6429,-95.3868
Glenwood,MO,40.5149,-92.5886
Glenwood,NC,35.7387,-82.0595
Glenwood,NJ,41.2356,-74.4885
Glenwood,NM,33.3048,-108.7743
Glenwood,NY,42.6001,-78.6386
Glenwood,UT,38.7633,-111.9902
Glenwood,WA,46.0071,-121.2885
Glenwood,WV,38.5909,-82.1773
Glenwood City,WI,45.0623,-92.1816
Glenwood Landing,NY,40.8307,-73.6387
Glenwood Springs,CO,39.54005,-107.325
Glidden,IA,42.0618,-94.7148
Glidden,TX,29.6994,-96.5942
Glidden,WI,46.1337,-90.5889
Glide,OR,43.3015,-123.1012
Globe,AZ,33.3983,-110.78785
Glorieta,NM,35.5288,-105.7477
Gloster,LA,32.1858,-93.801
Gloster,MS,31.1903,-90.924
Gloucester,MA,42.61835,-70.66705
Gloucester,NC,34.7344,-76.5394
Gloucester,VA,37.4126,-76.5464
Gloucester City,NJ,39.8911,-75.117
Gloucester Point,VA,37.2585,-76.4959
Glouster,OH,39.4978,-82.0871
Glover,VT,44.6747,-72.2131
Gloversville,NY,43.0616,-74.3375
Gloverville,SC,33.5182,-81.8277
Glyndon,MD,39.477,-76.815
Glyndon,MN,46.882,-96.5583
Glynn,LA,30.6376,-91.3423
Gnadenhutten,OH,40.3584,-81.4343
Gober,TX,33.4697,-96.1111
Gobler,MO,36.159,-89.9349
Gobles,MI,42.3702,-85.8536
Goddard,KS,37.6597,-97.5753
Godfrey,IL,38.946,-90.206
Godley,TX,32.4282,-97.5349
Godwin,NC,35.1969,-78.6625
Goehner,NE,40.8322,-97.2212
Goessel,KS,38.2468,-97.3463
Goetzville,MI,46.079,-84.145
Goff,KS,39.6654,-95.9574
Goffstown,NH,43.0201,-71.5697
Golconda,IL,37.3602,-88.4886
Golconda,NV,40.9532,-117.4893
Gold Bar,WA,47.8331,-121.6365
Gold Beach,OR,42.4073,-124.4218
Gold Canyon,AZ,33.3284,-111.3502
Gold Creek,MT,46.59,-112.9706
Gold Hill,NC,35.5498,-80.3346
Gold Hill,OR,42.4244,-123.0854
Gold Run,CA,39.171,-120.8601
Golden,CO,39.7078,-105.22975
Golden,IL,40.1203,-91.0296
Golden,MO,36.5625,-93.623
Golden,MS,34.4812,-88.1842
Golden,OK,34.0303,-94.8986
Golden,TX,32.7299,-95.5636
Golden City,MO,37.3995,-94.1027
Golden Eagle,IL,38.8961,-90.5602
Golden Gate,IL,38.3645,-88.2075
Golden Meadow,LA,29.3821,-90.2639
Golden Valley,AZ,35.3002,-114.2215
Golden Valley,ND,47.2938,-102.0612
Goldendale,WA,45.832,-120.813
Goldenrod,FL,28.6133,-81.2581
Goldens Bridge,NY,41.3004,-73.6479
Goldfield,IA,42.7581,-93.9194
Goldfield,NV,37.7085,-117.2356
Goldonna,LA,32.0,-92.9611
Goldsboro,MD,39.023,-75.7926
Goldsboro,NC,35.36434,-78.01684
Goldsboro,TX,32.0482,-99.6775
Goldsmith,IN,40.2898,-86.1494
Goldsmith,TX,31.9541,-102.625
Goldston,NC,35.5643,-79.3385
Goldthwaite,TX,31.4458,-98.5744
Goldvein,VA,38.4725,-77.6423
Goleta,CA,34.391,-119.84125
Golf,IL,42.058,-87.7916
Goliad,TX,28.6993,-97.3783
Goltry,OK,36.5314,-98.154
Golva,ND,46.7075,-103.9575
Gomer,OH,40.8451,-84.1872
Gonvick,MN,47.749,-95.499
Gonzales,CA,36.49,-121.4103
Gonzales,LA,30.226,-90.89375
Gonzales,TX,29.5086,-97.4495
Gonzalez,FL,30.5818,-87.2929
Goochland,VA,37.7688,-78.0112
Good Hart,MI,45.5802,-85.1137
Good Hope,GA,33.7613,-83.595
Good Hope,IL,40.5578,-90.6735
Good Thunder,MN,43.9952,-94.0677
Goode,VA,37.3755,-79.4039
Goodell,IA,42.9383,-93.5824
Goodells,MI,42.9443,-82.6916
Goodfellow Afb,TX,31.4321,-100.4022
Goodfield,IL,40.6329,-89.2727
Goodhue,MN,44.4022,-92.5717
Gooding,ID,42.9373,-114.712
Goodland,FL,25.9248,-81.6456
Goodland,IN,40.7669,-87.2999
Goodland,KS,39.3491,-101.7164
Goodland,MN,47.1924,-93.1469
Goodlettsville,TN,36.3324,-86.71725
Goodman,MO,36.7323,-94.3986
Goodman,MS,32.9892,-89.9433
Goodman,WI,45.6469,-88.3629
Goodnews Bay,AK,59.1189,-161.5875
Goodrich,MI,42.9147,-83.4845
Goodrich,ND,47.471,-100.119
Goodrich,TX,30.6079,-94.9592
Goodridge,MN,48.0686,-95.7283
Goodspring,TN,35.1167,-87.1278
Goodsprings,AL,33.6795,-87.2374
Goodview,VA,37.2123,-79.7429
Goodville,PA,40.1257,-76.0033
Goodwater,AL,33.0746,-86.0781
Goodway,AL,31.3368,-87.4258
Goodwell,OK,36.6744,-101.7137
Goodwin,AR,34.9358,-91.0292
Goodwin,SD,44.8754,-96.8608
Goodwine,IL,40.5673,-87.7845
Goodyear,AZ,33.4579,-112.38905
Goodyears Bar,CA,39.5399,-120.8844
Goose Creek,SC,33.058,-80.0101
Goose Lake,IA,41.9799,-90.3819
Goose Rock,KY,37.0904,-83.6944
Gordo,AL,33.3469,-87.9005
Gordon,AL,31.1002,-85.1234
Gordon,GA,32.8813,-83.3029
Gordon,KY,36.9891,-83.0655
Gordon,NE,42.8068,-102.2049
Gordon,PA,40.7489,-76.3355
Gordon,TX,32.5478,-98.3632
Gordon,WI,46.2336,-91.8033
Gordon,WV,37.987,-81.6954
Gordonsville,TN,36.1843,-86.0008
Gordonsville,VA,38.1759,-78.1815
Gordonville,MO,37.3092,-89.6989
Gordonville,PA,40.0353,-76.1106
Gordonville,TX,33.8343,-96.8403
Gore,OK,35.5418,-95.1095
Gore,VA,39.2887,-78.3417
Gore Springs,MS,33.7245,-89.5754
Goree,TX,33.4748,-99.5258
Goreville,IL,37.575,-88.9655
Gorham,IL,37.7406,-89.444
Gorham,KS,38.8722,-99.0112
Gorham,ME,43.6843,-70.468
Gorham,NH,44.4048,-71.1548
Gorham,NY,42.799,-77.1316
Gorin,MO,40.3622,-92.014
Gorman,TX,32.2234,-98.6834
Gormania,WV,39.2803,-79.3296
Gorum,LA,31.433,-92.9435
Goshen,AL,31.7946,-86.1277
Goshen,AR,36.0876,-93.9666
Goshen,CA,36.3572,-119.4254
Goshen,CT,41.8335,-73.2429
Goshen,IN,41.60243,-85.85177
Goshen,KY,38.4113,-85.5708
Goshen,MA,42.4404,-72.7995
Goshen,NH,43.3026,-72.1241
Goshen,NJ,39.1415,-74.8529
Goshen,NY,41.3946,-74.3302
Goshen,OH,39.2209,-84.1188
Goshen,UT,39.953,-111.9008
Goshen,VA,37.9878,-79.4773
Gosnell,AR,35.9598,-89.972
Gosport,IN,39.345,-86.6583
Gotebo,OK,35.0759,-98.876
Gotha,FL,28.5384,-81.5208
Gotham,WI,43.2233,-90.2915
Gothenburg,NE,40.94,-100.1547
Gough,GA,33.0918,-82.2265
Gould,AR,34.0345,-91.5768
Gould,OK,34.665,-99.7843
Gould City,MI,46.0747,-85.7338
Gouldbusk,TX,31.5549,-99.4767
Gouldsboro,ME,44.4731,-68.0899
Gouldsboro,PA,41.2448,-75.5037
Gouverneur,NY,44.3283,-75.4651
Gove,KS,38.887,-100.4867
Government Camp,OR,45.2972,-121.739
Gowanda,NY,42.4712,-78.9339
Gowen,MI,43.2239,-85.3159
Gowen,OK,34.8724,-95.469
Gower,MO,39.602,-94.5965
Gowrie,IA,42.2767,-94.2987
Grabill,IN,41.2108,-84.9406
Grace,ID,42.55,-111.74
Grace,MS,32.9775,-90.983
Grace City,ND,47.5536,-98.8095
Gracemont,OK,35.1875,-98.2835
Graceville,FL,30.9426,-85.5136
Graceville,MN,45.5602,-96.4209
Gracewood,GA,33.3726,-82.0321
Gracey,KY,36.8564,-87.6545
Grady,AL,32.0194,-86.1292
Grady,AR,34.1032,-91.7057
Grady,NM,34.8107,-103.298
Gradyville,KY,37.0912,-85.465
Gradyville,PA,39.9432,-75.4694
Graettinger,IA,43.2277,-94.7334
Graff,MO,37.3262,-92.2647
Graford,TX,32.9242,-98.337
Grafton,IA,43.311,-93.0797
Grafton,IL,39.0021,-90.4323
Grafton,MA,42.2004,-71.6868
Grafton,ND,48.4122,-97.4106
Grafton,NE,40.6402,-97.7403
Grafton,NH,43.5727,-71.9634
Grafton,NY,42.7726,-73.4468
Grafton,OH,41.2854,-82.0431
Grafton,VT,43.1601,-72.5972
Grafton,WI,43.3231,-87.9521
Grafton,WV,39.3414,-80.0285
Graham,AL,33.463,-85.334
Graham,FL,29.9689,-82.1226
Graham,KY,37.2467,-87.2976
Graham,MO,40.2012,-95.0121
Graham,NC,36.031,-79.3814
Graham,OK,34.3762,-97.4255
Graham,TX,33.0993,-98.5832
Graham,WA,47.0246,-122.2936
Grahamsville,NY,41.8807,-74.5127
Grahn,KY,38.2897,-83.0811
Grain Valley,MO,39.0274,-94.2087
Grainfield,KS,39.103,-100.468
Grambling,LA,32.5244,-92.7158
Gramercy,LA,30.0527,-90.6902
Gramling,SC,35.0768,-82.1326
Grammer,IN,39.1522,-85.7261
Grampian,PA,40.9818,-78.5949
Granada,CO,38.0545,-102.3271
Granada,MN,43.7061,-94.3307
Granada Hills,CA,34.2709,-118.51115
Granbury,TX,32.4369,-97.75135
Granby,CO,40.0739,-105.9285
Granby,CT,41.9602,-72.7994
Granby,MA,42.2557,-72.52
Granby,MO,36.9066,-94.2643
Granby,VT,44.6808,-71.7194
Grand Bay,AL,30.4983,-88.3282
Grand Blanc,MI,42.9231,-83.6217
Grand Cane,LA,32.105,-93.7941
Grand Canyon,AZ,35.9421,-112.1309
Grand Chain,IL,37.251,-89.0083
Grand Chenier,LA,29.7644,-92.9261
Grand Coteau,LA,30.4201,-92.0462
Grand Coulee,WA,47.9385,-118.9978
Grand Forks,ND,47.92093,-97.04733
Grand Forks Afb,ND,47.9597,-97.37325
Grand Gorge,NY,42.362,-74.494
Grand Haven,MI,43.0378,-86.1912
Grand Island,FL,28.8866,-81.7391
Grand Island,NE,40.90767,-98.41017
Grand Island,NY,43.0183,-78.9591
Grand Isle,LA,29.2297,-90.0088
Grand Isle,ME,47.3044,-68.1542
Grand Isle,VT,44.7197,-73.3056
Grand Junction,CO,39.06171,-108.53051
Grand Junction,IA,42.0296,-94.2336
Grand Junction,MI,42.3761,-86.0541
Grand Junction,TN,35.049,-89.187
Grand Lake,CO,40.2289,-105.8605
Grand Lake Stream,ME,45.1795,-67.7744
Grand Ledge,MI,42.7529,-84.7373
Grand Marais,MI,46.6529,-85.9836
Grand Marais,MN,47.7758,-90.3391
Grand Marsh,WI,43.8869,-89.7062
Grand Meadow,MN,43.7101,-92.5692
Grand Mound,IA,41.8501,-90.6695
Grand Portage,MN,47.9591,-89.6989
Grand Prairie,TX,32.69472,-97.0175
Grand Rapids,MI,42.97953,-85.61332
Grand Rapids,MN,47.2364,-93.52397
Grand Rapids,OH,41.4379,-83.8552
Grand Ridge,FL,30.7148,-85.021
Grand Ridge,IL,41.2386,-88.8168
Grand River,IA,40.8137,-93.9544
Grand River,OH,41.7427,-81.2821
Grand Rivers,KY,37.0762,-88.2647
Grand Ronde,OR,45.075,-123.6335
Grand Saline,TX,32.6635,-95.7064
Grand Terrace,CA,34.031,-117.3129
Grand Tower,IL,37.6322,-89.4999
Grand Valley,PA,41.6963,-79.5473
Grand View,ID,42.9896,-116.0934
Grand View,WI,46.3577,-91.1075
Grandfalls,TX,31.3459,-102.8568
Grandfield,OK,34.2282,-98.6867
Grandin,FL,29.7277,-81.9184
Grandin,MO,36.828,-90.7942
Grandin,ND,47.2158,-97.0207
Grandview,IA,41.2759,-91.1885
Grandview,IN,37.9703,-86.9568
Grandview,MO,38.8819,-94.5205
Grandview,TN,35.7608,-84.8615
Grandview,TX,32.2704,-97.1792
Grandview,WA,46.2538,-119.9157
Grandville,MI,42.9018,-85.7625
Grandy,MN,45.6352,-93.1952
Grandy,NC,36.2339,-75.8768
Granger,IA,41.7611,-93.8244
Granger,IN,41.7427,-86.1411
Granger,MO,40.4533,-92.1474
Granger,TX,30.7398,-97.4451
Granger,WA,46.348,-120.1818
Granger,WY,41.5936,-109.9688
Grangeville,ID,45.9272,-116.1076
Granite,CO,39.0307,-106.2566
Granite,OK,34.9712,-99.3881
Granite Bay,CA,38.7435,-121.1897
Granite Canon,WY,41.0473,-105.1517
Granite City,IL,38.7261,-90.1106
Granite Falls,MN,44.8087,-95.5516
Granite Falls,NC,35.7965,-81.4306
Granite Falls,WA,48.079,-121.9428
Granite Quarry,NC,35.6109,-80.4361
Granite Springs,NY,41.3098,-73.753
Graniteville,SC,33.563,-81.8147
Graniteville,VT,44.1512,-72.4929
Grannis,AR,34.237,-94.3255
Grant,AL,34.4959,-86.259
Grant,CO,39.4612,-105.6583
Grant,FL,27.9289,-80.5264
Grant,IA,41.1427,-94.9842
Grant,LA,30.7962,-92.9517
Grant,MI,43.3392,-85.8368
Grant,NE,40.8511,-101.7196
Grant,OK,33.9302,-95.4893
Grant City,MO,40.4924,-94.3979
Grant Park,IL,41.2477,-87.648
Grant Town,WV,39.5587,-80.1805
Grantham,NH,43.5103,-72.1334
Grantham,PA,40.158,-76.9964
Granton,WI,44.5606,-90.4484
Grants,NM,35.1476,-107.8526
Grants Pass,OR,42.434,-123.3434
Grantsboro,NC,35.0668,-76.871
Grantsburg,IL,37.3794,-88.7583
Grantsburg,IN,38.282,-86.4843
Grantsburg,WI,45.7953,-92.6935
Grantsdale,MT,46.2035,-114.1418
Grantsville,MD,39.6551,-79.1241
Grantsville,UT,40.6005,-112.4618
Grantsville,WV,38.9324,-81.0763
Grantville,GA,33.2473,-84.835
Grantville,KS,39.0972,-95.5397
Grantville,PA,40.3606,-76.6713
Granville,IA,42.9693,-95.8972
Granville,IL,41.2642,-89.225
Granville,MA,42.1127,-72.952
Granville,ND,48.2566,-100.8082
Granville,NY,43.3776,-73.2978
Granville,OH,40.0788,-82.5194
Granville,PA,40.5537,-77.6255
Granville,TN,36.2768,-85.7475
Granville,VT,43.9849,-72.8245
Granville,WV,39.6459,-79.9873
Granville Summit,PA,41.6973,-76.7218
Grapeland,TX,31.4972,-95.4447
Grapeview,WA,47.3273,-122.9163
Grapeville,PA,40.3239,-79.6049
Grapevine,AR,34.1309,-92.3109
Grapevine,TX,32.93355,-97.07945
Grasonville,MD,38.9456,-76.1997
Grass Creek,IN,40.9475,-86.4044
Grass Lake,MI,42.2711,-84.194
Grass Range,MT,47.0259,-108.8271
Grass Valley,CA,39.1637,-121.05035
Grass Valley,OR,45.3013,-120.7478
Grassflat,PA,41.0036,-78.1104
Grasston,MN,45.8566,-93.0813
Grassy Butte,ND,47.4431,-103.2944
Grassy Creek,NC,36.5415,-81.4468
Grassy Meadows,WV,37.8268,-80.7209
Gratiot,OH,39.9522,-82.2128
Gratiot,WI,42.5759,-90.0243
Gratis,OH,39.6483,-84.5282
Graton,CA,38.4335,-122.8676
Gratz,PA,40.6082,-76.7375
Gravel Switch,KY,37.5758,-85.0824
Gravelly,AR,34.8881,-93.6802
Gravette,AR,36.4155,-94.4779
Gravity,IA,40.7909,-94.7506
Gravois Mills,MO,38.2584,-92.823
Grawn,MI,44.6428,-85.7113
Gray,GA,33.0172,-83.54
Gray,IA,41.8401,-94.9812
Gray,KY,36.9467,-83.9828
Gray,LA,29.6903,-90.7807
Gray,ME,43.8942,-70.3429
Gray,PA,40.1377,-79.0926
Gray Court,SC,34.5953,-82.1147
Gray Hawk,KY,37.3951,-83.9402
Gray Mountain,AZ,35.7504,-111.6188
Gray Summit,MO,38.503,-90.8292
Grayland,WA,46.8264,-124.094
Grayling,AK,62.9036,-160.0647
Grayling,MI,44.677,-84.65085
Graymont,IL,40.8757,-88.7817
Grayridge,MO,36.8283,-89.7565
Grays Knob,KY,36.7974,-83.2645
Grays River,WA,46.3535,-123.5888
Grayslake,IL,42.3524,-88.0545
Grayson,GA,33.8901,-83.9632
Grayson,KY,38.3326,-82.9485
Grayson,LA,32.067,-92.1698
Graysville,AL,33.6539,-86.9803
Graysville,GA,34.9765,-85.1413
Graysville,IN,39.0805,-87.4496
Graysville,OH,39.663,-81.1822
Graysville,PA,39.9092,-80.3952
Graysville,TN,35.4484,-85.179
Graytown,OH,41.5647,-83.2613
Grayville,IL,38.2627,-88.0035
Great Barrington,MA,42.1959,-73.3607
Great Bend,KS,38.3936,-98.7751
Great Bend,NY,44.0342,-75.7188
Great Bend,PA,41.9717,-75.7432
Great Cacapon,WV,39.5836,-78.3331
Great Falls,MT,47.52696,-111.28084
Great Falls,SC,34.5705,-80.9133
Great Falls,VA,39.0039,-77.3083
Great Lakes,IL,42.3032,-87.8642
Great Meadows,NJ,40.852,-74.9418
Great Mills,MD,38.2674,-76.4954
Great Neck,NY,40.78394,-73.69341
Great River,NY,40.7297,-73.1607
Great Valley,NY,42.2083,-78.6208
Greeley,CO,40.40307,-104.71958
Greeley,IA,42.5939,-91.3233
Greeley,KS,38.3524,-95.1188
Greeley,NE,41.5526,-98.53
Greeley,PA,41.4372,-75.0125
Greeleyville,SC,33.5966,-79.9802
Green,KS,39.4803,-97.0149
Green,OH,40.9325,-81.462
Green Bank,WV,38.4097,-79.8015
Green Bay,VA,37.1234,-78.3072
Green Bay,WI,44.49297,-88.02589
Green Camp,OH,40.5322,-83.2078
Green Castle,MO,40.2703,-92.878
Green City,MO,40.2601,-92.9532
Green Cove Springs,FL,29.9983,-81.7647
Green Creek,NJ,39.0462,-74.9013
Green Forest,AR,36.3224,-93.4059
Green Harbor,MA,42.0696,-70.6491
Green Isle,MN,44.6791,-94.0083
Green Lake,WI,43.8444,-88.9685
Green Lane,PA,40.3534,-75.4351
Green Mountain,NC,35.9937,-82.259
Green Mountain Falls,CO,38.9389,-105.0094
Green Pond,AL,33.2251,-87.1264
Green Pond,SC,32.6628,-80.528
Green Ridge,MO,38.619,-93.4374
Green River,UT,39.0002,-110.1598
Green River,WY,41.5196,-109.4714
Green Road,KY,36.8713,-83.83
Green Sea,SC,34.1668,-78.9589
Green Spring,WV,39.5029,-78.6272
Green Springs,OH,41.2281,-83.0885
Green Sulphur Springs,WV,37.6485,-80.8774
Green Valley,AZ,31.8406,-111.0379
Green Valley,IL,40.4198,-89.6549
Green Valley,WI,44.7964,-88.2696
Green Valley Lake,CA,34.2348,-117.066
Green Village,NJ,40.7416,-74.4517
Greenacres,FL,26.6237,-80.1253
Greenacres,WA,47.6584,-117.1568
Greenback,TN,35.6567,-84.171
Greenbackville,VA,38.0064,-75.4029
Greenbank,WA,48.1004,-122.5761
Greenbelt,MD,39.00293,-76.87833
Greenbrae,CA,37.9479,-122.5363
Greenbrier,AR,35.2295,-92.3578
Greenbrier,TN,36.4229,-86.7914
Greenbush,MA,42.1793,-70.7495
Greenbush,ME,45.0803,-68.6509
Greenbush,MI,44.548,-83.3269
Greenbush,MN,48.6957,-96.1871
Greenbush,VA,37.7681,-75.6664
Greenbush,WI,43.7767,-88.084
Greencastle,IN,39.6495,-86.8686
Greencastle,PA,39.7818,-77.747
Greencreek,ID,46.1155,-116.2724
Greendale,WI,42.9373,-87.9943
Greendell,NJ,40.974,-74.821
Greene,IA,42.8958,-92.8024
Greene,ME,44.1891,-70.1455
Greene,NY,42.3401,-75.7342
Greene,RI,41.7062,-71.7356
Greeneville,TN,36.1818,-82.84927
Greenfield,CA,36.3202,-121.2451
Greenfield,IA,41.3133,-94.4408
Greenfield,IL,39.3491,-90.2089
Greenfield,IN,39.7902,-85.8141
Greenfield,MA,42.56175,-72.6239
Greenfield,MO,37.4197,-93.8407
Greenfield,NH,42.9493,-71.8728
Greenfield,OH,39.3478,-83.3898
Greenfield,OK,35.7333,-98.3841
Greenfield,TN,36.1485,-88.7453
Greenfield Center,NY,43.1401,-73.8398
Greenfield Park,NY,41.7281,-74.5201
Greenford,OH,40.9439,-80.7915
Greenhurst,NY,42.1205,-79.3096
Greenland,AR,35.9942,-94.1752
Greenland,MI,46.7809,-89.1146
Greenland,NH,43.0353,-70.8475
Greenlawn,NY,40.8621,-73.3646
Greenleaf,ID,43.669,-116.8315
Greenleaf,KS,39.7061,-96.9775
Greenleaf,WI,44.2937,-88.0275
Greenock,PA,40.3123,-79.8067
Greenport,NY,41.1039,-72.3674
Greens Farms,CT,41.1238,-73.3195
Greens Fork,IN,39.8916,-85.0494
Greensboro,AL,32.7167,-87.5905
Greensboro,FL,30.5696,-84.7453
Greensboro,GA,33.5637,-83.1702
Greensboro,IN,39.8789,-85.464
Greensboro,MD,38.9616,-75.8059
Greensboro,NC,36.0786,-79.80356
Greensboro,PA,39.8045,-79.9399
Greensboro,VT,44.5951,-72.285
Greensboro Bend,VT,44.5489,-72.2648
Greensburg,IN,39.2998,-85.4918
Greensburg,KS,37.6084,-99.3011
Greensburg,KY,37.243,-85.5236
Greensburg,LA,30.8647,-90.7256
Greensburg,PA,40.32303,-79.50703
Greentop,MO,40.3446,-92.5567
Greentown,IN,40.4791,-85.9582
Greentown,OH,40.9295,-81.4001
Greentown,PA,41.3321,-75.2819
Greenup,IL,39.274,-88.1246
Greenup,KY,38.5368,-82.9191
Greenvale,NY,40.8125,-73.6261
Greenview,CA,41.5403,-122.9366
Greenview,IL,40.1017,-89.7469
Greenville,AL,31.81,-86.6229
Greenville,CA,40.1699,-120.9014
Greenville,FL,30.4512,-83.6474
Greenville,GA,33.0468,-84.7402
Greenville,IA,43.0333,-95.0582
Greenville,IL,38.8933,-89.4052
Greenville,IN,38.3535,-86.0083
Greenville,KY,37.2076,-87.1806
Greenville,ME,45.4716,-69.5844
Greenville,MI,43.1793,-85.2497
Greenville,MO,37.1108,-90.4514
Greenville,MS,33.3666,-90.99568
Greenville,NC,35.59102,-77.37686
Greenville,NH,42.7482,-71.7619
Greenville,NY,42.4113,-74.0222
Greenville,OH,40.0987,-84.6342
Greenville,PA,41.4057,-80.3739
Greenville,RI,41.8734,-71.5569
Greenville,SC,34.85506,-82.4125
Greenville,TX,33.14122,-96.0882
Greenville,UT,38.2544,-112.7124
Greenville,VA,38.0018,-79.1359
Greenville,WI,44.3003,-88.5365
Greenville,WV,37.5435,-80.6826
Greenville Junction,ME,45.4796,-69.6939
Greenwald,MN,45.5971,-94.8515
Greenway,AR,36.3348,-90.2253
Greenway,VA,38.9645,-77.2331
Greenwell Springs,LA,30.5984,-90.9705
Greenwich,CT,41.04137,-73.63803
Greenwich,KS,37.7833,-97.2054
Greenwich,NJ,39.4055,-75.3209
Greenwich,NY,43.0947,-73.503
Greenwich,OH,41.0407,-82.5133
Greenwich,UT,38.4454,-111.9023
Greenwood,AR,35.1955,-94.253
Greenwood,CA,38.9143,-120.9001
Greenwood,DE,38.8175,-75.5935
Greenwood,FL,30.8667,-85.1153
Greenwood,IN,39.6092,-86.13995
Greenwood,LA,32.4429,-93.973
Greenwood,ME,44.3184,-70.6509
Greenwood,MO,38.8644,-94.2815
Greenwood,MS,33.51605,-90.17605
Greenwood,NE,40.9706,-96.4258
Greenwood,NY,42.1398,-77.636
Greenwood,SC,34.1975,-82.1614
Greenwood,TX,33.407,-97.4716
Greenwood,VA,38.0415,-78.7833
Greenwood,WI,44.7404,-90.6229
Greenwood Lake,NY,41.2101,-74.3033
Greenwood Springs,MS,33.8871,-88.3089
Greer,AZ,34.0052,-109.4664
Greer,SC,34.92693,-82.23847
Gregory,AR,35.1554,-91.3432
Gregory,MI,42.496,-84.0847
Gregory,SD,43.2136,-99.3622
Gregory,TX,27.9222,-97.29
Greig,NY,43.6886,-75.3302
Grelton,OH,41.3411,-84.0005
Grenada,CA,41.6125,-122.5258
Grenada,MS,33.77205,-89.80855
Grenloch,NJ,39.7788,-75.0601
Grenola,KS,37.3668,-96.4396
Grenora,ND,48.5252,-103.9176
Grenville,NM,36.3698,-103.5055
Grenville,SD,45.5097,-97.3092
Gresham,NE,41.021,-97.4079
Gresham,OR,45.49855,-122.41795
Gresham,SC,33.9069,-79.3564
Gresham,WI,44.853,-88.7887
Grethel,KY,37.4576,-82.6645
Gretna,FL,30.6171,-84.6599
Gretna,LA,29.9042,-90.04673
Gretna,NE,41.1345,-96.2458
Gretna,VA,36.9695,-79.3389
Grey Eagle,MN,45.8252,-94.7467
Greybull,WY,44.4919,-108.0795
Greycliff,MT,45.7633,-109.7846
Gridley,CA,39.3532,-121.7137
Gridley,IL,40.7439,-88.884
Gridley,KS,38.1012,-95.8874
Griffin,GA,33.24765,-84.2731
Griffin,IN,38.2069,-87.9166
Griffith,IN,41.5335,-87.4228
Griffithsville,WV,38.2197,-81.9995
Griffithville,AR,35.1144,-91.6242
Grifton,NC,35.3757,-77.4193
Griggsville,IL,39.7084,-90.7249
Grimes,CA,39.0744,-121.8927
Grimes,IA,41.7018,-93.7821
Grimesland,NC,35.558,-77.2566
Grimsley,TN,36.2598,-85.0015
Grimstead,VA,37.4961,-76.3
Grindstone,PA,40.0084,-79.8404
Grinnell,IA,41.7421,-92.7344
Grinnell,KS,39.0851,-100.6621
Grissom Arb,IN,40.6683,-86.1378
Griswold,IA,41.235,-95.1375
Grizzly Flats,CA,38.6489,-120.5098
Groesbeck,TX,31.5357,-96.5234
Groom,TX,35.2168,-101.1285
Grosse Ile,MI,42.1352,-83.1561
Grosse Pointe,MI,42.40605,-82.9123
Grosse Tete,LA,30.3879,-91.4383
Grosvenor Dale,CT,41.9711,-71.8917
Groton,CT,41.37845,-72.07415
Groton,MA,42.6116,-71.56913
Groton,NY,42.5855,-76.3633
Groton,SD,45.4503,-98.1058
Groton,VT,44.2204,-72.2175
Grottoes,VA,38.2484,-78.8255
Grouse Creek,UT,41.7094,-113.8833
Grove,OK,36.59825,-94.7431
Grove City,MN,45.1532,-94.6878
Grove City,OH,39.8814,-83.0839
Grove City,PA,41.1607,-80.0841
Grove Hill,AL,31.7088,-87.7772
Groveland,CA,37.8298,-120.1037
Groveland,FL,28.5644,-81.8745
Groveland,IL,40.5925,-89.5345
Groveland,MA,42.753,-71.027
Groveland,NY,42.676,-77.7573
Groveoak,AL,34.4359,-86.04
Groveport,OH,39.89617,-82.93007
Grover,CO,40.8716,-104.2346
Grover,MO,38.5667,-90.631
Grover,NC,35.1836,-81.4552
Grover,PA,41.6145,-76.8672
Grover,SC,33.1052,-80.5948
Grover,WY,42.7965,-110.9244
Grover Beach,CA,35.1213,-120.6193
Grover Hill,OH,41.0245,-84.4956
Grovertown,IN,41.3496,-86.5243
Groves,TX,29.9448,-93.9152
Grovespring,MO,37.4947,-92.6001
Groveton,NH,44.5984,-71.5064
Groveton,TX,31.0651,-95.0969
Grovetown,GA,33.4504,-82.1982
Grubbs,AR,35.6498,-91.074
Grubville,MO,38.251,-90.7901
Gruetli Laager,TN,35.3723,-85.618
Grulla,TX,26.2897,-98.6479
Grundy,VA,37.2967,-82.1061
Grundy Center,IA,42.3672,-92.7773
Gruver,TX,36.2868,-101.4089
Grygla,MN,48.3071,-95.6398
Guadalupe,CA,34.96,-120.5703
Guadalupita,NM,36.1375,-105.2386
Gualala,CA,38.8251,-123.5399
Guasti,CA,34.065,-117.5864
Guatay,CA,32.8497,-116.5583
Guerneville,CA,38.5055,-122.9965
Guernsey,IA,41.6378,-92.3479
Guernsey,WY,42.2655,-104.7512
Guerra,TX,26.8831,-98.8936
Gueydan,LA,30.0255,-92.5338
Guffey,CO,38.8146,-105.5784
Guide Rock,NE,40.0812,-98.3391
Guild,NH,43.3767,-72.1381
Guild,TN,35.0178,-85.5116
Guilderland,NY,42.6973,-73.8975
Guilderland Center,NY,42.702,-73.9662
Guildhall,VT,44.6902,-71.5991
Guilford,CT,41.3154,-72.6968
Guilford,IN,39.2059,-84.9616
Guilford,ME,45.1735,-69.3975
Guilford,MO,40.1746,-94.6951
Guilford,NY,42.4269,-75.4823
Guin,AL,33.9676,-87.9024
Guinda,CA,38.8407,-122.2036
Guion,AR,35.9266,-91.9103
Gulf,NC,35.5604,-79.2817
Gulf Breeze,FL,30.37013,-87.1184
Gulf Hammock,FL,29.2447,-82.7402
Gulf Shores,AL,30.25885,-87.72985
Gulfport,MS,30.41438,-89.07112
Gulliver,MI,46.0115,-86.0214
Gully,MN,47.7697,-95.641
Gulston,KY,36.7656,-83.3262
Gum Spring,VA,37.7982,-77.9375
Gunlock,KY,37.5892,-82.9452
Gunlock,UT,37.2877,-113.7606
Gunnison,CO,38.54845,-106.92815
Gunnison,MS,33.9439,-90.9319
Gunnison,UT,39.1545,-111.8167
Gunpowder,MD,39.3982,-76.2743
Gunter,TX,33.4495,-96.7341
Guntersville,AL,34.3449,-86.2752
Guntown,MS,34.4563,-88.6975
Gurdon,AR,33.9125,-93.1417
Gurley,AL,34.714,-86.394
Gurley,NE,41.315,-102.9835
Gurnee,IL,42.3669,-87.9452
Gustavus,AK,58.4284,-135.7615
Gustine,CA,37.2001,-121.0047
Gustine,TX,31.8468,-98.4017
Guston,KY,37.8951,-86.2155
Guthrie,KY,36.7149,-87.1502
Guthrie,OK,35.833,-97.436
Guthrie,TX,33.6206,-100.3229
Guthrie Center,IA,41.6837,-94.4864
Guttenberg,IA,42.7594,-91.119
Guy,AR,35.3239,-92.2878
Guy,TX,29.3327,-95.7702
Guymon,OK,36.6961,-101.4778
Guys,TN,35.0142,-88.5208
Guys Mills,PA,41.6333,-79.9714
Guysville,OH,39.2493,-81.922
Guyton,GA,32.314,-81.3896
Gwinn,MI,46.3311,-87.4397
Gwinner,ND,46.2258,-97.6626
Gwynedd,PA,40.2021,-75.2507
Gwynedd Valley,PA,40.1811,-75.2579
Gwynn,VA,37.5043,-76.2886
Gwynn Oak,MD,39.3296,-76.7341
Gwynneville,IN,39.6617,-85.6476
Gypsum,CO,39.6618,-106.9671
Gypsum,KS,38.7047,-97.4338
Gypsum,OH,41.5038,-82.8708
Gypsy,WV,39.3687,-80.3179
Hachita,NM,31.8904,-108.3316
Hacienda Heights,CA,33.9977,-117.9652
Hackberry,AZ,35.3692,-113.7272
Hackberry,LA,29.9822,-93.375
Hackensack,MN,46.9884,-94.5033
Hackensack,NJ,40.88705,-74.0469
Hacker Valley,WV,38.6526,-80.3837
Hackett,AR,35.1945,-94.3983
Hackettstown,NJ,40.8529,-74.8343
Hackleburg,AL,34.2678,-87.8608
Hacksneck,VA,37.6393,-75.865
Hadar,NE,42.105,-97.4492
Haddam,CT,41.4627,-72.505
Haddam,KS,39.852,-97.3081
Haddock,GA,33.0519,-83.4312
Haddon Heights,NJ,39.8788,-75.0664
Haddonfield,NJ,39.8954,-75.0417
Hadensville,VA,37.8252,-77.9899
Hadley,MA,42.3606,-72.5715
Hadley,MI,42.9545,-83.4033
Hadley,NY,43.3173,-73.8482
Hadley,PA,41.4432,-80.2153
Hadlyme,CT,41.4212,-72.4141
Hagaman,NY,42.9695,-74.1556
Hagan,GA,32.156,-81.9337
Hagar Shores,MI,42.2248,-86.3723
Hagarstown,IL,38.9434,-89.1684
Hagarville,AR,35.6155,-93.2726
Hager City,WI,44.627,-92.5501
Hagerhill,KY,37.7805,-82.8416
Hagerman,ID,42.8142,-114.887
Hagerman,NM,33.1076,-104.3298
Hagerstown,IN,39.9228,-85.1601
Hagerstown,MD,39.62975,-77.71832
Hague,ND,46.0589,-99.9745
Hague,NY,43.7463,-73.5282
Hague,VA,38.0573,-76.6616
Hahira,GA,30.9913,-83.3727
Hahnville,LA,29.9668,-90.4082
Haigler,NE,40.0642,-101.9371
Haiku,HI,20.9071,-156.3
Hailesboro,NY,44.3101,-75.4463
Hailey,ID,43.5239,-114.3064
Haileyville,OK,34.85,-95.5777
Haines,AK,59.2519,-135.542
Haines,OR,44.8776,-117.9756
Haines City,FL,28.05855,-81.61935
Haines Falls,NY,42.1955,-74.1023
Hainesport,NJ,39.9872,-74.8293
Hakalau,HI,19.8882,-155.1333
Halbur,IA,42.0048,-94.9731
Halcottsville,NY,42.2079,-74.6012
Hale,MI,44.3819,-83.8359
Hale,MO,39.5953,-93.3445
Hale Center,TX,34.0669,-101.8736
Haledon,NJ,40.9407,-74.18445
Haleiwa,HI,21.6312,-158.0693
Hales Corners,WI,42.941,-88.0503
Halethorpe,MD,39.2309,-76.6969
Haleyville,AL,34.2314,-87.5938
Half Moon Bay,CA,37.4791,-122.4459
Half Way,MO,37.6018,-93.242
Halfway,OR,44.8953,-117.1132
Halifax,MA,42.0002,-70.8448
Halifax,NC,36.3049,-77.5607
Halifax,PA,40.476,-76.894
Halifax,VA,36.7626,-78.9415
Hall,MT,46.5825,-113.2087
Hall,NY,42.7966,-77.0639
Hall Summit,LA,32.1752,-93.3047
Hallam,NE,40.5739,-96.7998
Hallandale,FL,25.9831,-80.14455
Hallett,OK,36.2319,-96.562
Hallettsville,TX,29.4426,-96.9234
Halliday,ND,47.3517,-102.3368
Hallie,KY,37.0837,-83.0027
Hallieford,VA,37.4937,-76.3402
Hallock,MN,48.7749,-96.9445
Hallowell,ME,44.2864,-69.8057
Halls,TN,35.8862,-89.4147
Hallsboro,NC,34.3181,-78.6043
Hallstead,PA,41.9598,-75.7826
Hallsville,MO,39.1054,-92.2239
Hallsville,OH,39.4656,-82.7479
Hallsville,TX,32.5073,-94.5333
Halltown,MO,37.1944,-93.6275
Halltown,WV,39.314,-77.7978
Hallwood,VA,37.8837,-75.6041
Halma,MN,48.6669,-96.5969
Halsey,NE,41.9291,-100.2955
Halsey,OR,44.3862,-123.1251
Halstad,MN,47.3551,-96.798
Halstead,KS,38.0064,-97.5118
Haltom City,TX,32.8087,-97.2709
Hambleton,WV,39.0821,-79.6453
Hamburg,AR,33.2058,-91.8023
Hamburg,IA,40.6149,-95.6258
Hamburg,IL,39.2235,-90.6995
Hamburg,LA,31.0307,-91.9315
Hamburg,MI,42.4523,-83.8147
Hamburg,MN,44.7315,-93.9643
Hamburg,NJ,41.1467,-74.5874
Hamburg,NY,42.7334,-78.8389
Hamburg,PA,40.5488,-75.9874
Hamden,CT,41.37337,-72.9196
Hamden,NY,42.1787,-74.9984
Hamden,OH,39.1685,-82.51
Hamel,IL,38.8901,-89.8457
Hamel,MN,45.08,-93.576
Hamer,ID,43.9308,-112.1872
Hamer,SC,34.4849,-79.3502
Hamersville,OH,38.92,-83.9931
Hamill,SD,43.6439,-99.6918
Hamilton,AL,34.1534,-88.0085
Hamilton,CO,40.325,-107.5841
Hamilton,GA,32.7418,-84.8848
Hamilton,IA,41.19,-92.959
Hamilton,IL,40.3964,-91.339
Hamilton,IN,41.5566,-84.8951
Hamilton,KS,37.9791,-96.1691
Hamilton,MA,42.6354,-70.8791
Hamilton,MI,42.6881,-85.9747
Hamilton,MO,39.7364,-93.9909
Hamilton,MS,33.7404,-88.4112
Hamilton,MT,46.2395,-114.1679
Hamilton,NC,35.9446,-77.2097
Hamilton,ND,48.7942,-97.4693
Hamilton,NY,42.8231,-75.5434
Hamilton,OH,39.4081,-84.56347
Hamilton,PA,40.9233,-79.0831
Hamilton,TX,31.6781,-98.1131
Hamilton,VA,39.1361,-77.6597
Hamilton,WA,48.5255,-121.9887
Hamilton City,CA,39.7386,-122.0085
Hamler,OH,41.2292,-84.0341
Hamlet,IN,41.3931,-86.5948
Hamlet,NC,34.8894,-79.7022
Hamlin,IA,41.6506,-94.9157
Hamlin,NY,43.3076,-77.927
Hamlin,PA,41.4047,-75.4069
Hamlin,TX,32.8799,-100.128
Hamlin,WV,38.2896,-82.1047
Hammett,ID,42.9457,-115.4662
Hammon,OK,35.6461,-99.4027
Hammond,IL,39.7946,-88.5793
Hammond,IN,41.57518,-87.46972
Hammond,LA,30.5072,-90.47522
Hammond,MT,45.5671,-104.5391
Hammond,NY,44.4502,-75.6727
Hammond,OR,46.198,-123.9527
Hammond,WI,44.967,-92.4472
Hammondsport,NY,42.4312,-77.1977
Hammondsville,OH,40.5676,-80.7659
Hammonton,NJ,39.638,-74.7728
Hampden,MA,42.0648,-72.4318
Hampden,ME,44.7411,-68.8731
Hampden,ND,48.5229,-98.6543
Hampden Sydney,VA,37.2381,-78.4618
Hampshire,IL,42.0807,-88.517
Hampshire,TN,35.5915,-87.3251
Hampstead,MD,39.6146,-76.8644
Hampstead,NC,34.3879,-77.6628
Hampstead,NH,42.882,-71.1758
Hampton,AR,33.5376,-92.5295
Hampton,CT,41.7671,-72.0662
Hampton,FL,29.8575,-82.1483
Hampton,GA,33.4124,-84.2947
Hampton,IA,42.7405,-93.211
Hampton,IL,41.5559,-90.4093
Hampton,KY,37.2831,-88.3714
Hampton,MN,44.6028,-92.9467
Hampton,NE,40.9236,-97.8841
Hampton,NH,42.9709,-70.91875
Hampton,NJ,40.6774,-74.9622
Hampton,NY,43.5248,-73.2518
Hampton,SC,32.8729,-81.0973
Hampton,TN,36.2577,-82.1891
Hampton,VA,37.04788,-76.35891
Hampton Bays,NY,40.8726,-72.5202
Hampton Falls,NH,42.9263,-70.8876
Hamptonville,NC,36.1242,-80.8137
Hamshire,TX,29.8668,-94.3187
Hamtramck,MI,42.4081,-83.0583
Hana,HI,20.7616,-156.0397
Hanahan,SC,32.9185,-80.022
Hanalei,HI,22.1603,-159.5471
Hanamaulu,HI,21.9977,-159.3592
Hanapepe,HI,21.9156,-159.592
Hanceville,AL,34.0516,-86.7848
Hancock,IA,41.3832,-95.3445
Hancock,MD,39.6991,-78.1762
Hancock,ME,44.5046,-68.2402
Hancock,MI,47.1367,-88.5654
Hancock,MN,45.4985,-95.8008
Hancock,NH,42.9768,-71.9819
Hancock,NY,41.9914,-75.2647
Hancock,VT,43.9125,-72.9133
Hancock,WI,44.1297,-89.5344
Hancocks Bridge,NJ,39.4716,-75.4902
Handley,WV,38.1879,-81.3657
Hanford,CA,36.32945,-119.6474
Hankamer,TX,29.8752,-94.5938
Hankins,NY,41.8391,-75.0534
Hankinson,ND,46.0558,-96.8991
Hanksville,UT,38.2521,-110.8137
Hanley Falls,MN,44.6789,-95.6825
Hanlontown,IA,43.2802,-93.3788
Hanna,IN,41.4088,-86.7759
Hanna,OK,35.2604,-95.8675
Hanna,UT,40.4501,-110.8097
Hanna,WY,41.8726,-106.5283
Hanna City,IL,40.6798,-89.7952
Hannacroix,NY,42.429,-73.8093
Hannaford,ND,47.3786,-98.3502
Hannah,ND,48.9594,-98.7237
Hannastown,PA,40.352,-79.4979
Hannawa Falls,NY,44.6087,-74.9732
Hannibal,MO,39.7064,-91.3839
Hannibal,NY,43.3111,-76.546
Hannibal,OH,39.6673,-80.872
Hannibal,WI,45.2525,-90.789
Hanover,CT,41.6445,-72.0677
Hanover,IL,42.2594,-90.2897
Hanover,IN,38.7138,-85.4763
Hanover,KS,39.8927,-96.8689
Hanover,MA,42.11755,-70.83655
Hanover,MD,39.1551,-76.7215
Hanover,ME,44.4959,-70.7167
Hanover,MI,42.1025,-84.5848
Hanover,MN,45.1602,-93.6734
Hanover,NH,43.7045,-72.285
Hanover,NM,32.8045,-107.9545
Hanover,PA,39.80302,-76.9809
Hanover,VA,37.7701,-77.3216
Hanover,WI,42.6323,-89.1594
Hanover,WV,37.563,-81.8136
Hanover Park,IL,41.9995,-88.1451
Hanoverton,OH,40.7731,-80.9144
Hansboro,ND,48.9001,-99.4278
Hanscom Afb,MA,42.4567,-71.2795
Hansen,ID,42.5249,-114.2994
Hansford,WV,38.207,-81.3929
Hanska,MN,44.1527,-94.4933
Hanson,KY,37.4382,-87.4751
Hanson,MA,42.0616,-70.8651
Hanston,KS,38.109,-99.6928
Hansville,WA,47.9061,-122.5655
Happy,KY,37.2101,-83.0917
Happy,TX,34.7219,-101.8256
Happy Camp,CA,41.8018,-123.388
Happy Jack,AZ,34.6616,-111.3404
Happy Valley,OR,45.4446,-122.5372
Haralson,GA,33.2322,-84.5685
Harbert,MI,41.8771,-86.6302
Harbeson,DE,38.6723,-75.2236
Harbinger,NC,36.1025,-75.8169
Harbor Beach,MI,43.8312,-82.6886
Harbor City,CA,33.797,-118.2991
Harbor Springs,MI,45.5251,-85.0062
Harbor View,OH,41.6934,-83.4444
Harborcreek,PA,42.1767,-79.9416
Harborside,ME,44.334,-68.8042
Harborton,VA,37.6618,-75.8305
Harcourt,IA,42.2531,-94.1961
Hardaway,AL,32.3129,-85.8838
Hardeeville,SC,32.2635,-81.0669
Hardenville,MO,36.5892,-92.3713
Hardesty,OK,36.6018,-101.1539
Hardin,IL,39.1547,-90.624
Hardin,KY,36.7762,-88.2622
Hardin,MO,39.3504,-93.8409
Hardin,MT,45.7498,-107.6075
Hardin,TX,30.151,-94.7338
Hardinsburg,IN,38.4626,-86.318
Hardinsburg,KY,37.7512,-86.4537
Hardtner,KS,37.03,-98.6547
Hardwick,GA,33.0227,-83.247
Hardwick,MA,42.3479,-72.2253
Hardwick,MN,43.7911,-96.2161
Hardwick,VT,44.507,-72.3638
Hardy,AR,36.3227,-91.411
Hardy,IA,42.7975,-94.0799
Hardy,KY,37.5928,-82.2328
Hardy,NE,40.0285,-97.9271
Hardy,VA,37.2145,-79.8127
Hardyville,KY,37.2249,-85.7542
Hardyville,VA,37.5512,-76.3844
Harford,NY,42.4262,-76.2266
Harford,PA,41.7761,-75.6935
Hargill,TX,26.4671,-98.0393
Harker Heights,TX,31.0286,-97.6115
Harkers Island,NC,34.6966,-76.5583
Harlan,IA,41.57085,-95.33735
Harlan,IN,41.2285,-84.8386
Harlan,KY,36.7596,-83.3499
Harleigh,PA,40.9806,-75.9713
Harlem,GA,33.417,-82.3097
Harlem,MT,48.5398,-108.7693
Harleton,TX,32.6579,-94.4652
Harleysville,PA,40.2727,-75.3877
Harleyville,SC,33.2205,-80.4501
Harlingen,TX,26.20338,-97.71313
Harlowton,MT,46.4477,-109.8435
Harman,WV,38.9234,-79.5246
Harmans,MD,39.1561,-76.6977
Harmon,IL,41.6973,-89.5695
Harmonsburg,PA,41.6609,-80.3178
Harmony,CA,35.4919,-120.9763
Harmony,IN,39.5372,-87.0729
Harmony,ME,44.973,-69.5481
Harmony,MN,43.5663,-92.0145
Harmony,NC,35.958,-80.7585
Harmony,PA,40.8496,-80.1381
Harmony,RI,41.8793,-71.5894
Harned,KY,37.8023,-86.4148
Harold,KY,37.5368,-82.6332
Harper,IA,41.3728,-92.0388
Harper,KS,37.2909,-98.018
Harper,OR,43.8734,-117.5284
Harper,TX,30.2816,-99.241
Harper,WV,37.8025,-81.2828
Harper Woods,MI,42.4377,-82.9289
Harpers Ferry,IA,43.1698,-91.2188
Harpers Ferry,WV,39.3153,-77.7694
Harpersfield,NY,42.4499,-74.6871
Harpersville,AL,33.3234,-86.4424
Harperville,MS,32.4925,-89.4946
Harpster,OH,40.7475,-83.2343
Harpswell,ME,43.7811,-69.9955
Harpursville,NY,42.1823,-75.6545
Harrah,OK,35.4833,-97.1734
Harrah,WA,46.4104,-120.5736
Harrell,AR,33.5101,-92.3988
Harrells,NC,34.6769,-78.243
Harrellsville,NC,36.2866,-76.7767
Harriet,AR,35.9991,-92.5042
Harrietta,MI,44.2972,-85.7396
Harriman,NY,41.3005,-74.1249
Harriman,TN,35.9348,-84.5155
Harrington,DE,38.924,-75.5843
Harrington,ME,44.6122,-67.8147
Harrington,WA,47.4555,-118.2778
Harrington Park,NJ,40.9918,-73.98
Harris,IA,43.4568,-95.4426
Harris,MI,45.6922,-87.3513
Harris,MN,45.5962,-93.0395
Harris,MO,40.3075,-93.3501
Harris,NC,35.2247,-81.8851
Harris,NY,41.7143,-74.7263
Harrisburg,AR,35.5722,-90.7038
Harrisburg,IL,37.7257,-88.544
Harrisburg,MO,39.1203,-92.441
Harrisburg,NC,35.3247,-80.6594
Harrisburg,NE,41.5531,-103.7111
Harrisburg,OH,39.8139,-83.1664
Harrisburg,OR,44.2717,-123.1432
Harrisburg,PA,40.27812,-76.86316
Harrisburg,SD,43.446,-96.6864
Harrison,AR,36.23575,-93.10695
Harrison,GA,32.842,-82.7159
Harrison,ID,47.5017,-116.7446
Harrison,ME,44.1071,-70.6539
Harrison,MI,44.0285,-84.7729
Harrison,MT,45.7423,-111.8461
Harrison,NE,42.6872,-103.8827
Harrison,NJ,40.7445,-74.1508
Harrison,NY,40.9719,-73.7181
Harrison,OH,39.2592,-84.7837
Harrison,SD,43.4297,-98.5273
Harrison,TN,35.1679,-85.0945
Harrison City,PA,40.366,-79.6565
Harrison Township,MI,42.5877,-82.8215
Harrison Valley,PA,41.9587,-77.6587
Harrisonburg,LA,31.7779,-91.8133
Harrisonburg,VA,38.45748,-78.8581
Harrisonville,MO,38.6419,-94.3285
Harrisonville,NJ,39.6931,-75.2711
Harrisonville,PA,39.9761,-78.0841
Harriston,MS,31.74,-91.0509
Harristown,IL,39.8567,-89.085
Harrisville,MI,44.6546,-83.3424
Harrisville,MS,31.9676,-90.1054
Harrisville,NH,42.9399,-72.0972
Harrisville,NY,44.1613,-75.3252
Harrisville,OH,40.1815,-80.8882
Harrisville,PA,41.1631,-79.9796
Harrisville,RI,41.9764,-71.6534
Harrisville,WV,39.1453,-81.0341
Harrod,OH,40.7177,-83.9436
Harrods Creek,KY,38.3297,-85.633
Harrodsburg,IN,39.013,-86.5457
Harrodsburg,KY,37.8033,-84.8607
Harrogate,TN,36.5767,-83.6073
Harrold,SD,44.5215,-99.7382
Harrold,TX,34.0806,-99.0323
Harsens Island,MI,42.585,-82.586
Harshaw,WI,45.6762,-89.6503
Hart,MI,43.7068,-86.3142
Hart,TX,34.3878,-102.1155
Hartfield,VA,37.5594,-76.4769
Hartford,AL,31.086,-85.7192
Hartford,AR,35.0222,-94.3819
Hartford,CT,41.78148,-72.69878
Hartford,IA,41.4596,-93.4022
Hartford,IL,38.8278,-90.0926
Hartford,KS,38.2833,-95.9997
Hartford,KY,37.4785,-86.918
Hartford,MI,42.2088,-86.1687
Hartford,NY,43.3493,-73.4049
Hartford,OH,41.3091,-80.5847
Hartford,SD,43.6155,-96.9501
Hartford,TN,35.8256,-83.0996
Hartford,VT,43.6721,-72.3555
Hartford,WI,43.3157,-88.3707
Hartford,WV,39.004,-81.989
Hartford City,IN,40.4541,-85.3758
Hartington,NE,42.6235,-97.2837
Hartland,ME,44.8782,-69.4718
Hartland,MI,42.6356,-83.7147
Hartland,MN,43.804,-93.477
Hartland,VT,43.5708,-72.4131
Hartland,WI,43.1172,-88.3446
Hartland Four Corners,VT,43.5465,-72.4245
Hartleton,PA,40.9005,-77.1558
Hartley,IA,43.18,-95.4817
Hartley,TX,35.8856,-102.3969
Hartline,WA,47.6115,-119.0841
Hartly,DE,39.1542,-75.6935
Hartman,AR,35.4436,-93.6142
Hartman,CO,38.1195,-102.2168
Harts,WV,38.0341,-82.1008
Hartsburg,IL,40.2451,-89.4519
Hartsburg,MO,38.7159,-92.2864
Hartsdale,NY,41.0197,-73.8074
Hartsel,CO,38.9673,-105.8788
Hartselle,AL,34.4482,-86.9242
Hartsfield,GA,31.2173,-83.9704
Hartshorn,MO,37.2843,-91.6834
Hartshorne,OK,34.8452,-95.574
Hartstown,PA,41.5509,-80.3813
Hartsville,IN,39.2676,-85.698
Hartsville,SC,34.37075,-80.1083
Hartsville,TN,36.3947,-86.1704
Hartville,MO,37.2735,-92.5181
Hartville,OH,40.9618,-81.3239
Hartville,WY,42.3334,-104.7296
Hartwell,GA,34.3571,-82.9296
Hartwick,IA,41.808,-92.3538
Hartwick,NY,42.695,-75.055
Hartwood,VA,38.3993,-77.5814
Harvard,ID,46.9376,-116.7025
Harvard,IL,42.4227,-88.6048
Harvard,MA,42.4986,-71.5753
Harvard,NE,40.6265,-98.0846
Harvel,IL,39.3719,-89.538
Harvest,AL,34.8273,-86.7499
Harvey,AR,34.8762,-93.764
Harvey,IA,41.303,-92.9318
Harvey,IL,41.6103,-87.6534
Harvey,LA,29.888,-90.0723
Harvey,ND,47.7035,-99.7478
Harveys Lake,PA,41.3592,-76.0451
Harveysburg,OH,39.5013,-84.0067
Harveyville,KS,38.79,-95.9617
Harviell,MO,36.6723,-90.5583
Harwich,MA,41.7008,-70.0579
Harwich Port,MA,41.6703,-70.0722
Harwick,PA,40.5574,-79.8051
Harwinton,CT,41.7701,-73.0728
Harwood,MD,38.8582,-76.6145
Harwood,MO,37.953,-94.1402
Harwood,ND,46.9565,-96.9654
Harwood,TX,29.6661,-97.4906
Harwood Heights,IL,41.9643,-87.8162
Hasbrouck Heights,NJ,40.8623,-74.0756
Haskell,NJ,41.0301,-74.2965
Haskell,OK,35.8108,-95.684
Haskell,TX,33.158,-99.7309
Haskins,OH,41.4667,-83.7055
Haslet,TX,32.9557,-97.3372
Haslett,MI,42.7531,-84.3989
Hassell,NC,35.9086,-77.2763
Hastings,FL,29.7051,-81.4909
Hastings,IA,41.0132,-95.5008
Hastings,MI,42.643,-85.2937
Hastings,MN,44.7129,-92.8637
Hastings,NE,40.58865,-98.39415
Hastings,NY,43.3527,-76.1477
Hastings,OK,34.2251,-98.1075
Hastings,PA,40.6659,-78.7029
Hastings On Hudson,NY,40.9878,-73.863
Hasty,AR,36.0152,-93.046
Hasty,CO,37.959,-103.015
Haswell,CO,38.4474,-103.1505
Hat Creek,CA,40.7677,-121.4637
Hatboro,PA,40.1785,-75.1072
Hatch,NM,32.6583,-107.159
Hatch,UT,37.6497,-112.4344
Hatchechubbee,AL,32.2845,-85.3029
Hatfield,AR,34.4877,-94.3714
Hatfield,IN,37.9036,-87.2499
Hatfield,MA,42.3844,-72.6167
Hatfield,MO,40.5219,-94.1691
Hatfield,PA,40.2778,-75.2975
Hathaway,MT,46.2761,-106.1967
Hathaway Pines,CA,38.1919,-120.3644
Hathorne,MA,42.5862,-70.9745
Hatley,WI,44.8256,-89.3777
Hatteras,NC,35.2193,-75.6902
Hattiesburg,MS,31.24955,-89.32513
Hattieville,AR,35.2907,-92.7783
Hatton,ND,47.638,-97.4325
Haubstadt,IN,38.1895,-87.5798
Haugan,MT,47.3833,-115.3996
Haugen,WI,45.6067,-91.7786
Haughton,LA,32.5507,-93.5657
Hauppauge,NY,40.8231,-73.1958
Hauula,HI,21.6139,-157.9157
Havana,AR,35.0832,-93.5955
Havana,FL,30.6092,-84.4143
Havana,IL,40.3,-90.061
Havana,KS,37.0917,-95.9414
Havana,ND,45.9644,-97.6094
Havelock,IA,42.8411,-94.7252
Havelock,NC,34.8968,-76.89
Haven,KS,37.8989,-97.7828
Havensville,KS,39.4942,-96.0769
Haverford,PA,40.0097,-75.3121
Haverhill,IA,41.9337,-92.9829
Haverhill,MA,42.77218,-71.097
Haverhill,NH,44.0394,-72.0573
Haverhill,OH,38.5848,-82.8321
Haverstraw,NY,41.1971,-73.969
Havertown,PA,39.9774,-75.3106
Haviland,KS,37.6096,-99.134
Haviland,OH,41.0329,-84.6139
Havre,MT,48.5561,-109.688
Havre De Grace,MD,39.5523,-76.1171
Haw River,NC,36.0915,-79.3642
Hawaii National Park,HI,19.5935,-155.438
Hawaiian Gardens,CA,33.8296,-118.073
Hawarden,IA,43.0013,-96.473
Hawesville,KY,37.8503,-86.7638
Hawi,HI,20.238,-155.838
Hawk Point,MO,38.9766,-91.1211
Hawk Run,PA,40.923,-78.2037
Hawk Springs,WY,41.7861,-104.2647
Hawkeye,IA,42.9487,-91.9578
Hawkins,TX,32.6439,-95.222
Hawkins,WI,45.5241,-90.7114
Hawkinsville,GA,32.2778,-83.4948
Hawks,MI,45.2975,-83.8542
Hawley,MN,46.9777,-96.4092
Hawley,PA,41.4787,-75.1978
Hawley,TX,32.6423,-99.9239
Hawleyville,CT,41.4276,-73.3551
Haworth,NJ,40.9608,-73.9874
Haworth,OK,33.785,-94.633
Hawthorn,PA,41.0178,-79.2799
Hawthorne,CA,33.91535,-118.35095
Hawthorne,FL,29.574,-82.1056
Hawthorne,NJ,40.95285,-74.15535
Hawthorne,NV,38.5347,-118.6411
Hawthorne,NY,41.1073,-73.796
Hawthorne,WI,46.503,-91.8607
Haxtun,CO,40.6406,-102.6052
Hay,WA,46.6973,-117.9417
Hay Springs,NE,42.6401,-102.6756
Hayden,AL,33.9534,-86.7455
Hayden,AZ,33.0041,-110.7868
Hayden,CO,40.4945,-107.2571
Hayden,ID,47.7989,-116.7423
Hayden,IN,38.9831,-85.7405
Haydenville,MA,42.3818,-72.7032
Haydenville,OH,39.4766,-82.3281
Hayes,LA,30.097,-92.9146
Hayes,SD,44.3703,-101.0215
Hayes,VA,37.2916,-76.4905
Hayes Center,NE,40.5173,-101.0252
Hayesville,IA,41.3363,-92.1784
Hayesville,NC,35.0417,-83.7867
Hayesville,OH,40.7731,-82.2624
Hayfield,MN,43.8923,-92.8175
Hayfork,CA,40.5504,-123.1634
Haymarket,VA,38.83975,-77.64045
Haynes,AR,34.8838,-90.7666
Haynesville,LA,32.9278,-93.0691
Haynesville,VA,37.9505,-76.6367
Hayneville,AL,32.1957,-86.655
Hays,KS,38.8782,-99.3348
Hays,MT,47.9892,-108.6943
Hays,NC,36.31,-81.1161
Haysi,VA,37.2206,-82.2853
Haysville,KS,37.5647,-97.3553
Hayti,MO,36.2337,-89.7495
Hayti,SD,44.6647,-97.2305
Hayward,CA,37.66177,-122.03207
Hayward,MN,43.6386,-93.2377
Hayward,WI,45.9552,-91.2783
Haywood,VA,38.4535,-78.2522
Haywood,WV,39.3812,-80.3359
Hazard,KY,37.2739,-83.1922
Hazard,NE,41.0934,-99.0719
Hazel,KY,36.5422,-88.3319
Hazel,SD,44.7572,-97.3083
Hazel Crest,IL,41.5738,-87.6849
Hazel Green,AL,34.9496,-86.5935
Hazel Green,KY,37.7981,-83.421
Hazel Green,WI,42.5359,-90.5118
Hazel Hurst,PA,41.7059,-78.5825
Hazel Park,MI,42.4608,-83.0982
Hazelhurst,WI,45.7745,-89.7478
Hazelton,ID,42.5955,-114.135
Hazelton,KS,37.0984,-98.4003
Hazelton,ND,46.4875,-100.2733
Hazelwood,MO,38.7809,-90.3669
Hazelwood,NC,35.4683,-83.0028
Hazen,AR,34.7838,-91.5767
Hazen,ND,47.3271,-101.6107
Hazlehurst,GA,31.8606,-82.5909
Hazlehurst,MS,31.8562,-90.4051
Hazlet,NJ,40.4226,-74.1799
Hazleton,IA,42.6076,-91.9105
Hazleton,IN,38.4623,-87.4983
Hazleton,PA,40.9497,-76.0025
Head Waters,VA,38.2946,-79.4353
Headland,AL,31.3534,-85.3323
Headrick,OK,34.6265,-99.139
Heafford Junction,WI,45.5472,-89.7154
Healdsburg,CA,38.6184,-122.862
Healdton,OK,34.229,-97.4889
Healy,AK,63.9171,-149.0111
Healy,KS,38.5664,-100.6159
Hearne,TX,30.8669,-96.5843
Heart Butte,MT,48.2777,-112.8456
Heartwell,NE,40.5716,-98.7851
Heaters,WV,38.7621,-80.6406
Heath,MA,42.6853,-72.8391
Heath,OH,40.0197,-82.3875
Heath Springs,SC,34.6024,-80.7103
Heathsville,VA,37.9072,-76.4178
Heavener,OK,34.8353,-94.6185
Hebbronville,TX,27.2997,-98.6829
Heber,AZ,34.41,-110.5883
Heber,CA,32.7218,-115.4383
Heber City,UT,40.4947,-111.4051
Heber Springs,AR,35.52275,-92.03025
Hebo,OR,45.1768,-123.846
Hebron,CT,41.6842,-72.3986
Hebron,IL,42.4642,-88.4176
Hebron,IN,41.3155,-87.2088
Hebron,KY,39.05225,-84.6601
Hebron,MD,38.4026,-75.6963
Hebron,ME,44.2021,-70.3754
Hebron,ND,46.8936,-102.0367
Hebron,NE,40.1728,-97.6052
Hebron,NH,43.7186,-71.827
Hebron,OH,39.9535,-82.4919
Hecker,IL,38.3044,-89.9935
Hecla,SD,45.8725,-98.1918
Hector,AR,35.5499,-92.9616
Hector,MN,44.7485,-94.7058
Hector,NY,42.4966,-76.8786
Hedgesville,WV,39.5214,-78.0912
Hedley,TX,34.8698,-100.6806
Hedrick,IA,41.1826,-92.3097
Heflin,AL,33.6115,-85.5885
Heflin,LA,32.447,-93.2852
Hegins,PA,40.6669,-76.4732
Heidelberg,MS,31.882,-88.9981
Heidenheimer,TX,31.0496,-97.4936
Heidrick,KY,36.8904,-83.8716
Heilwood,PA,40.6207,-78.9186
Heiskell,TN,36.115,-84.0438
Heislerville,NJ,39.224,-74.9942
Heisson,WA,45.8248,-122.4912
Helen,GA,34.6866,-83.7399
Helen,MD,38.3121,-76.6077
Helen,WV,37.6375,-81.3138
Helena,AL,33.2663,-86.902
Helena,AR,34.5325,-90.6298
Helena,MO,39.9295,-94.6465
Helena,MT,46.61971,-112.01725
Helena,NY,44.9217,-74.7068
Helena,OH,41.326,-83.3186
Helena,OK,36.5438,-98.2778
Helendale,CA,34.7499,-117.3367
Helenville,WI,43.009,-88.6726
Helenwood,TN,36.4329,-84.5381
Helix,OR,45.8665,-118.7222
Hellertown,PA,40.5817,-75.3255
Hellier,KY,37.2876,-82.4713
Helm,CA,36.5316,-120.0982
Helmetta,NJ,40.3777,-74.4204
Helmsburg,IN,39.1963,-86.2302
Helmville,MT,46.83,-112.9413
Helotes,TX,29.6321,-98.7542
Helper,UT,39.6737,-110.856
Helton,KY,36.954,-83.3907
Heltonville,IN,38.948,-86.3703
Helvetia,WV,38.7713,-80.1382
Hematite,MO,38.202,-90.481
Hemet,CA,33.74202,-116.97137
Hemingford,NE,42.3312,-103.0644
Hemingway,SC,33.7419,-79.4489
Hemlock,IN,40.4187,-86.0181
Hemlock,MI,43.4099,-84.2266
Hemlock,NY,42.78,-77.582
Hemphill,TX,31.3161,-93.7905
Hempstead,NY,40.70943,-73.613
Hempstead,TX,30.092,-96.0716
Henagar,AL,34.6186,-85.7274
Henderson,AR,36.4105,-92.1951
Henderson,CO,39.8983,-104.8718
Henderson,IA,41.1254,-95.4586
Henderson,IL,41.0276,-90.3575
Henderson,KY,37.8173,-87.58115
Henderson,MD,39.0672,-75.7948
Henderson,MI,43.1143,-84.2369
Henderson,MN,44.5344,-93.9345
Henderson,NC,36.34505,-78.39435
Henderson,NE,40.7814,-97.7979
Henderson,NV,35.99695,-115.02088
Henderson,NY,43.8467,-76.2352
Henderson,TN,35.4269,-88.6398
Henderson,TX,32.1641,-94.7772
Henderson,WV,38.8265,-82.1364
Henderson Harbor,NY,43.8708,-76.1809
Hendersonville,NC,35.3299,-82.48875
Hendersonville,PA,40.3018,-80.1543
Hendersonville,TN,36.30505,-86.61415
Hendley,NE,40.1063,-99.9715
Hendricks,MN,44.4995,-96.4078
Hendricks,WV,39.0748,-79.6303
Hendrix,OK,33.8016,-96.3581
Hendrum,MN,47.2689,-96.7987
Henefer,UT,41.0186,-111.5011
Henlawson,WV,37.9023,-81.9882
Henley,MO,38.3445,-92.3224
Hennepin,IL,41.2352,-89.3218
Hennepin,OK,34.4719,-97.3879
Hennessey,OK,36.0868,-97.8926
Henniker,NH,43.1791,-71.8159
Henning,IL,40.304,-87.7007
Henning,MN,46.3256,-95.3852
Henning,TN,35.6593,-89.6962
Henrico,NC,36.5274,-77.8546
Henrico,VA,37.49762,-77.41564
Henrietta,MO,39.2367,-93.9369
Henrietta,NC,35.2579,-81.7962
Henrietta,NY,43.0483,-77.6122
Henrietta,TX,33.8196,-98.26
Henriette,MN,45.8712,-93.1196
Henrieville,UT,37.5503,-111.9961
Henry,IL,41.1115,-89.3743
Henry,SD,44.8858,-97.4442
Henry,TN,36.2039,-88.4198
Henry,VA,36.8393,-79.9904
Henryetta,OK,35.4622,-96.0122
Henryville,IN,38.5398,-85.7734
Henryville,PA,41.0889,-75.2798
Hensel,ND,48.7203,-97.6993
Hensley,AR,34.5208,-92.2758
Hensley,WV,37.474,-81.6998
Hensonville,NY,42.2898,-74.2165
Hephzibah,GA,33.3433,-82.0887
Hepler,KS,37.6576,-94.9892
Heppner,OR,45.3486,-119.5369
Hepzibah,WV,39.3312,-80.3325
Herald,CA,38.3119,-121.1729
Herbster,WI,46.8213,-91.2332
Herculaneum,MO,38.2625,-90.3896
Hercules,CA,38.0066,-122.2637
Hereford,AZ,31.4035,-110.2047
Hereford,CO,40.9751,-104.3053
Hereford,OR,44.5304,-118.0293
Hereford,PA,40.4491,-75.5491
Hereford,TX,34.837,-102.405
Herington,KS,38.6767,-96.8941
Herkimer,NY,43.0307,-74.9876
Herlong,CA,40.1485,-120.1713
Herman,MN,45.8086,-96.1434
Herman,NE,41.6524,-96.2869
Herman,PA,40.8301,-79.8112
Hermann,MO,38.5876,-91.4991
Hermansville,MI,45.7149,-87.6227
Hermanville,MS,31.9564,-90.8446
Herminie,PA,40.2455,-79.7172
Hermiston,OR,45.845,-119.2849
Hermitage,AR,33.39,-92.156
Hermitage,MO,37.8969,-93.2979
Hermitage,PA,41.2326,-80.453
Hermitage,TN,36.1848,-86.6002
Hermleigh,TX,32.6294,-100.7547
Hermon,NY,44.4448,-75.1987
Hermosa,SD,43.8188,-103.206
Hermosa Beach,CA,33.8643,-118.3955
Hernandez,NM,36.0738,-106.1396
Hernando,FL,28.9267,-82.381
Hernando,MS,34.8096,-90.0095
Herndon,KS,39.9036,-100.8139
Herndon,KY,36.7085,-87.6082
Herndon,PA,40.6918,-76.8008
Herndon,VA,38.93602,-77.36426
Herndon,WV,37.5054,-81.3404
Hernshaw,WV,38.1942,-81.613
Herod,IL,37.5634,-88.44
Heron,MT,48.0537,-115.9407
Heron Lake,MN,43.7979,-95.3267
Herreid,SD,45.8452,-100.049
Herrick,IL,39.2245,-88.9812
Herrick,SD,43.1012,-99.2173
Herrick Center,PA,41.742,-75.4894
Herriman,UT,40.5144,-112.0325
Herrin,IL,37.8019,-89.0232
Herron,MI,45.0124,-83.6535
Herscher,IL,41.0464,-88.0858
Hersey,MI,43.8481,-85.4059
Hershey,NE,41.2102,-101.0392
Hershey,PA,40.2638,-76.6545
Hertel,WI,45.8076,-92.1404
Hertford,NC,36.17935,-76.4196
Hesperia,CA,34.42417,-117.33697
Hesperia,MI,43.5965,-86.0607
Hesperus,CO,37.1654,-108.1219
Hessel,MI,46.0217,-84.4284
Hessmer,LA,31.0534,-92.1399
Hesston,KS,38.136,-97.4495
Hesston,PA,40.4121,-78.1281
Hestand,KY,36.6535,-85.5698
Hester,LA,30.0206,-90.7814
Heth,AR,35.0973,-90.4586
Hettick,IL,39.3752,-90.0672
Hettinger,ND,46.0578,-102.7851
Heuvelton,NY,44.593,-75.4203
Hewett,WV,37.9581,-81.8509
Hewitt,MN,46.325,-95.0504
Hewitt,NJ,41.1709,-74.3686
Hewitt,TX,31.4582,-97.1966
Hewitt,WI,44.6437,-90.1031
Hewlett,NY,40.6404,-73.6957
Hext,TX,30.8816,-99.554
Heyburn,ID,42.5599,-113.7709
Heyworth,IL,40.3307,-88.9776
Hi Hat,KY,37.3994,-82.7292
Hialeah,FL,25.87553,-80.3042
Hiawassee,GA,34.9063,-83.7274
Hiawatha,IA,42.0425,-91.677
Hiawatha,KS,39.7914,-95.6004
Hiawatha,WV,37.4401,-81.244
Hibbing,MN,47.4214,-92.93665
Hibbs,PA,39.9317,-79.8825
Hibernia,NJ,40.944,-74.4927
Hickman,CA,37.6156,-120.7011
Hickman,KY,36.5593,-89.1947
Hickman,NE,40.6119,-96.6247
Hickman,TN,36.1197,-85.9023
Hickory,KY,36.8478,-88.6788
Hickory,MS,32.32,-89.0093
Hickory,NC,35.70863,-81.32577
Hickory,PA,40.2925,-80.3025
Hickory Corners,MI,42.4237,-85.3998
Hickory Flat,MS,34.6244,-89.1862
Hickory Grove,SC,34.9708,-81.4306
Hickory Hills,IL,41.7262,-87.8289
Hickory Plains,AR,34.9901,-91.7368
Hickory Ridge,AR,35.3995,-90.9823
Hickory Valley,TN,35.158,-89.1309
Hicksville,NY,40.76347,-73.54375
Hicksville,OH,41.3034,-84.7589
Hico,TX,31.9597,-98.0249
Hico,WV,38.1094,-80.9638
Hidalgo,IL,39.1228,-88.1397
Hidalgo,TX,26.1028,-98.2536
Hidden Valley,PA,40.046,-79.2585
Hidden Valley Lake,CA,38.8036,-122.5407
Hiddenite,NC,35.9504,-81.0487
Higbee,MO,39.3055,-92.5163
Higden,AR,35.5685,-92.1341
Higdon,AL,34.8391,-85.6196
Higganum,CT,41.4682,-72.5751
Higgins,TX,36.1365,-100.0952
Higgins Lake,MI,44.3871,-84.7013
Higginson,AR,35.1903,-91.7108
Higginsport,OH,38.7903,-83.9666
Higginsville,MO,39.0705,-93.7133
High Bridge,NJ,40.6684,-74.8937
High Bridge,WI,46.3796,-90.7383
High Falls,NY,41.8167,-74.1311
High Hill,MO,38.8902,-91.3715
High Island,TX,29.5472,-94.4267
High Point,MO,38.6749,-92.6109
High Point,NC,35.99973,-79.9978
High Ridge,MO,38.4728,-90.5281
High Rolls Mountain Park,NM,32.9396,-105.8189
High Shoals,GA,33.8013,-83.5164
High Shoals,NC,35.4041,-81.2029
High Springs,FL,29.82925,-82.6081
High View,WV,39.2225,-78.4425
Highfalls,NC,35.4921,-79.479
Highgate Center,VT,44.9404,-73.0155
Highgate Springs,VT,44.9748,-73.1052
Highland,CA,34.1283,-117.2087
Highland,IL,38.7631,-89.6789
Highland,IN,41.55,-87.4569
Highland,KS,39.8608,-95.2583
Highland,MD,39.1843,-76.9686
Highland,MI,42.66435,-83.61325
Highland,NY,41.7167,-73.9928
Highland,OH,39.3445,-83.5974
Highland,WI,43.0524,-90.365
Highland City,FL,27.9647,-81.8672
Highland Falls,NY,41.3582,-73.9746
Highland Home,AL,31.9283,-86.2971
Highland Lake,NY,41.5309,-74.8516
Highland Lakes,NJ,41.1826,-74.4564
Highland Mills,NY,41.3536,-74.1197
Highland Park,IL,42.1794,-87.8059
Highland Park,MI,42.4212,-83.1009
Highland Park,NJ,40.4991,-74.4266
Highlands,NC,35.0705,-83.216
Highlands,NJ,40.4037,-73.9915
Highlands,TX,29.8296,-95.0393
Highlandville,IA,43.4638,-91.6899
Highlandville,MO,36.9408,-93.268
Highmore,SD,44.5326,-99.4543
Highmount,NY,42.1443,-74.4899
Highspire,PA,40.2083,-76.7853
Hightstown,NJ,40.2669,-74.525
Highwood,IL,42.2035,-87.8141
Highwood,MT,47.5816,-110.7887
Higley,AZ,33.3024,-111.6969
Hiko,NV,37.5926,-115.2262
Hiland,WY,43.1153,-107.3436
Hilbert,WI,44.1271,-88.207
Hilda,SC,33.2735,-81.247
Hildale,UT,37.0044,-112.9784
Hildebran,NC,35.718,-81.4194
Hildreth,NE,40.3217,-99.0571
Hilger,MT,47.2539,-109.3599
Hilham,TN,36.4227,-85.4464
Hill,NH,43.5274,-71.7292
Hill Afb,UT,41.1202,-111.9898
Hill City,ID,43.3005,-115.0512
Hill City,KS,39.3566,-99.8429
Hill City,MN,46.9968,-93.5994
Hill City,SD,43.9377,-103.5782
Hillburn,NY,41.124,-74.1702
Hiller,PA,40.012,-79.9088
Hilliard,FL,30.6884,-81.9345
Hilliard,OH,40.0322,-83.1383
Hilliards,PA,41.1009,-79.8215
Hillister,TX,30.675,-94.3534
Hillman,MI,45.0691,-83.9468
Hillman,MN,46.0678,-93.8812
Hillpoint,WI,43.3951,-90.1588
Hillrose,CO,40.3459,-103.5057
Hills,IA,41.5557,-91.5308
Hills,MN,43.5335,-96.3645
Hillsboro,AL,34.6476,-87.1804
Hillsboro,GA,33.1421,-83.6404
Hillsboro,IA,40.8372,-91.7119
Hillsboro,IL,39.1494,-89.4881
Hillsboro,IN,40.0835,-87.1545
Hillsboro,KS,38.3449,-97.2122
Hillsboro,KY,38.2929,-83.6697
Hillsboro,MD,38.9206,-75.9388
Hillsboro,MO,38.2586,-90.5782
Hillsboro,MS,32.4706,-89.5171
Hillsboro,ND,47.3835,-97.0603
Hillsboro,NM,32.9239,-107.6276
Hillsboro,OH,39.1679,-83.6064
Hillsboro,OR,45.52527,-122.9614
Hillsboro,TN,35.3699,-85.9724
Hillsboro,TX,32.0149,-97.1198
Hillsboro,WI,43.5966,-90.4266
Hillsboro,WV,38.1109,-80.2641
Hillsborough,NC,36.0756,-79.0914
Hillsborough,NH,43.1141,-71.8992
Hillsborough,NJ,40.4775,-74.6272
Hillsdale,IL,41.5929,-90.2263
Hillsdale,IN,39.7712,-87.4041
Hillsdale,KS,38.6581,-94.8521
Hillsdale,MI,41.924,-84.6208
Hillsdale,NJ,41.0069,-74.0426
Hillsdale,NY,42.1868,-73.5483
Hillsdale,OK,36.5631,-97.9915
Hillsdale,PA,40.7517,-78.885
Hillsdale,WY,41.2136,-104.4933
Hillsgrove,PA,41.4482,-76.6979
Hillside,CO,38.2653,-105.6117
Hillside,IL,41.8725,-87.9016
Hillside,NJ,40.6968,-74.2281
Hillsville,PA,41.0113,-80.4975
Hillsville,VA,36.7442,-80.7197
Hilltop,WV,37.9429,-81.1509
Hilltown,PA,40.3235,-75.2548
Hillview,IL,39.4674,-90.5128
Hillview,KY,38.0764,-85.6774
Hilmar,CA,37.4002,-120.8723
Hilo,HI,19.7162,-155.0923
Hilton,NY,43.2923,-77.7905
Hilton Head Island,SC,32.2445,-80.7413
Hiltons,VA,36.6498,-82.4299
Hima,KY,37.1206,-83.7783
Himrod,NY,42.5945,-76.9508
Hinckley,IL,41.7691,-88.6448
Hinckley,ME,44.6847,-69.6425
Hinckley,MN,46.0189,-92.8993
Hinckley,NY,43.3126,-75.1169
Hinckley,OH,41.2419,-81.7453
Hinckley,UT,39.3308,-112.6716
Hindman,KY,37.3359,-82.9804
Hindsboro,IL,39.7018,-88.1486
Hindsville,AR,36.1422,-93.8633
Hines,IL,41.8623,-87.8355
Hines,MN,47.7324,-94.6477
Hines,OR,43.5558,-119.0816
Hinesburg,VT,44.3346,-73.098
Hineston,LA,31.1669,-92.7375
Hinesville,GA,31.82905,-81.52215
Hingham,MA,42.23315,-70.89045
Hingham,MT,48.587,-110.4275
Hingham,WI,43.6394,-87.9157
Hinkle,KY,36.9362,-83.8045
Hinkley,CA,34.9279,-117.1809
Hinsdale,IL,41.8199,-88.0087
Hinsdale,MA,42.4298,-73.0724
Hinsdale,MT,48.4007,-107.0098
Hinsdale,NH,42.8027,-72.5015
Hinsdale,NY,42.1979,-78.4159
Hinton,IA,42.604,-96.305
Hinton,OK,35.4675,-98.3313
Hinton,VA,38.5689,-79.0885
Hinton,WV,37.664,-80.8678
Hiram,GA,33.8673,-84.7699
Hiram,ME,43.8622,-70.8531
Hiram,OH,41.3323,-81.1464
Hiseville,KY,37.0988,-85.8165
Hitchcock,OK,35.9712,-98.3315
Hitchcock,SD,44.5834,-98.4509
Hitchcock,TX,29.3398,-94.9926
Hitchins,KY,38.2766,-82.8982
Hitchita,OK,35.5297,-95.7596
Hitterdal,MN,47.0014,-96.2888
Hiwasse,AR,36.4416,-94.339
Hiwassee,VA,36.9756,-80.6695
Hixson,TN,35.1591,-85.2182
Hixton,WI,44.4038,-91.0442
Ho Ho Kus,NJ,41.0004,-74.1025
Hoagland,IN,40.9524,-85.0075
Hobart,IN,41.5263,-87.2525
Hobart,NY,42.3594,-74.6759
Hobart,OK,35.0255,-99.0944
Hobart,WA,47.4218,-121.9729
Hobbs,IN,40.2836,-85.9475
Hobbs,NM,32.7457,-103.1621
Hobbsville,NC,36.3543,-76.6178
Hobe Sound,FL,27.0704,-80.14365
Hobgood,NC,36.0594,-77.4061
Hoboken,GA,31.1431,-82.1207
Hoboken,NJ,40.7445,-74.0329
Hobson,MT,46.9968,-109.8756
Hobson,TX,28.9445,-97.9707
Hobucken,NC,35.2518,-76.5696
Hochheim,TX,29.3125,-97.2917
Hockessin,DE,39.776,-75.6889
Hockingport,OH,39.1979,-81.7446
Hockley,TX,30.0729,-95.8104
Hodge,LA,32.2768,-92.7235
Hodgen,OK,34.7538,-94.6391
Hodgenville,KY,37.5746,-85.7232
Hodges,AL,34.3417,-87.959
Hodges,SC,34.2879,-82.22925
Hoehne,CO,37.2796,-104.3584
Hoffman,IL,38.5408,-89.2661
Hoffman,MN,45.8233,-95.7955
Hoffman,NC,35.0326,-79.56
Hoffman Estates,IL,42.05713,-88.13667
Hoffmeister,NY,43.3915,-74.74
Hogansburg,NY,44.9825,-74.6626
Hogansville,GA,33.1644,-84.9309
Hogeland,MT,48.8571,-108.6677
Hohenwald,TN,35.5266,-87.4891
Hoisington,KS,38.4789,-98.7565
Hokah,MN,43.7509,-91.3455
Holabird,SD,44.5173,-99.5943
Holbrook,AZ,34.9085,-110.1434
Holbrook,ID,42.1619,-112.6539
Holbrook,MA,42.1464,-71.0083
Holbrook,NE,40.3019,-100.0136
Holbrook,NY,40.7964,-73.0718
Holbrook,PA,39.8489,-80.3385
Holcomb,IL,42.0647,-89.0957
Holcomb,KS,37.9931,-100.9893
Holcomb,MO,36.3885,-90.0208
Holcomb,MS,33.7551,-90.0333
Holcombe,WI,45.2513,-91.133
Holden,LA,30.5556,-90.6652
Holden,MA,42.342,-71.8414
Holden,ME,44.7208,-68.6165
Holden,MO,38.7186,-93.9856
Holden,UT,39.0964,-112.2834
Holden,WV,37.83,-82.0585
Holdenville,OK,35.0839,-96.377
Holder,FL,28.9669,-82.4207
Holderness,NH,43.7378,-71.6044
Holdingford,MN,45.7249,-94.4581
Holdrege,NE,40.4475,-99.3672
Holgate,OH,41.2549,-84.1447
Holicong,PA,40.336,-75.0429
Holiday,FL,28.1902,-82.7395
Holladay,TN,35.8951,-88.0912
Holland,IA,42.4011,-92.7999
Holland,IN,38.2456,-87.0361
Holland,KY,36.6673,-86.0498
Holland,MA,42.0403,-72.1544
Holland,MI,42.79007,-86.12263
Holland,MN,44.0759,-96.1903
Holland,MO,36.0559,-89.8709
Holland,NY,42.6396,-78.5439
Holland,OH,41.6226,-83.7257
Holland,TX,30.88,-97.3857
Holland Patent,NY,43.2484,-75.2535
Hollandale,MN,43.7608,-93.2041
Hollandale,MS,33.149,-90.9041
Hollandale,WI,42.8773,-89.913
Hollansburg,OH,39.9899,-84.7901
Hollenberg,KS,39.96,-96.9735
Holley,NY,43.2159,-78.0731
Holliday,MO,39.4904,-92.1318
Holliday,TX,33.8162,-98.6951
Hollidaysburg,PA,40.4387,-78.3686
Hollins,AL,33.1162,-86.1386
Hollis,NH,42.7485,-71.5772
Hollis,NY,40.7142,-73.7677
Hollis,OK,34.6953,-99.9177
Hollis Center,ME,43.5946,-70.6051
Hollister,CA,36.84615,-121.37105
Hollister,FL,29.6227,-81.8137
Hollister,MO,36.6143,-93.2224
Hollister,NC,36.259,-77.9319
Hollister,OK,34.3525,-98.8814
Holliston,MA,42.2026,-71.4361
Holloman Air Force Base,NM,32.8366,-106.0774
Hollow Rock,TN,36.0381,-88.2737
Holloway,MN,45.2708,-95.9164
Holloway,OH,40.1623,-81.1326
Hollowville,NY,42.2054,-73.6912
Hollsopple,PA,40.2343,-78.9515
Holly,CO,38.0205,-102.1415
Holly,MI,42.7905,-83.6127
Holly Bluff,MS,32.8415,-90.7231
Holly Grove,AR,34.5993,-91.1844
Holly Hill,SC,33.3276,-80.4024
Holly Pond,AL,34.1901,-86.6174
Holly Ridge,NC,34.4954,-77.555
Holly Springs,GA,34.174,-84.5013
Holly Springs,MS,34.75735,-89.4692
Holly Springs,NC,35.6263,-78.8458
Hollytree,AL,34.7955,-86.2743
Hollywood,AL,34.7304,-85.9532
Hollywood,FL,26.0089,-80.21707
Hollywood,MD,38.3524,-76.5626
Hollywood,SC,32.7105,-80.2744
Holman,NM,36.0384,-105.3836
Holmdel,NJ,40.3859,-74.174
Holmen,WI,43.9761,-91.2497
Holmes,NY,41.5325,-73.6628
Holmes,PA,39.89785,-75.3097
Holmes Beach,FL,27.4995,-82.7099
Holmes City,MN,45.831,-95.5416
Holmes Mill,KY,36.8757,-82.9943
Holmesville,OH,40.633,-81.9275
Holstein,IA,42.4948,-95.565
Holstein,NE,40.4542,-98.6538
Holt,CA,37.9344,-121.4261
Holt,FL,30.7416,-86.7198
Holt,MI,42.6394,-84.5242
Holt,MO,39.4289,-94.3689
Holton,IN,39.0498,-85.3739
Holton,KS,39.4436,-95.7525
Holton,MI,43.4415,-86.1509
Holts Summit,MO,38.6328,-92.1163
Holtsville,NY,40.81377,-73.04393
Holtville,CA,32.8104,-115.3775
Holtwood,PA,39.8631,-76.3008
Holualoa,HI,19.6103,-155.9176
Holy City,CA,37.1584,-121.986
Holy Cross,AK,62.1926,-159.8251
Holy Cross,IA,42.5808,-90.973
Holy Trinity,AL,32.2298,-85.0082
Holyoke,CO,40.5825,-102.2825
Holyoke,MA,42.20315,-72.6212
Holyoke,MN,46.4664,-92.375
Holyrood,KS,38.59,-98.4159
Home,KS,39.8488,-96.5063
Home,PA,40.7834,-79.1641
Homedale,ID,43.6138,-116.9472
Homelake,CO,37.5756,-106.097
Homeland,CA,33.7453,-117.1118
Homeland,FL,27.8178,-81.8245
Homer,AK,59.5374,-151.2356
Homer,GA,34.3563,-83.4974
Homer,IL,40.0346,-87.9627
Homer,IN,39.5781,-85.578
Homer,LA,32.7749,-93.0288
Homer,MI,42.1416,-84.8157
Homer,MN,44.02,-91.6819
Homer,NE,42.3322,-96.4656
Homer,NY,42.6726,-76.1878
Homer,OH,40.2528,-82.5177
Homer City,PA,40.5245,-79.0843
Homer Glen,IL,41.6028,-87.9599
Homerville,GA,31.0509,-82.7613
Homerville,OH,41.0267,-82.125
Homestead,FL,25.48784,-80.46879
Homestead,IA,41.7339,-91.8795
Homestead,MT,48.435,-104.4389
Homestead,PA,40.3926,-79.9052
Hometown,IL,41.7311,-87.7315
Hometown,WV,38.5329,-81.8612
Homewood,CA,39.0786,-120.1734
Homewood,IL,41.5556,-87.6616
Homeworth,OH,40.8301,-81.0333
Hominy,OK,36.4111,-96.3878
Homosassa,FL,28.7734,-82.56567
Homosassa Springs,FL,28.8049,-82.5743
Honaker,VA,37.0395,-82.0246
Honaunau,HI,19.4273,-155.9133
Hondo,NM,33.3876,-105.2708
Hondo,TX,29.3475,-99.1414
Honea Path,SC,34.4417,-82.4255
Honeoye,NY,42.7901,-77.5169
Honeoye Falls,NY,42.9695,-77.5781
Honesdale,PA,41.5792,-75.2528
Honey Brook,PA,40.0832,-75.8843
Honey Creek,IA,41.463,-95.8802
Honey Creek,WI,42.7483,-88.3079
Honey Grove,PA,40.4309,-77.5761
Honey Grove,TX,33.5985,-95.9109
Honeydew,CA,40.2421,-124.0972
Honeyville,UT,41.652,-112.105
Honobia,OK,34.5519,-94.9428
Honokaa,HI,20.0827,-155.488
Honolulu,HI,21.31048,-157.84309
Honomu,HI,19.8728,-155.1177
Honor,MI,44.6954,-86.0376
Honoraville,AL,31.8784,-86.3981
Hood,CA,38.3702,-121.5143
Hood,VA,38.3549,-78.3828
Hood River,OR,45.6711,-121.5391
Hoodsport,WA,47.4235,-123.1739
Hooker,OK,36.8109,-101.2163
Hookerton,NC,35.438,-77.5656
Hooks,TX,33.5253,-94.2657
Hooksett,NH,43.0617,-71.4444
Hookstown,PA,40.5622,-80.4388
Hoolehua,HI,21.173,-157.0791
Hoonah,AK,58.0977,-135.4316
Hoopa,CA,41.0504,-123.6742
Hooper,CO,37.7232,-105.8712
Hooper,NE,41.6414,-96.5232
Hooper,UT,41.1668,-112.1364
Hooper,WA,46.7543,-118.148
Hooper Bay,AK,61.527,-166.1151
Hoopeston,IL,40.4639,-87.6662
Hoople,ND,48.5198,-97.6183
Hooppole,IL,41.522,-89.9122
Hoosick,NY,42.8667,-73.3181
Hoosick Falls,NY,42.8937,-73.3581
Hooven,OH,39.1773,-84.7627
Hooversville,PA,40.1488,-78.9141
Hop Bottom,PA,41.6932,-75.7897
Hopatcong,NJ,40.939,-74.6616
Hope,AK,60.8726,-149.4683
Hope,AR,33.67035,-93.5992
Hope,ID,48.2444,-116.2795
Hope,IN,39.3039,-85.7714
Hope,KS,38.6776,-97.1061
Hope,KY,38.0161,-83.7713
Hope,ME,44.2589,-69.1467
Hope,MI,43.7882,-84.3296
Hope,MN,43.9619,-93.276
Hope,ND,47.3237,-97.7134
Hope,NJ,40.9197,-74.9846
Hope,NM,32.8156,-104.7299
Hope,RI,41.7516,-71.5612
Hope Hull,AL,32.2243,-86.3932
Hope Mills,NC,34.9536,-78.9354
Hope Valley,RI,41.5096,-71.7339
Hopedale,IL,40.4273,-89.4214
Hopedale,MA,42.1268,-71.5376
Hopedale,OH,40.3496,-80.9021
Hopeland,PA,40.2339,-76.2607
Hopeton,OK,36.6881,-98.6659
Hopewell,NJ,40.3902,-74.771
Hopewell,OH,39.9601,-82.1756
Hopewell,PA,40.1192,-78.3129
Hopewell,VA,37.2876,-77.295
Hopewell Junction,NY,41.5603,-73.7939
Hopkins,MI,42.6421,-85.7322
Hopkins,MN,44.9334,-93.44265
Hopkins,MO,40.5483,-94.8189
Hopkins,SC,33.9349,-80.8449
Hopkins Park,IL,41.0634,-87.625
Hopkinsville,KY,36.86385,-87.48815
Hopkinton,IA,42.3422,-91.2461
Hopkinton,MA,42.219,-71.5302
Hopkinton,RI,41.4751,-71.7726
Hopland,CA,38.938,-123.0703
Hopwood,PA,39.8728,-79.6568
Hoquiam,WA,46.9823,-123.8842
Horace,ND,46.7101,-96.8851
Horatio,AR,33.9392,-94.2959
Horatio,SC,34.0213,-80.5659
Hordville,NE,41.0813,-97.8881
Horicon,WI,43.4469,-88.631
Horn Lake,MS,34.9519,-90.0507
Hornbeak,TN,36.3596,-89.3056
Hornbeck,LA,31.3226,-93.3683
Hornbrook,CA,41.9077,-122.5265
Hornell,NY,42.3274,-77.6569
Horner,WV,38.9726,-80.3656
Hornersville,MO,36.0627,-90.0816
Hornick,IA,42.2897,-96.0796
Hornitos,CA,37.4676,-120.2793
Hornsby,TN,35.2197,-88.8263
Horntown,VA,37.9699,-75.4716
Horse Branch,KY,37.4234,-86.6987
Horse Cave,KY,37.1849,-85.8785
Horse Creek,WY,41.4353,-105.1417
Horse Shoe,NC,35.3432,-82.5565
Horseheads,NY,42.1805,-76.8345
Horsepen,VA,37.1355,-81.5634
Horseshoe Bay,TX,30.5443,-98.3739
Horseshoe Beach,FL,29.4869,-83.2616
Horseshoe Bend,AR,36.2025,-91.7553
Horseshoe Bend,ID,43.9229,-116.1809
Horsham,PA,40.1821,-75.1479
Hortense,GA,31.3199,-81.9596
Horton,AL,34.19,-86.3173
Horton,KS,39.6789,-95.5299
Horton,MI,42.1191,-84.4976
Hortonville,NY,41.7629,-75.0306
Hortonville,WI,44.3273,-88.6281
Hoschton,GA,34.0866,-83.7803
Hosford,FL,30.3639,-84.8054
Hoskins,NE,42.1408,-97.3084
Hoskinston,KY,37.0773,-83.3916
Hosmer,SD,45.569,-99.4857
Hospers,IA,43.0793,-95.9142
Hosston,LA,32.8967,-93.8834
Hostetter,PA,40.2662,-79.3984
Hot Springs,MT,47.5914,-114.6597
Hot Springs,NC,35.8082,-82.9005
Hot Springs,SD,43.4223,-103.4766
Hot Springs,VA,37.9638,-79.8717
Hot Springs National Park,AR,34.547,-93.03796
Hot Springs Village,AR,34.6602,-92.9909
Hot Sulphur Springs,CO,40.0712,-106.0693
Hotchkiss,CO,38.8124,-107.7472
Hotevilla,AZ,35.9278,-110.6729
Houck,AZ,35.2831,-109.207
Houghton,IA,40.77,-91.6138
Houghton,MI,47.1158,-88.558
Houghton,NY,42.4228,-78.2063
Houghton,SD,45.7967,-98.0952
Houghton Lake,MI,44.3147,-84.7647
Houghton Lake Heights,MI,44.3275,-84.7745
Houlka,MS,34.0561,-89.0531
Houlton,ME,46.1189,-67.863
Houlton,WI,45.0655,-92.7572
Houma,LA,29.59502,-90.7232
Housatonic,MA,42.2653,-73.3745
House,NM,34.6952,-103.9203
House Springs,MO,38.4131,-90.5575
Houston,AK,61.6303,-149.8181
Houston,AL,34.118,-87.2618
Houston,AR,35.0362,-92.6913
Houston,DE,38.9114,-75.5064
Houston,MN,43.7929,-91.5626
Houston,MO,37.3218,-91.953
Houston,MS,33.9026,-88.967
Houston,OH,40.2535,-84.3521
Houston,PA,40.2425,-80.2209
Houston,TX,29.79795,-95.41909
Houstonia,MO,38.9106,-93.3325
Houtzdale,PA,40.8278,-78.35645
Hoven,SD,45.2278,-99.7763
Hovland,MN,47.8342,-90.0476
Howard,CO,38.41,-105.7698
Howard,GA,32.596,-84.3844
Howard,KS,37.4809,-96.2563
Howard,OH,40.4158,-82.3334
Howard,PA,41.0203,-77.6702
Howard,SD,44.0371,-97.5603
Howard Beach,NY,40.6588,-73.8438
Howard City,MI,43.4083,-85.4856
Howard Lake,MN,45.0612,-94.0714
Howardsville,VA,37.7511,-78.6313
Howe,ID,43.9087,-113.0878
Howe,IN,41.7286,-85.4727
Howe,OK,34.9512,-94.6372
Howe,TX,33.5311,-96.6777
Howell,MI,42.6355,-83.91667
Howell,NJ,40.1481,-74.2137
Howell,UT,41.7733,-112.3968
Howells,NE,41.725,-97.0028
Howells,NY,41.4795,-74.4652
Howes,SD,44.5838,-102.0229
Howes Cave,NY,42.7045,-74.3648
Howey In The Hills,FL,28.6971,-81.7976
Howland,ME,45.2456,-68.6666
Hoxie,AR,36.0326,-90.9715
Hoxie,KS,39.3322,-100.4758
Hoyleton,IL,38.4455,-89.3069
Hoyt,KS,39.2552,-95.6867
Hoyt,OK,35.2685,-95.2994
Hoyt Lakes,MN,47.515,-92.14
Hoytville,OH,41.1872,-83.7847
Huachuca City,AZ,31.6639,-110.3334
Hualapai,AZ,35.3972,-113.8432
Hubbard,IA,42.3022,-93.2939
Hubbard,NE,42.3576,-96.6031
Hubbard,OH,41.1624,-80.5762
Hubbard,OR,45.1823,-122.8079
Hubbard,TX,31.8436,-96.8
Hubbard Lake,MI,44.8947,-83.6059
Hubbardston,MA,42.4865,-72.0012
Hubbardston,MI,43.0923,-84.8422
Hubbardsville,NY,42.8237,-75.4367
Hubbell,MI,47.1733,-88.4293
Hubbell,NE,40.0456,-97.4735
Hubert,NC,34.6993,-77.2079
Hubertus,WI,43.2343,-88.2311
Huddleston,VA,37.1442,-79.491
Huddy,KY,37.5964,-82.2797
Hudgins,VA,37.4766,-76.3089
Hudson,CO,40.0606,-104.6532
Hudson,FL,28.35993,-82.66597
Hudson,IA,42.3905,-92.4549
Hudson,IL,40.6205,-88.9759
Hudson,IN,41.5328,-85.0811
Hudson,KS,38.1485,-98.6408
Hudson,KY,37.6506,-86.3012
Hudson,MA,42.3918,-71.5609
Hudson,ME,44.9914,-68.8878
Hudson,MI,41.8581,-84.338
Hudson,NC,35.8403,-81.4897
Hudson,NH,42.769,-71.4121
Hudson,NY,42.247,-73.7552
Hudson,OH,41.18725,-81.48835
Hudson,SD,43.1284,-96.5306
Hudson,WI,44.9842,-92.7271
Hudson,WY,42.9061,-108.5834
Hudson Falls,NY,43.3149,-73.5746
Hudsonville,MI,42.8748,-85.8751
Huey,IL,38.6018,-89.2915
Hueysville,KY,37.5087,-82.8518
Huffman,TX,30.0565,-95.1051
Hufsmith,TX,30.1222,-95.5966
Huger,SC,33.0439,-79.7841
Huggins,MO,37.3538,-92.2153
Hughes,AK,66.0382,-154.2644
Hughes,AR,34.9454,-90.4741
Hughes Springs,TX,33.0168,-94.6228
Hugheston,WV,38.2095,-81.3726
Hughesville,MD,38.5207,-76.7817
Hughesville,MO,38.8494,-93.2159
Hughesville,PA,41.256,-76.7141
Hughson,CA,37.5964,-120.8627
Hughsonville,NY,41.5824,-73.9363
Hugo,CO,39.0843,-103.499
Hugo,MN,45.1824,-92.9452
Hugo,OK,34.0113,-95.5139
Hugoton,KS,37.1682,-101.3346
Huguenot,NY,41.4179,-74.631
Hulbert,MI,46.3908,-85.1764
Hulbert,OK,35.9254,-95.1651
Hulen,KY,36.7714,-83.5551
Hulett,WY,44.7352,-104.6174
Huletts Landing,NY,43.6392,-73.5071
Hull,GA,34.0478,-83.311
Hull,IA,43.1952,-96.1392
Hull,IL,39.7186,-91.2338
Hull,MA,42.2853,-70.8754
Hull,TX,30.1463,-94.6424
Hulls Cove,ME,44.4192,-68.2506
Humansville,MO,37.7923,-93.5795
Humarock,MA,42.1428,-70.6935
Humbird,WI,44.5367,-90.8883
Humble,TX,29.98945,-95.24492
Humboldt,AZ,34.5009,-112.2374
Humboldt,IA,42.7196,-94.2132
Humboldt,IL,39.6012,-88.3141
Humboldt,KS,37.8045,-95.422
Humboldt,MN,48.9211,-97.0934
Humboldt,NE,40.1566,-95.9311
Humboldt,SD,43.612,-97.0697
Humboldt,TN,35.837,-88.9057
Hume,CA,36.7515,-118.9575
Hume,IL,39.8009,-87.8747
Hume,MO,38.09,-94.5838
Hume,NY,42.4777,-78.1403
Hume,VA,38.8273,-77.9949
Humeston,IA,40.8469,-93.5101
Hummels Wharf,PA,40.8344,-76.8354
Hummelstown,PA,40.2782,-76.7094
Humnoke,AR,34.4857,-91.7624
Humphrey,AR,34.4034,-91.679
Humphrey,NE,41.6702,-97.4986
Humphreys,MO,40.1144,-93.3015
Humptulips,WA,47.3429,-123.9291
Hundred,WV,39.6917,-80.4746
Hungerford,TX,29.4137,-96.0929
Hungry Horse,MT,48.3858,-114.061
Hunker,PA,40.2149,-79.5824
Hunlock Creek,PA,41.2459,-76.0879
Hunnewell,MO,39.7018,-91.8832
Hunt,NY,42.5388,-77.9818
Hunt,TX,30.0027,-99.4823
Hunt Valley,MD,39.4844,-76.65455
Hunter,AR,35.0529,-91.1262
Hunter,KS,39.243,-98.4017
Hunter,ND,47.1905,-97.217
Hunter,NY,42.2333,-74.2416
Hunter,OK,36.5603,-97.6425
Hunters,WA,48.1333,-118.1525
Huntersville,NC,35.4059,-80.8562
Huntertown,IN,41.2391,-85.1677
Huntingburg,IN,38.2979,-86.9533
Huntingdon,PA,40.49355,-78.00765
Huntingdon,TN,36.0062,-88.4202
Huntingdon Valley,PA,40.1284,-75.0607
Huntington,AR,35.0963,-94.3313
Huntington,IN,40.8811,-85.5054
Huntington,MA,42.2653,-72.8733
Huntington,NY,40.8676,-73.4102
Huntington,OR,44.3811,-117.3097
Huntington,TX,31.2837,-94.5662
Huntington,UT,39.3266,-110.9646
Huntington,VT,44.3227,-72.9964
Huntington,WV,38.41474,-82.34175
Huntington Beach,CA,33.69223,-118.00085
Huntington Mills,PA,41.1906,-76.2335
Huntington Park,CA,33.9769,-118.2161
Huntington Station,NY,40.8143,-73.3634
Huntington Woods,MI,42.4825,-83.1749
Huntingtown,MD,38.6095,-76.6003
Huntland,TN,35.0512,-86.2694
Huntley,IL,42.1756,-88.4268
Huntley,MN,43.7316,-94.2375
Huntley,MT,45.8905,-108.285
Huntley,WY,41.9327,-104.1461
Huntly,VA,38.8129,-78.1165
Huntsburg,OH,41.5384,-81.0734
Huntsville,AL,34.72452,-86.57877
Huntsville,AR,36.1043,-93.7279
Huntsville,IL,40.1544,-90.8531
Huntsville,MO,39.4354,-92.553
Huntsville,OH,40.4413,-83.7927
Huntsville,TN,36.3983,-84.4288
Huntsville,TX,30.73516,-95.56576
Huntsville,UT,41.2721,-111.7618
Hurdland,MO,40.1609,-92.2791
Hurdle Mills,NC,36.2518,-79.0827
Hurdsfield,ND,47.4387,-99.9416
Hurlburt Field,FL,30.4229,-86.6985
Hurley,MO,36.9305,-93.4965
Hurley,MS,30.7132,-88.5197
Hurley,NM,32.648,-108.1516
Hurley,NY,41.9327,-74.0687
Hurley,SD,43.2893,-97.1904
Hurley,VA,37.4017,-82.0262
Hurley,WI,46.4448,-90.1975
Hurleyville,NY,41.7356,-74.6743
Hurlock,MD,38.6438,-75.863
Huron,CA,36.2371,-120.102
Huron,IN,38.7222,-86.671
Huron,OH,41.3757,-82.5386
Huron,SD,44.36115,-98.2153
Huron,TN,35.6144,-88.5195
Hurricane,UT,37.1454,-113.3675
Hurricane,WV,38.4257,-81.9943
Hurricane Mills,TN,35.924,-87.8105
Hurst,IL,37.8366,-89.1424
Hurst,TX,32.83845,-97.17555
Hurt,VA,37.0798,-79.3
Hurtsboro,AL,32.2454,-85.3959
Huslia,AK,65.6899,-156.292
Huson,MT,47.066,-114.4219
Husser,LA,30.692,-90.339
Hustisford,WI,43.3305,-88.603
Hustle,VA,38.0329,-77.0633
Hustler,WI,43.8801,-90.2729
Huston,ID,43.6027,-116.7903
Hustontown,PA,40.0441,-78.0148
Hustonville,KY,37.4595,-84.8528
Husum,WA,45.8076,-121.4877
Hutchins,TX,32.6396,-96.707
Hutchinson,KS,38.04127,-97.97023
Hutchinson,MN,44.8946,-94.3847
Hutchinson,PA,40.2251,-79.7328
Hutsonville,IL,39.1064,-87.6695
Huttig,AR,33.0459,-92.1942
Hutto,TX,30.5257,-97.5672
Huttonsville,WV,38.6784,-79.9775
Huxford,AL,31.2202,-87.4619
Huxley,IA,41.8994,-93.6024
Hyampom,CA,40.6137,-123.4488
Hyannis,MA,41.6601,-70.2967
Hyannis,NE,42.007,-101.7483
Hyannis Port,MA,41.635,-70.3063
Hyattsville,MD,38.9637,-76.9395
Hyattville,WY,44.2507,-107.6053
Hydaburg,AK,55.2087,-132.8259
Hyde,PA,41.003,-78.4642
Hyde Park,MA,42.254,-71.1261
Hyde Park,NY,41.7887,-73.9063
Hyde Park,PA,40.6311,-79.5899
Hyde Park,UT,41.8,-111.8123
Hyde Park,VT,44.6225,-72.595
Hyden,KY,37.1877,-83.4169
Hyder,AK,55.9169,-130.0247
Hydes,MD,39.474,-76.4695
Hydesville,CA,40.5485,-124.0847
Hydetown,PA,41.6526,-79.727
Hydeville,VT,43.5994,-73.251
Hydro,OK,35.452,-98.5604
Hye,TX,30.2269,-98.5396
Hygiene,CO,40.1815,-105.2327
Hymera,IN,39.1833,-87.2994
Hyndman,PA,39.8049,-78.7335
Hyrum,UT,41.6311,-111.849
Hysham,MT,46.2765,-107.3072
Iaeger,WV,37.4499,-81.812
Ibapah,UT,40.0366,-113.9853
Iberia,MO,38.1219,-92.2989
Iberia,OH,40.6703,-82.8435
Icard,NC,35.7274,-81.4706
Ickesburg,PA,40.4363,-77.397
Ida,AR,35.5816,-91.9305
Ida,LA,32.9934,-93.9022
Ida,MI,41.8549,-83.5916
Ida Grove,IA,42.34,-95.4645
Idabel,OK,33.8851,-94.802
Idaho City,ID,43.8834,-115.708
Idaho Falls,ID,43.48474,-112.00436
Idaho Springs,CO,39.7402,-105.5983
Idalia,CO,39.8167,-102.4262
Idalou,TX,33.6504,-101.6786
Idamay,WV,39.4877,-80.2666
Idanha,OR,44.7001,-122.074
Idaville,IN,40.7674,-86.6556
Idaville,PA,40.0157,-77.2001
Ideal,GA,32.3696,-84.188
Ideal,SD,43.5596,-99.9279
Ider,AL,34.7351,-85.6416
Idledale,CO,39.6684,-105.2442
Idlewild,MI,43.8872,-85.7759
Idlewild,TN,36.0306,-88.8056
Idleyld Park,OR,43.3237,-123.024
Idyllwild,CA,33.7304,-116.7107
Ignacio,CO,37.1264,-107.6395
Igo,CA,40.4318,-122.654
Ihlen,MN,43.9072,-96.3673
Ijamsville,MD,39.3267,-77.2964
Ikes Fork,WV,37.5221,-81.8043
Ila,GA,34.1726,-83.2921
Ilfeld,NM,35.4212,-105.5589
Iliamna,AK,59.7525,-154.8236
Iliff,CO,40.7692,-103.0968
Ilion,NY,43.0064,-75.0484
Illinois City,IL,41.3892,-90.8925
Illiopolis,IL,39.8499,-89.2513
Ilwaco,WA,46.3142,-124.0282
Imbler,OR,45.4599,-117.9544
Imboden,AR,36.1976,-91.1854
Imlay,NV,40.5484,-118.0344
Imlay City,MI,43.0425,-83.0708
Imlaystown,NJ,40.1623,-74.4759
Imler,PA,40.2067,-78.5228
Immaculata,PA,39.8478,-75.7193
Immokalee,FL,26.3243,-81.45995
Imnaha,OR,45.5137,-116.8257
Imogene,IA,40.8631,-95.4358
Imperial,CA,32.847,-115.573
Imperial,MO,38.4069,-90.4381
Imperial,NE,40.5251,-101.6468
Imperial,PA,40.4584,-80.2649
Imperial,TX,31.2729,-102.6926
Imperial Beach,CA,32.5811,-117.11395
Ina,IL,38.1527,-88.8894
Inavale,NE,40.0959,-98.6612
Inchelium,WA,48.2924,-118.3552
Incline Village,NV,39.2573,-119.9517
Independence,CA,36.8396,-118.2048
Independence,IA,42.4674,-91.8803
Independence,KS,37.2292,-95.7165
Independence,KY,38.9354,-84.5479
Independence,LA,30.6351,-90.5277
Independence,MO,39.09621,-94.40527
Independence,MS,34.6959,-89.8288
Independence,OH,41.3809,-81.6642
Independence,OR,44.8481,-123.1879
Independence,VA,36.6294,-81.1582
Independence,WI,44.3959,-91.4535
Independence,WV,39.4464,-79.8822
Index,WA,47.8118,-121.5497
Indiahoma,OK,34.6242,-98.7349
Indialantic,FL,28.1091,-80.5787
Indian,AK,61.1089,-149.4403
Indian Head,MD,38.6001,-77.1622
Indian Head,PA,40.0248,-79.395
Indian Hills,CO,39.6296,-105.2514
Indian Lake,NY,43.7606,-74.2766
Indian Lake Estates,FL,27.798,-81.3572
Indian Mound,TN,36.4946,-87.6804
Indian Orchard,MA,42.1532,-72.505
Indian River,MI,45.427,-84.5956
Indian Rocks Beach,FL,27.8868,-82.8435
Indian Springs,NV,36.5697,-115.6706
Indian Trail,NC,35.0831,-80.6597
Indian Valley,ID,44.5491,-116.443
Indian Valley,VA,36.899,-80.5757
Indian Wells,AZ,35.4056,-110.0848
Indian Wells,CA,33.7163,-116.3381
Indiana,PA,40.62055,-79.15605
Indianapolis,IN,39.80027,-86.13617
Indianola,IA,41.3143,-93.588
Indianola,IL,39.9268,-87.7388
Indianola,MS,33.451,-90.6551
Indianola,NE,40.2357,-100.4298
Indianola,OK,35.1314,-95.8158
Indianola,PA,40.5695,-79.8637
Indianola,WA,47.7514,-122.5196
Indiantown,FL,27.0615,-80.4803
Indio,CA,33.74227,-116.18
Indore,WV,38.3498,-81.1269
Industry,IL,40.3256,-90.6105
Industry,PA,40.6671,-80.4151
Industry,TX,29.9904,-96.4843
Inez,KY,37.8754,-82.5337
Inez,TX,28.8994,-96.8003
Ingalls,IN,39.9573,-85.7981
Ingalls,KS,37.8293,-100.5143
Ingalls,MI,45.3748,-87.6206
Inglefield,IN,38.1081,-87.5589
Ingleside,IL,42.3631,-88.1587
Ingleside,MD,39.1182,-75.8769
Ingleside,TX,27.8682,-97.2069
Inglewood,CA,33.91417,-118.33629
Inglis,FL,29.0955,-82.6561
Ingomar,MT,46.5767,-107.3723
Ingomar,PA,40.5809,-80.0609
Ingraham,IL,38.8284,-88.3204
Ingram,KY,36.7692,-83.7082
Ingram,TX,30.0731,-99.269
Inkom,ID,42.7964,-112.2465
Inkster,MI,42.294,-83.3146
Inkster,ND,48.1514,-97.6443
Inland,NE,40.5899,-98.2234
Inlet,NY,43.748,-74.7846
Inman,KS,38.2232,-97.7951
Inman,NE,42.3761,-98.5384
Inman,SC,35.0528,-82.054
Innis,LA,30.8736,-91.6766
Inola,OK,36.1503,-95.5205
Institute,WV,38.3837,-81.7654
Intercession City,FL,28.2774,-81.5069
Intercourse,PA,40.0367,-76.1069
Interior,SD,43.7319,-101.9642
Interlachen,FL,29.6256,-81.891
Interlaken,NY,42.6165,-76.7268
Interlochen,MI,44.6518,-85.8022
International Falls,MN,48.601,-93.411
Intervale,NH,44.0955,-71.1194
Inver Grove Heights,MN,44.82855,-93.06655
Inverness,CA,38.1126,-122.8877
Inverness,FL,28.84447,-82.3221
Inverness,MS,33.349,-90.6051
Inverness,MT,48.593,-110.688
Inwood,IA,43.3047,-96.4363
Inwood,NY,40.6205,-73.7474
Inwood,WV,39.3701,-78.0242
Inyokern,CA,35.6397,-117.857
Iola,KS,37.9245,-95.4
Iola,TX,30.7326,-96.0911
Iola,WI,44.5201,-89.134
Iona,ID,43.5263,-111.933
Iona,MN,43.9026,-95.7718
Ione,CA,38.3324,-120.9418
Ione,OR,45.5403,-119.769
Ione,WA,48.741,-117.4172
Ionia,IA,43.0403,-92.4865
Ionia,MI,42.9859,-85.071
Ionia,MO,38.5019,-93.3224
Ionia,NY,42.938,-77.5009
Iota,LA,30.3313,-92.4957
Iowa,LA,30.2219,-93.0259
Iowa City,IA,41.64012,-91.5539
Iowa Falls,IA,42.5138,-93.2709
Iowa Park,TX,33.9423,-98.6745
Ipava,IL,40.3594,-90.2967
Ipswich,MA,42.6809,-70.8494
Ipswich,SD,45.4489,-99.0148
Ira,IA,41.7771,-93.2058
Ira,TX,32.5821,-101.0021
Iraan,TX,30.9156,-101.9152
Irasburg,VT,44.8081,-72.2763
Iredell,TX,31.9722,-97.8793
Ireland,IN,38.4137,-87.0009
Ireland,WV,38.7763,-80.4567
Irene,SD,43.1027,-97.2558
Irene,TX,31.9921,-96.8714
Ireton,IA,42.9666,-96.3232
Irma,WI,45.3485,-89.6611
Irmo,SC,34.1103,-81.1966
Iron,MN,47.4115,-92.6195
Iron Belt,WI,46.3955,-90.3245
Iron City,GA,31.013,-84.8138
Iron City,TN,35.0563,-87.6473
Iron Gate,VA,37.7965,-79.786
Iron Mountain,MI,45.8219,-88.0683
Iron Ridge,WI,43.3934,-88.5441
Iron River,MI,46.093,-88.646
Iron River,WI,46.579,-91.4211
Iron Station,NC,35.4657,-81.107
Irondale,MO,37.8296,-90.6984
Irondale,OH,40.5111,-80.7915
Ironia,NJ,40.8229,-74.6257
Irons,MI,44.0966,-85.939
Ironside,OR,44.3009,-117.9444
Ironsides,MD,38.5039,-77.1483
Ironton,MN,46.4778,-93.9789
Ironton,MO,37.6168,-90.5985
Ironton,OH,38.5294,-82.6654
Ironwood,MI,46.4638,-90.1588
Iroquois,IL,40.8269,-87.5847
Iroquois,SD,44.3455,-97.8542
Irrigon,OR,45.8877,-119.507
Irvine,CA,33.67777,-117.79704
Irvine,KY,37.6858,-83.9862
Irvine,PA,41.8117,-79.2643
Irving,IL,39.2089,-89.4104
Irving,NY,42.5739,-79.0596
Irving,TX,32.84963,-96.93378
Irvington,AL,30.4802,-88.2396
Irvington,IL,38.4366,-89.1648
Irvington,KY,37.8762,-86.2965
Irvington,NJ,40.7261,-74.2313
Irvington,NY,41.0381,-73.8597
Irvington,VA,37.6645,-76.416
Irvona,PA,40.8017,-78.5602
Irwin,IA,41.7751,-95.1919
Irwin,ID,43.3861,-111.2527
Irwin,OH,40.1284,-83.4587
Irwin,PA,40.3191,-79.7205
Irwinton,GA,32.8088,-83.174
Irwinville,GA,31.7063,-83.4086
Isaban,WV,37.5301,-81.8882
Isabel,KS,37.4485,-98.5351
Isabel,SD,45.3962,-101.4385
Isabella,MN,47.6604,-91.4989
Isabella,MO,36.5749,-92.6053
Isabella,OK,36.2341,-98.3374
Isabella,PA,39.946,-79.9393
Isanti,MN,45.4682,-93.2266
Iselin,NJ,40.5716,-74.3167
Ishpeming,MI,46.4387,-87.7091
Islamorada,FL,24.9233,-80.63
Island,KY,37.4471,-87.1692
Island Falls,ME,46.0169,-68.2667
Island Grove,FL,29.4536,-82.1065
Island Heights,NJ,39.9432,-74.1468
Island Lake,IL,42.2742,-88.1926
Island Park,ID,44.4466,-111.3679
Island Park,NY,40.604,-73.6554
Island Pond,VT,44.8095,-71.884
Islandia,NY,40.8067,-73.1709
Islandton,SC,32.9503,-80.8916
Isle,MN,46.1696,-93.4741
Isle Au Haut,ME,44.0561,-68.6206
Isle La Motte,VT,44.8781,-73.3386
Isle Of Palms,SC,32.7943,-79.7729
Isle Of Springs,ME,44.0213,-69.5233
Isle Of Wight,VA,36.8989,-76.6877
Isle Saint George,OH,41.7153,-82.8227
Islesboro,ME,44.3082,-68.9073
Islesford,ME,44.262,-68.2339
Isleta,NM,34.9073,-106.6892
Isleton,CA,38.157,-121.6066
Islip,NY,40.7348,-73.2221
Islip Terrace,NY,40.7548,-73.1827
Ismay,MT,46.4132,-105.2091
Isola,MS,33.2471,-90.604
Isom,KY,37.1932,-82.8754
Isonville,KY,38.0462,-83.0506
Issaquah,WA,47.52795,-122.0081
Issue,MD,38.2926,-76.9059
Istachatta,FL,28.655,-82.2677
Italy,TX,32.1785,-96.8823
Itasca,IL,41.972,-88.0202
Itasca,TX,32.1636,-97.146
Ithaca,MI,43.2828,-84.6088
Ithaca,NE,41.1748,-96.5298
Ithaca,NY,42.44845,-76.48822
Itmann,WV,37.5734,-81.4182
Itta Bena,MS,33.4798,-90.3394
Iuka,IL,38.6136,-88.7689
Iuka,KS,37.7397,-98.7361
Iuka,MS,34.8089,-88.1983
Iva,SC,34.3198,-82.6574
Ivan,AR,33.9118,-92.4246
Ivanhoe,CA,36.3856,-119.2189
Ivanhoe,MN,44.4633,-96.2473
Ivanhoe,NC,34.6233,-78.2342
Ivanhoe,TX,33.7612,-96.1193
Ivanhoe,VA,36.8272,-80.9779
Ivel,KY,37.5956,-82.6463
Ivesdale,IL,39.9502,-88.4451
Ivins,UT,37.179,-113.7066
Ivor,VA,36.9071,-76.8861
Ivoryton,CT,41.3421,-72.4404
Ivy,VA,38.0654,-78.5958
Ivydale,WV,38.5357,-81.0348
Ixonia,WI,43.1477,-88.5886
Jachin,AL,32.2299,-88.1684
Jack,AL,31.5652,-85.971
Jackhorn,KY,37.2246,-82.7228
Jackman,ME,45.6351,-70.2492
Jackpot,NV,41.8882,-114.7233
Jacks Creek,TN,35.4782,-88.5019
Jacksboro,TN,36.3266,-84.1928
Jacksboro,TX,33.2347,-98.1681
Jackson,AL,31.5131,-87.8672
Jackson,CA,38.3545,-120.7573
Jackson,GA,33.282,-83.9784
Jackson,KY,37.4868,-83.2913
Jackson,LA,30.8087,-91.1987
Jackson,MI,42.2482,-84.40257
Jackson,MN,43.6457,-94.9938
Jackson,MO,37.3879,-89.6519
Jackson,MS,32.30827,-90.18381
Jackson,MT,45.3687,-113.3598
Jackson,NC,36.3896,-77.4214
Jackson,NE,42.4529,-96.5743
Jackson,NH,44.167,-71.1878
Jackson,NJ,40.121,-74.3017
Jackson,OH,39.0428,-82.6472
Jackson,PA,41.8203,-75.8046
Jackson,SC,33.3389,-81.7976
Jackson,TN,35.62378,-88.83448
Jackson,WI,43.3252,-88.1626
Jackson,WY,43.46635,-110.75085
Jackson Center,OH,40.4358,-84.0457
Jackson Center,PA,41.2801,-80.1037
Jackson Heights,NY,40.7513,-73.883
Jackson Springs,NC,35.2259,-79.6685
Jacksonboro,SC,32.7305,-80.4609
Jacksonburg,WV,39.5416,-80.6437
Jacksonport,AR,35.6414,-91.3072
Jacksons Gap,AL,32.8797,-85.8487
Jacksontown,OH,39.9595,-82.4129
Jacksonville,AL,33.831,-85.7752
Jacksonville,AR,34.8926,-92.126
Jacksonville,FL,30.31193,-81.65332
Jacksonville,GA,31.8481,-82.975
Jacksonville,IL,39.7161,-90.24525
Jacksonville,MO,39.5791,-92.4315
Jacksonville,NC,34.73453,-77.4107
Jacksonville,NY,42.5084,-76.6149
Jacksonville,OH,39.477,-82.0794
Jacksonville,OR,42.1813,-123.0241
Jacksonville,TX,31.9618,-95.2703
Jacksonville,VT,42.7778,-72.8071
Jacksonville Beach,FL,30.2874,-81.4048
Jacob,IL,37.7437,-89.5444
Jacobs Creek,PA,40.1331,-79.7417
Jacobsburg,OH,39.9372,-80.888
Jacobson,MN,46.9772,-93.3064
Jacumba,CA,32.6249,-116.1952
Jadwin,MO,37.4867,-91.571
Jaffrey,NH,42.8178,-72.0275
Jakin,GA,31.1824,-85.0121
Jal,NM,32.1128,-103.1997
Jamaica,IA,41.8419,-94.3204
Jamaica,NY,40.67535,-73.82427
Jamaica,VA,37.73,-76.689
Jamaica,VT,43.1042,-72.7944
Jamaica Plain,MA,42.3126,-71.1115
James City,PA,41.6192,-78.8394
James Creek,PA,40.3567,-78.1887
Jameson,MO,40.0046,-93.9597
Jamesport,MO,39.9837,-93.78
Jamesport,NY,40.9495,-72.5815
Jamestown,CA,37.8906,-120.4717
Jamestown,CO,40.1155,-105.3886
Jamestown,IN,39.9579,-86.6236
Jamestown,KS,39.6021,-97.8631
Jamestown,KY,36.968,-85.0968
Jamestown,LA,32.3613,-93.1848
Jamestown,MI,42.8267,-85.8444
Jamestown,MO,38.7793,-92.4807
Jamestown,NC,35.999,-79.9293
Jamestown,ND,46.9377,-98.8017
Jamestown,NM,35.4809,-108.1767
Jamestown,NY,42.0949,-79.23965
Jamestown,OH,39.6428,-83.7504
Jamestown,PA,41.4566,-80.4492
Jamestown,RI,41.5164,-71.3761
Jamestown,SC,33.2221,-79.6282
Jamestown,TN,36.4245,-84.9357
Jamestown,VA,37.2235,-76.7833
Jamesville,NC,35.7839,-76.8983
Jamesville,NY,42.983,-76.0766
Jamesville,VA,37.5151,-75.9305
Jamieson,OR,44.2161,-117.4813
Jamison,PA,40.2566,-75.0961
Jamul,CA,32.7163,-116.8323
Jane Lew,WV,39.11,-80.4311
Janesville,CA,40.2963,-120.5098
Janesville,IA,42.6465,-92.4791
Janesville,IL,39.3743,-88.2445
Janesville,MN,44.1168,-93.7095
Janesville,WI,42.70465,-89.05045
Jansen,NE,40.2074,-97.0244
Jarales,NM,34.592,-106.7611
Jarbidge,NV,41.8873,-115.3813
Jaroso,CO,37.0028,-105.6242
Jarratt,VA,36.8167,-77.47575
Jarreau,LA,30.6326,-91.4332
Jarrell,TX,30.8119,-97.5942
Jarrettsville,MD,39.6162,-76.4684
Jarvisburg,NC,36.1714,-75.8621
Jasonville,IN,39.1723,-87.2023
Jasper,AL,33.86758,-87.25727
Jasper,AR,36.0038,-93.2048
Jasper,FL,30.5029,-82.9322
Jasper,GA,34.462,-84.4759
Jasper,IN,38.36327,-86.89397
Jasper,MI,41.7704,-84.0011
Jasper,MN,43.8568,-96.385
Jasper,MO,37.3362,-94.3013
Jasper,NY,42.129,-77.4999
Jasper,OH,39.0523,-83.05
Jasper,TN,35.097,-85.5897
Jasper,TX,30.8673,-93.9977
Java,SD,45.4492,-99.822
Java,VA,36.8586,-79.187
Java Center,NY,42.6634,-78.3925
Java Village,NY,42.6769,-78.441
Jay,FL,30.8985,-87.1332
Jay,ME,44.516,-70.2099
Jay,NY,44.3734,-73.7247
Jay,OK,36.4363,-94.7763
Jay Em,WY,42.4987,-104.5134
Jayess,MS,31.4036,-90.1864
Jayton,TX,33.2518,-100.5825
Jber,AK,59.8666,-158.5996
Jbphh,HI,21.36105,-157.9143
Jbsa Ft Sam Houston,TX,29.4241,-98.4936
Jbsa Lackland,TX,29.4241,-98.4936
Jbsa Randolph,TX,29.3759,-97.958
Jean,NV,35.75785,-115.4322
Jeanerette,LA,29.9032,-91.6544
Jeannette,PA,40.3295,-79.6144
Jeddo,MI,43.1223,-82.5998
Jeff,KY,37.2184,-83.1427
Jeffers,MN,44.0737,-95.1547
Jefferson,AL,32.414,-87.8986
Jefferson,AR,34.3934,-92.2029
Jefferson,CO,39.2759,-105.6865
Jefferson,GA,34.1062,-83.5708
Jefferson,IA,42.0093,-94.3888
Jefferson,MA,42.3755,-71.8706
Jefferson,MD,39.3653,-77.5441
Jefferson,ME,44.2204,-69.5133
Jefferson,NC,36.409,-81.4396
Jefferson,NH,44.3999,-71.4518
Jefferson,NY,42.4999,-74.6117
Jefferson,OH,41.7335,-80.7562
Jefferson,OR,44.7495,-123.006
Jefferson,PA,39.9334,-80.0503
Jefferson,SC,34.6546,-80.3639
Jefferson,SD,42.6013,-96.5784
Jefferson,TX,32.8059,-94.3655
Jefferson,WI,43.0006,-88.8078
Jefferson City,MO,38.56982,-92.18492
Jefferson City,MT,46.3679,-112.0232
Jefferson City,TN,36.1163,-83.481
Jefferson Valley,NY,41.3385,-73.7947
Jeffersonton,VA,38.6256,-77.9069
Jeffersonville,GA,32.7411,-83.3859
Jeffersonville,IN,38.32698,-85.7258
Jeffersonville,KY,37.964,-83.8558
Jeffersonville,NY,41.7784,-74.9196
Jeffersonville,OH,39.659,-83.5687
Jeffersonville,VT,44.6388,-72.822
Jeffrey,WV,37.9715,-81.8215
Jeffrey City,WY,42.5402,-107.8724
Jekyll Island,GA,31.074,-81.4128
Jellico,TN,36.577,-84.126
Jelm,WY,41.0578,-106.0133
Jemez Pueblo,NM,35.6243,-106.7219
Jemez Springs,NM,35.8927,-106.7714
Jemison,AL,32.9805,-86.7181
Jena,LA,31.6748,-92.1137
Jenera,OH,40.9004,-83.7256
Jenison,MI,42.9088,-85.8098
Jenkinjones,WV,37.2937,-81.4259
Jenkins,KY,37.1911,-82.6513
Jenkins,MN,46.6461,-94.3347
Jenkins Bridge,VA,37.9162,-75.6168
Jenkinsburg,GA,33.3224,-84.0287
Jenkinsville,SC,34.2717,-81.2712
Jenkintown,PA,40.098,-75.1078
Jenks,OK,36.0148,-95.9797
Jenner,CA,38.4987,-123.1974
Jenners,PA,40.1431,-79.0428
Jennerstown,PA,40.1595,-79.0616
Jennings,FL,30.5482,-83.135
Jennings,KS,39.6762,-100.2834
Jennings,LA,30.2201,-92.6574
Jennings,OK,36.1863,-96.5732
Jensen,UT,40.3787,-109.351
Jensen Beach,FL,27.239,-80.22615
Jeremiah,KY,37.1699,-82.9258
Jericho,NY,40.79005,-73.53645
Jericho,VT,44.459,-72.9552
Jerico Springs,MO,37.6613,-94.0129
Jermyn,PA,41.5744,-75.5881
Jermyn,TX,33.2636,-98.3931
Jerome,AZ,34.7486,-112.1086
Jerome,ID,42.7178,-114.5012
Jerome,MI,42.0484,-84.4455
Jerome,MO,37.9262,-91.9777
Jerome,PA,40.2084,-78.9873
Jeromesville,OH,40.8134,-82.1861
Jerry City,OH,41.2559,-83.6022
Jersey,AR,33.3889,-92.2966
Jersey,GA,33.718,-83.8015
Jersey,VA,38.2115,-77.1394
Jersey City,NJ,40.72881,-74.06879
Jersey Mills,PA,41.3573,-77.4066
Jersey Shore,PA,41.3395,-77.3634
Jerseyville,IL,39.1213,-90.3338
Jerusalem,AR,35.5699,-92.8251
Jerusalem,OH,39.8488,-81.0921
Jesse,WV,37.6608,-81.5628
Jessie,ND,47.5422,-98.2382
Jessieville,AR,34.7094,-93.0382
Jessup,MD,39.1484,-76.7922
Jessup,PA,41.4724,-75.5689
Jesup,GA,31.57315,-81.8631
Jesup,IA,42.4823,-92.0456
Jet,OK,36.6929,-98.1721
Jetersville,VA,37.3176,-78.104
Jetmore,KS,38.0738,-99.9327
Jetson,KY,37.2483,-86.5093
Jewell,GA,33.2963,-82.7774
Jewell,IA,42.3139,-93.6428
Jewell,KS,39.6719,-98.1472
Jewell,OH,41.3258,-84.2793
Jewell Ridge,VA,37.2094,-81.7956
Jewett,IL,39.2076,-88.2474
Jewett,NY,42.2694,-74.2793
Jewett,OH,40.3745,-81.0004
Jewett,TX,31.3739,-96.1918
Jewett City,CT,41.6052,-71.9808
Jigger,LA,32.0349,-91.7468
Jim Falls,WI,45.0889,-91.2568
Jim Thorpe,PA,40.87,-75.7397
Joanna,SC,34.4068,-81.8191
Joaquin,TX,31.944,-94.0608
Jobstown,NJ,40.0387,-74.6873
Joelton,TN,36.329,-86.9163
Joes,CO,39.6564,-102.6788
Joffre,PA,40.38,-80.3605
Johannesburg,CA,35.3708,-117.6427
Johannesburg,MI,45.0152,-84.3857
John Day,OR,44.416,-118.953
Johns Island,SC,32.7924,-80.1081
Johnsburg,NY,43.586,-73.9165
Johnson,AR,36.1329,-94.1655
Johnson,KS,37.5694,-101.7194
Johnson,NE,40.4016,-95.9883
Johnson,NY,41.3653,-74.5109
Johnson,VT,44.642,-72.6712
Johnson City,NY,42.1267,-75.9685
Johnson City,TN,36.29813,-82.43695
Johnson City,TX,30.2948,-98.3691
Johnson Creek,WI,43.0751,-88.7836
Johnsonburg,NJ,40.9645,-74.8785
Johnsonburg,PA,41.4928,-78.6783
Johnsonville,IL,38.5223,-88.537
Johnsonville,NY,42.8769,-73.4989
Johnsonville,SC,33.8299,-79.4783
Johnston,IA,41.673,-93.7028
Johnston,RI,41.8274,-71.52
Johnston,SC,33.8231,-81.7972
Johnston City,IL,37.8245,-88.9209
Johnstown,CO,40.3355,-104.9236
Johnstown,NE,42.5717,-100.0582
Johnstown,NY,43.0069,-74.3715
Johnstown,OH,40.1445,-82.6973
Johnstown,PA,40.32999,-78.90825
Joice,IA,43.3761,-93.4454
Joiner,AR,35.5052,-90.1478
Joinerville,TX,32.1959,-94.9065
Joint Base Mdl,NJ,40.2171,-74.7429
Joliet,IL,41.51335,-88.07075
Joliet,MT,45.4941,-108.9922
Jolley,IA,42.4871,-94.757
Jolo,WV,37.3324,-81.8316
Jolon,CA,35.9708,-121.176
Jonancy,KY,37.3165,-82.5829
Jonas Ridge,NC,35.9726,-81.8948
Jones,AL,32.5104,-86.8138
Jones,LA,32.9663,-91.5965
Jones,MI,41.9129,-85.8341
Jones,OK,35.5753,-97.2891
Jones Mill,AR,34.4374,-92.8943
Jones Mills,PA,40.0889,-79.3427
Jonesboro,AR,35.80614,-90.71706
Jonesboro,GA,33.50643,-84.36333
Jonesboro,IL,37.4461,-89.2915
Jonesboro,IN,40.4815,-85.6365
Jonesboro,LA,32.2483,-92.6944
Jonesboro,ME,44.6582,-67.5777
Jonesboro,TX,31.5599,-97.8456
Jonesborough,TN,36.2954,-82.4902
Jonesburg,MO,38.8717,-91.3019
Jonesport,ME,44.5509,-67.6044
Jonestown,MS,34.3037,-90.4294
Jonestown,PA,40.4361,-76.5038
Jonesville,IN,39.0593,-85.8886
Jonesville,KY,38.6398,-84.7755
Jonesville,LA,31.6862,-91.8678
Jonesville,MI,41.9798,-84.6451
Jonesville,NC,36.2286,-80.787
Jonesville,SC,34.82955,-81.6829
Jonesville,TX,32.5075,-94.1106
Jonesville,VA,36.6896,-83.1362
Jonesville,VT,44.3839,-72.9376
Joplin,MO,37.07795,-94.5105
Joplin,MT,48.6498,-110.7914
Joppa,AL,34.2837,-86.5519
Joppa,IL,37.2092,-88.8442
Joppa,MD,39.4242,-76.3541
Jordan,MN,44.6713,-93.6195
Jordan,MT,47.3208,-106.9101
Jordan,NY,43.0651,-76.4598
Jordan Valley,OR,42.8801,-117.281
Jordanville,NY,42.9148,-74.9515
Joseph,OR,45.3494,-117.2128
Joseph,UT,38.6221,-112.2251
Joseph City,AZ,34.9814,-110.3373
Josephine,PA,40.4828,-79.185
Josephine,TX,33.0612,-96.3072
Josephine,WV,37.6221,-81.2176
Joshua,TX,32.4663,-97.4011
Joshua Tree,CA,34.1502,-116.3038
Jourdanton,TX,28.903,-98.544
Joy,IL,41.2262,-90.8518
Joyce,LA,31.9393,-92.5988
Joyce,WA,48.1362,-123.7354
Jud,ND,46.5511,-98.8667
Juda,WI,42.5679,-89.5026
Judith Gap,MT,46.6623,-109.6755
Judson,TX,32.5826,-94.7535
Judsonia,AR,35.325,-91.6491
Julesburg,CO,40.9708,-102.2575
Juliaetta,ID,46.5754,-116.7188
Julian,CA,33.0534,-116.5658
Julian,NC,35.9543,-79.6386
Julian,NE,40.5199,-95.8674
Julian,PA,40.8917,-77.9332
Julian,WV,38.1264,-81.8642
Juliette,GA,33.1194,-83.8235
Juliustown,NJ,40.0123,-74.6646
Jump River,WI,45.353,-90.8012
Jumping Branch,WV,37.6188,-81.0018
Junction,IL,37.6952,-88.2491
Junction,TX,30.4754,-99.7473
Junction,UT,38.2439,-112.2237
Junction City,AR,33.0163,-92.7243
Junction City,CA,40.7411,-123.0718
Junction City,GA,32.608,-84.4574
Junction City,KS,39.0299,-96.8396
Junction City,KY,37.5822,-84.8028
Junction City,OH,39.6965,-82.3155
Junction City,OR,44.1988,-123.23
Junction City,WI,44.5963,-89.7438
June Lake,CA,37.7773,-119.0825
Juneau,AK,58.31625,-134.44707
Juneau,WI,43.3792,-88.6845
Junedale,PA,40.9234,-75.9416
Juniata,NE,40.5867,-98.515
Junior,WV,38.9784,-79.9494
Juntura,OR,43.8253,-118.0921
Jupiter,FL,26.93882,-80.12274
Justice,IL,41.7447,-87.8346
Justice,WV,37.5887,-81.8354
Justiceburg,TX,33.0594,-101.1881
Justin,TX,33.0734,-97.3093
Kaaawa,HI,21.5481,-157.8495
Kabetogama,MN,48.2463,-93.7842
Kadoka,SD,43.8446,-101.5523
Kahlotus,WA,46.6779,-118.5337
Kahoka,MO,40.4266,-91.725
Kahuku,HI,21.675,-157.9725
Kahului,HI,20.88545,-156.4763
Kaibeto,AZ,36.4025,-111.3518
Kailua,HI,21.4063,-157.7448
Kailua Kona,HI,19.6233,-155.7089
Kaiser,MO,38.1637,-92.5799
Kake,AK,56.9736,-133.936
Kaktovik,AK,70.1319,-143.6239
Kalaheo,HI,21.9259,-159.5303
Kalama,WA,46.0112,-122.8166
Kalamazoo,MI,42.28647,-85.57871
Kalaupapa,HI,21.1929,-156.9835
Kaleva,MI,44.3692,-86.0467
Kalida,OH,40.9828,-84.1994
Kalispell,MT,48.2223,-114.32987
Kalkaska,MI,44.7355,-85.1207
Kalona,IA,41.4823,-91.7057
Kalskag,AK,61.541,-160.3261
Kaltag,AK,64.3305,-158.7243
Kamas,UT,40.6414,-111.2619
Kamay,TX,33.8579,-98.8081
Kamiah,ID,46.2186,-116.0347
Kampsville,IL,39.3064,-90.6269
Kamrar,IA,42.3945,-93.7279
Kamuela,HI,20.0081,-155.7052
Kanab,UT,37.0475,-112.5263
Kanaranzi,MN,43.5758,-96.0945
Kanarraville,UT,37.5389,-113.1841
Kanawha,IA,42.9434,-93.7728
Kanawha Falls,WV,38.1426,-81.2065
Kanawha Head,WV,38.7618,-80.3727
Kandiyohi,MN,45.1426,-94.9183
Kane,IL,39.2037,-90.3719
Kane,PA,41.6619,-78.7978
Kaneohe,HI,21.4228,-157.8115
Kaneville,IL,41.8353,-88.522
Kankakee,IL,41.1166,-87.8696
Kannapolis,NC,35.44437,-80.59283
Kanona,NY,42.3742,-77.3648
Kanopolis,KS,38.7091,-98.1575
Kanorado,KS,39.3438,-102.0015
Kanosh,UT,38.8318,-112.4561
Kansas,AL,33.9018,-87.552
Kansas,IL,39.5525,-87.9352
Kansas,OH,41.2512,-83.306
Kansas,OK,36.2161,-94.8114
Kansas City,KS,39.10459,-94.69292
Kansas City,MO,39.11744,-94.56725
Kansasville,WI,42.7012,-88.118
Kantner,PA,40.1011,-78.9387
Kapaa,HI,22.0868,-159.3448
Kapaau,HI,20.2183,-155.799
Kaplan,LA,29.9771,-92.3025
Kapolei,HI,21.3343,-158.0464
Kapowsin,WA,46.9899,-122.2226
Karbers Ridge,IL,37.5008,-88.2383
Karlsruhe,ND,48.1009,-100.5742
Karlstad,MN,48.5916,-96.5511
Karluk,AK,57.5689,-154.4551
Karnack,TX,32.6205,-94.2001
Karnak,IL,37.2911,-88.9739
Karnes City,TX,28.8828,-97.9071
Karns City,PA,41.0022,-79.716
Karthaus,PA,41.1136,-78.0875
Karval,CO,38.7119,-103.5006
Kasbeer,IL,41.505,-89.4634
Kasigluk,AK,60.8956,-162.5181
Kasilof,AK,60.3164,-151.2896
Kasota,MN,44.2842,-93.9453
Kasson,MN,44.024,-92.7464
Kathleen,FL,28.1975,-82.0396
Kathleen,GA,32.4672,-83.6128
Kathryn,ND,46.7177,-97.9763
Katonah,NY,41.2709,-73.6841
Kattskill Bay,NY,43.4754,-73.6272
Katy,TX,29.79285,-95.79627
Kaufman,TX,32.546,-96.2852
Kaukauna,WI,44.2956,-88.2717
Kaumakani,HI,21.9213,-159.6241
Kaunakakai,HI,21.0905,-156.969
Kauneonga Lake,NY,41.6874,-74.8358
Kaw City,OK,36.8382,-96.8833
Kaweah,CA,36.4727,-118.9029
Kawkawlin,MI,43.6794,-83.9927
Kaycee,WY,43.7236,-106.5632
Kayenta,AZ,36.6883,-110.2652
Kaylor,SD,43.3341,-97.7569
Kaysville,UT,41.0375,-111.9326
Keaau,HI,19.5893,-154.9926
Kealakekua,HI,19.5261,-155.93
Kealia,HI,22.106,-159.3085
Keams Canyon,AZ,35.8082,-110.2845
Keansburg,NJ,40.4414,-74.1306
Kearney,MO,39.3652,-94.3621
Kearney,NE,40.7502,-99.0876
Kearneysville,WV,39.322,-77.9588
Kearny,AZ,33.0594,-110.9123
Kearny,NJ,40.74875,-74.1113
Kearsarge,MI,47.2694,-88.4184
Kearsarge,NH,44.0753,-71.1176
Keasbey,NJ,40.5192,-74.3021
Keatchie,LA,32.1622,-93.951
Keaton,KY,37.9856,-82.9602
Keauhou,HI,19.5606,-155.9623
Keavy,KY,37.0156,-84.1436
Kechi,KS,37.7934,-97.2737
Keedysville,MD,39.4563,-77.6944
Keego Harbor,MI,42.6114,-83.3356
Keeler,CA,36.4886,-117.8741
Keeling,VA,36.7156,-79.2783
Keen Mountain,VA,37.2023,-81.9862
Keene,CA,35.2375,-118.6076
Keene,KY,37.9434,-84.6419
Keene,ND,47.9405,-102.8906
Keene,NH,42.9482,-72.2868
Keene,NY,44.2555,-73.7915
Keene,OH,40.3513,-81.8736
Keene,TX,32.3937,-97.3287
Keene,VA,37.856,-78.5699
Keene Valley,NY,44.2024,-73.7731
Keenes,IL,38.3691,-88.6481
Keenesburg,CO,40.0958,-104.4464
Keensburg,IL,38.3514,-87.8661
Keeseville,NY,44.4942,-73.51297
Keewatin,MN,47.398,-93.0784
Keezletown,VA,38.4659,-78.7499
Kegley,WV,37.3971,-81.1318
Keiser,AR,35.6737,-90.0963
Keisterville,PA,39.9636,-79.7853
Keithsburg,IL,41.1043,-90.9263
Keithville,LA,32.3161,-93.8881
Keizer,OR,44.9901,-123.0262
Kekaha,HI,21.9735,-159.7199
Kelayres,PA,40.9002,-76.0054
Keldron,SD,45.7528,-101.8843
Kelford,NC,36.1871,-77.1898
Kell,IL,38.5147,-88.9127
Keller,TX,32.9293,-97.2666
Keller,VA,37.6193,-75.7638
Keller,WA,48.0236,-118.6547
Kellerman,AL,33.3407,-87.3047
Kellerton,IA,40.6861,-94.0607
Kelley,IA,41.9488,-93.6644
Kelleys Island,OH,41.6008,-82.7068
Kelliher,MN,47.9272,-94.5382
Kellnersville,WI,44.2226,-87.8017
Kellogg,IA,41.7184,-92.9114
Kellogg,ID,47.5431,-116.1253
Kellogg,MN,44.2739,-92.1095
Kelly,LA,31.9648,-92.1825
Kelly,NC,34.4591,-78.2942
Kelly,WY,43.6094,-110.5442
Kellysville,WV,37.3448,-80.9279
Kellyton,AL,32.9791,-86.0484
Kellyville,OK,35.9171,-96.218
Kelseyville,CA,38.9421,-122.7777
Kelso,MO,37.1858,-89.5575
Kelso,TN,35.1024,-86.4683
Kelso,WA,46.1485,-122.887
Kelton,PA,39.8087,-75.878
Kemah,TX,29.5236,-95.0276
Kemblesville,PA,39.749,-75.8241
Kemmerer,WY,41.7887,-110.5283
Kemp,OK,33.773,-96.3555
Kemp,TX,32.2486,-96.2161
Kempner,TX,31.0887,-98.0099
Kempton,IL,40.9126,-88.209
Kempton,IN,40.2884,-86.2297
Kempton,PA,40.6328,-75.8513
Kenai,AK,60.6145,-151.2546
Kenansville,FL,27.8767,-81.05
Kenansville,NC,35.0152,-77.8969
Kenbridge,VA,36.933,-78.1242
Kendalia,TX,29.9406,-98.5166
Kendall,KS,37.9347,-101.546
Kendall,MI,42.3618,-85.8141
Kendall,NY,43.3284,-78.0304
Kendall,WI,43.7922,-90.3685
Kendall Park,NJ,40.4208,-74.5529
Kendallville,IN,41.4482,-85.2609
Kendleton,TX,29.447,-96.0036
Kendrick,ID,46.6286,-116.6049
Kenduskeag,ME,44.9183,-68.9342
Kenedy,TX,28.8046,-97.8456
Kenefic,OK,34.1481,-96.3622
Kenesaw,NE,40.6165,-98.6572
Kenilworth,IL,42.0884,-87.7165
Kenilworth,NJ,40.6759,-74.2944
Kenilworth,UT,39.6884,-110.8073
Kenly,NC,35.6077,-78.1382
Kenmare,ND,48.7182,-102.0852
Kenmore,WA,47.7542,-122.2475
Kenna,NM,33.8423,-103.7719
Kenna,WV,38.6232,-81.6217
Kennan,WI,45.535,-90.591
Kennard,IN,39.904,-85.5205
Kennard,NE,41.4526,-96.1903
Kennard,TX,31.3384,-95.1541
Kennebec,SD,43.8921,-99.8502
Kennebunk,ME,43.3881,-70.5478
Kennebunkport,ME,43.3923,-70.4729
Kennedale,TX,32.6432,-97.2139
Kennedy,AL,33.6153,-87.9948
Kennedy,MN,48.6337,-96.9614
Kennedy,NY,42.1508,-79.0964
Kennedyville,MD,39.2978,-75.9818
Kenner,LA,29.99222,-90.2494
Kennerdell,PA,41.2848,-79.7393
Kennesaw,GA,34.0165,-84.62494
Kenneth,MN,43.7637,-96.1089
Kennett,MO,36.2407,-90.0491
Kennett Square,PA,39.855,-75.7
Kennewick,WA,46.18277,-119.1901
Kenney,IL,40.0967,-89.0859
Kenney,TX,30.0477,-96.3269
Keno,OR,42.1265,-121.93
Kenosha,WI,42.58268,-87.84558
Kenova,WV,38.3569,-82.5255
Kenoza Lake,NY,41.7296,-74.9611
Kensal,ND,47.2726,-98.7206
Kensett,AR,35.2388,-91.6731
Kensett,IA,43.3536,-93.2105
Kensington,KS,39.7692,-99.0308
Kensington,MD,39.02775,-77.07785
Kensington,MN,45.8176,-95.6945
Kensington,OH,40.7142,-80.9381
Kent,AL,32.619,-85.9486
Kent,CT,41.7316,-73.4583
Kent,IL,42.3155,-89.9195
Kent,MN,46.4378,-96.6852
Kent,NY,43.3341,-78.1355
Kent,OH,41.1487,-81.34973
Kent,OR,45.0838,-120.6649
Kent,PA,40.5412,-79.282
Kent,WA,47.3813,-122.21171
Kent City,MI,43.2362,-85.7399
Kentfield,CA,37.9521,-122.5572
Kentland,IN,40.7877,-87.4471
Kenton,DE,39.2256,-75.6642
Kenton,KY,38.8684,-84.4561
Kenton,OH,40.6404,-83.6111
Kenton,OK,36.9031,-102.9653
Kenton,TN,36.1906,-89.0229
Kents Hill,ME,44.4383,-70.0748
Kents Store,VA,37.8942,-78.1208
Kentwood,LA,30.8892,-90.4728
Kenvil,NJ,40.8819,-74.621
Kenvir,KY,36.8537,-83.1571
Kenwood,CA,38.4168,-122.5547
Kenyon,MN,44.2552,-93.0197
Kenyon,RI,41.4474,-71.6204
Keo,AR,34.6041,-92.0078
Keokee,VA,36.8239,-82.9772
Keokuk,IA,40.4094,-91.3982
Keosauqua,IA,40.7424,-91.9704
Keota,IA,41.3504,-91.9641
Keota,OK,35.2645,-94.9028
Kerby,OR,42.2093,-123.6573
Kerens,TX,32.1275,-96.2298
Kerens,WV,39.0299,-79.7754
Kerhonkson,NY,41.7939,-74.3035
Kerkhoven,MN,45.2096,-95.3115
Kerman,CA,36.7306,-120.0724
Kermit,TX,31.855,-103.0913
Kermit,WV,37.8642,-82.3741
Kernersville,NC,36.1182,-80.0784
Kernville,CA,35.755,-118.4047
Kerr,OH,38.8683,-82.2562
Kerrick,MN,46.3792,-92.578
Kerrick,TX,36.4956,-102.2427
Kerrville,TX,30.0374,-99.1409
Kersey,CO,40.3963,-104.5288
Kersey,PA,41.3563,-78.6015
Kershaw,SC,34.5578,-80.5546
Keshena,WI,44.9146,-88.6357
Keslers Cross Lanes,WV,38.2354,-80.9357
Kesley,IA,42.6626,-92.9112
Keswick,IA,41.4613,-92.2395
Keswick,VA,38.0531,-78.3396
Ketchikan,AK,55.3571,-131.6655
Ketchum,ID,43.6692,-114.4858
Ketchum,OK,36.5245,-95.0239
Kettle Falls,WA,48.6364,-118.0548
Kettle Island,KY,36.8093,-83.5892
Kettle River,MN,46.5029,-92.9047
Kettleman City,CA,36.0083,-119.9618
Kettlersville,OH,40.4413,-84.2626
Keuka Park,NY,42.5708,-77.1226
Kevil,KY,37.0872,-88.8764
Kevin,MT,48.7508,-111.9708
Kew Gardens,NY,40.7069,-73.8297
Kewadin,MI,45.0126,-85.3539
Kewanee,IL,41.2411,-89.9274
Kewanee,MO,36.6726,-89.5639
Kewanna,IN,41.0087,-86.4061
Kewaskum,WI,43.5214,-88.1925
Kewaunee,WI,44.4401,-87.5594
Key Biscayne,FL,25.6921,-80.1625
Key Colony Beach,FL,24.7234,-81.0203
Key Largo,FL,25.0865,-80.4473
Key West,FL,24.5552,-81.7816
Keyes,CA,37.5591,-120.9148
Keyes,OK,36.8003,-102.2361
Keyesport,IL,38.7769,-89.2975
Keymar,MD,39.5656,-77.2817
Keyport,NJ,40.4332,-74.1996
Keyport,WA,47.698,-122.6255
Keyser,WV,39.4527,-78.8926
Keystone,IA,42.0156,-92.2179
Keystone,IN,40.5897,-85.2767
Keystone,NE,41.2621,-101.6282
Keystone,SD,43.8848,-103.3995
Keystone Heights,FL,29.7976,-81.9899
Keysville,GA,33.1719,-82.1834
Keysville,VA,37.0411,-78.4699
Keytesville,MO,39.4794,-92.9302
Kiahsville,WV,38.0915,-82.3274
Kiamesha Lake,NY,41.6838,-74.6724
Kiana,AK,66.975,-160.4228
Kidder,MO,39.7803,-94.1024
Kidron,OH,40.7384,-81.7428
Kiefer,OK,35.9528,-96.061
Kiel,WI,43.9341,-87.9956
Kieler,WI,42.5814,-90.6026
Kiester,MN,43.5414,-93.7102
Kihei,HI,20.7441,-156.4475
Kila,MT,48.0744,-114.5104
Kilauea,HI,22.2073,-159.3954
Kilbourne,IL,40.1587,-90.0043
Kilbourne,LA,32.9946,-91.3162
Kilbourne,OH,40.3286,-82.9588
Kildare,TX,32.9468,-94.2539
Kilgore,NE,42.9146,-100.9884
Kilgore,TX,32.3853,-94.8802
Kilkenny,MN,44.3133,-93.5741
Kill Buck,NY,42.145,-78.6466
Kill Devil Hills,NC,36.0088,-75.6757
Killarney,FL,28.5454,-81.6507
Killawog,NY,42.4006,-76.0208
Killbuck,OH,40.4933,-81.9837
Killdeer,ND,47.4109,-102.7762
Killduff,IA,41.608,-92.9046
Killeen,TX,31.08532,-97.7284
Killen,AL,34.9016,-87.5082
Killington,VT,43.6634,-72.7963
Killingworth,CT,41.3696,-72.5712
Kilmarnock,VA,37.7162,-76.382
Kilmichael,MS,33.4165,-89.5696
Kiln,MS,30.4875,-89.4187
Kim,CO,37.3328,-103.3736
Kimball,MN,45.3436,-94.3028
Kimball,NE,41.2321,-103.6602
Kimball,SD,43.7467,-98.9584
Kimball,WV,37.4421,-81.512
Kimballton,IA,41.6352,-95.0553
Kimberling City,MO,36.6393,-93.4372
Kimberly,AL,33.7684,-86.8084
Kimberly,ID,42.5287,-114.3657
Kimberly,OR,44.7226,-119.5965
Kimberly,WI,44.2701,-88.3384
Kimberly,WV,38.1249,-81.3217
Kimberton,PA,40.1307,-75.5721
Kimbolton,OH,40.1589,-81.549
Kimmell,IN,41.3953,-85.5483
Kimmswick,MO,38.3653,-90.3629
Kimper,KY,37.5068,-82.3271
Kinards,SC,34.3804,-81.7773
Kincaid,IL,39.5838,-89.4185
Kincaid,KS,38.1104,-95.1886
Kincaid,WV,38.0407,-81.2701
Kincheloe,MI,46.31645,-84.38525
Kinde,MI,43.948,-82.9755
Kinder,LA,30.4607,-92.8693
Kinderhook,IL,39.6953,-91.1637
Kinderhook,NY,42.3767,-73.7183
Kindred,ND,46.6543,-97.0049
King,NC,36.295,-80.356
King,WI,44.3365,-89.1463
King And Queen Court House,VA,37.6699,-76.8775
King City,CA,36.2028,-121.1273
King City,MO,40.0652,-94.5234
King Cove,AK,55.0628,-162.3056
King Ferry,NY,42.6635,-76.6216
King George,VA,38.2811,-77.126
King Hill,ID,42.9799,-115.1899
King Of Prussia,PA,40.0956,-75.3737
King Salmon,AK,58.6883,-156.6614
King William,VA,37.7202,-77.0998
Kingdom City,MO,38.9551,-91.952
Kingfield,ME,44.9854,-70.1832
Kingfisher,OK,35.8636,-97.9473
Kingman,AZ,35.21977,-113.92977
Kingman,IN,40.0174,-87.2569
Kingman,KS,37.5964,-98.1304
Kingman,ME,45.5984,-68.2366
Kingmont,WV,39.4466,-80.1762
Kings Bay,GA,30.7906,-81.5607
Kings Beach,CA,39.2401,-120.0233
Kings Canyon National Pk,CA,36.7341,-118.9588
Kings Mills,OH,39.358,-84.2473
Kings Mountain,KY,37.3818,-84.7148
Kings Mountain,NC,35.2516,-81.3806
Kings Park,NY,40.8861,-73.2438
Kingsburg,CA,36.508,-119.5433
Kingsbury,IN,41.526,-86.6997
Kingsbury,TX,29.6726,-97.8306
Kingsford,MI,45.8006,-88.0773
Kingsford Heights,IN,41.4802,-86.6919
Kingsland,AR,33.86,-92.3014
Kingsland,GA,30.7977,-81.7075
Kingsland,TX,30.6662,-98.4475
Kingsley,IA,42.6191,-95.9762
Kingsley,MI,44.5756,-85.5262
Kingsley,PA,41.7659,-75.7831
Kingsport,TN,36.53623,-82.54315
Kingston,AR,36.0485,-93.5044
Kingston,GA,34.2501,-84.9973
Kingston,ID,47.5509,-116.2887
Kingston,IL,42.1057,-88.7695
Kingston,MA,41.995,-70.741
Kingston,MI,43.3982,-83.1847
Kingston,MO,39.6508,-94.0827
Kingston,NH,42.9133,-71.0639
Kingston,NJ,40.3828,-74.6096
Kingston,NY,41.94835,-74.0321
Kingston,OH,39.4414,-82.8488
Kingston,OK,33.9517,-96.712
Kingston,PA,41.2742,-75.8903
Kingston,RI,41.4803,-71.5292
Kingston,TN,35.8528,-84.4971
Kingston,UT,38.2158,-112.2049
Kingston,WA,47.8108,-122.5255
Kingston,WI,43.6911,-89.1302
Kingston Mines,IL,40.5571,-89.7685
Kingston Springs,TN,36.0953,-87.1156
Kingstree,SC,33.6878,-79.7832
Kingsville,MD,39.4558,-76.4147
Kingsville,MO,38.8178,-94.0462
Kingsville,OH,41.8723,-80.6601
Kingsville,TX,27.4694,-97.8484
Kingwood,TX,30.04913,-95.20933
Kingwood,WV,39.4819,-79.7063
Kinmundy,IL,38.7559,-88.813
Kinnear,WY,43.2678,-108.9334
Kinney,MN,47.5121,-92.7402
Kinross,MI,46.275,-84.5148
Kinsale,VA,38.0505,-76.5855
Kinsey,MT,46.5708,-105.6569
Kinsley,KS,37.9247,-99.4116
Kinsman,IL,41.1631,-88.5535
Kinsman,OH,41.4354,-80.5765
Kinston,AL,31.1926,-86.1514
Kinston,NC,35.26653,-77.60505
Kinta,OK,35.1193,-95.2377
Kintnersville,PA,40.531,-75.2117
Kintyre,ND,46.5736,-99.9705
Kinzers,PA,40.0053,-76.0493
Kiowa,CO,39.324,-104.4523
Kiowa,KS,37.0172,-98.4859
Kiowa,OK,34.7278,-95.9328
Kipling,NC,35.4799,-78.8211
Kipling,OH,39.9945,-81.5006
Kipnuk,AK,59.9232,-164.101
Kipton,OH,41.2664,-82.3064
Kirby,AR,34.2513,-93.741
Kirby,OH,40.813,-83.4196
Kirby,WY,43.8042,-108.1805
Kirbyville,MO,36.5792,-93.1263
Kirbyville,TX,30.6583,-93.8984
Kirk,CO,39.6171,-102.4776
Kirkersville,OH,39.961,-82.5998
Kirkland,AZ,34.4541,-112.8966
Kirkland,IL,42.1014,-88.8685
Kirkland,WA,47.69297,-122.19823
Kirklin,IN,40.2031,-86.3324
Kirkman,IA,41.7308,-95.2671
Kirksey,KY,36.6731,-88.4238
Kirksville,MO,40.1908,-92.5856
Kirkville,IA,41.1438,-92.5006
Kirkville,NY,43.0981,-75.955
Kirkwood,CA,38.6918,-120.0736
Kirkwood,DE,39.5776,-75.6901
Kirkwood,IL,40.8638,-90.7457
Kirkwood,NY,42.0695,-75.7967
Kirkwood,PA,39.8257,-76.0933
Kiron,IA,42.1794,-95.3115
Kirtland,NM,36.741,-108.351
Kirtland Afb,NM,35.0203,-106.5503
Kirvin,TX,31.7666,-96.3303
Kirwin,KS,39.6717,-99.1204
Kismet,KS,37.2042,-100.7014
Kissee Mills,MO,36.6704,-93.0377
Kissimmee,FL,28.26862,-81.44704
Kistler,WV,37.7562,-81.8601
Kit Carson,CA,38.6707,-120.1135
Kit Carson,CO,38.804,-102.8198
Kite,GA,32.7078,-82.5274
Kite,KY,37.3136,-82.7975
Kittanning,PA,40.8155,-79.5107
Kittery,ME,43.0921,-70.7429
Kittery Point,ME,43.0976,-70.7121
Kittitas,WA,46.9806,-120.4163
Kittredge,CO,39.6481,-105.2782
Kittrell,NC,36.2042,-78.4241
Kitts Hill,OH,38.5649,-82.5489
Kitty Hawk,NC,36.0646,-75.7057
Kitzmiller,MD,39.4169,-79.2222
Kivalina,AK,67.7269,-164.5333
Klamath,CA,41.5804,-124.0387
Klamath Falls,OR,42.2367,-121.77423
Klamath River,CA,41.8637,-122.8197
Klawock,AK,55.5526,-133.0555
Kleinfeltersville,PA,40.3005,-76.2584
Klemme,IA,43.0136,-93.5879
Klickitat,WA,45.8171,-121.1526
Klingerstown,PA,40.6676,-76.6507
Klondike,TX,33.3034,-95.8018
Knapp,WI,44.9545,-92.0752
Kneeland,CA,40.6405,-123.8826
Knickerbocker,TX,31.2501,-100.592
Knierim,IA,42.4555,-94.4569
Knife River,MN,46.9539,-91.778
Knifley,KY,37.2313,-85.172
Knightdale,NC,35.7789,-78.4898
Knights Landing,CA,38.8517,-121.7334
Knightsen,CA,37.9726,-121.6652
Knightstown,IN,39.806,-85.5261
Knightsville,IN,39.5269,-87.0869
Knippa,TX,29.2911,-99.6372
Knob Lick,KY,37.0556,-85.6985
Knob Lick,MO,37.6754,-90.3677
Knob Noster,MO,38.7667,-93.5585
Knobel,AR,36.3176,-90.599
Knott,TX,32.4125,-101.6517
Knotts Island,NC,36.5232,-75.9702
Knowlesville,NY,43.2363,-78.3138
Knox,IN,41.2809,-86.6082
Knox,ND,48.3388,-99.6713
Knox,NY,42.66,-74.1168
Knox,PA,41.2245,-79.5194
Knox City,MO,40.1384,-92.0077
Knox City,TX,33.4183,-99.8137
Knox Dale,PA,41.0862,-79.0264
Knoxboro,NY,42.9803,-75.5186
Knoxville,AL,32.9824,-87.7919
Knoxville,AR,35.3749,-93.3618
Knoxville,GA,32.7243,-83.9977
Knoxville,IA,41.3164,-93.0954
Knoxville,IL,40.9107,-90.2871
Knoxville,MD,39.3479,-77.6513
Knoxville,PA,41.9596,-77.4357
Knoxville,TN,35.97165,-83.96455
Kobuk,AK,66.9072,-156.8811
Kodak,TN,35.9722,-83.6171
Kodiak,AK,57.72787,-152.72983
Koeltztown,MO,38.3615,-92.0468
Kohler,WI,43.7381,-87.7867
Kokomo,IN,40.47223,-86.12958
Kokomo,MS,31.244,-90.0194
Koleen,IN,39.0371,-86.9616
Koloa,HI,21.9083,-159.4749
Konawa,OK,34.9708,-96.7343
Kongiganak,AK,59.9599,-162.8919
Koosharem,UT,38.5103,-111.8813
Kooskia,ID,46.116,-115.9459
Kootenai,ID,48.3102,-116.5135
Koppel,PA,40.8348,-80.328
Kopperl,TX,32.1035,-97.5421
Kopperston,WV,37.744,-81.575
Korbel,CA,40.7775,-123.8486
Kosciusko,MS,33.0446,-89.5724
Koshkonong,MO,36.6056,-91.6304
Kosse,TX,31.3147,-96.6195
Kossuth,PA,41.2926,-79.5655
Kotlik,AK,63.0295,-163.5542
Kotzebue,AK,66.8985,-162.5981
Kountze,TX,30.3703,-94.3259
Kouts,IN,41.3091,-87.024
Koyuk,AK,64.9319,-161.1569
Koyukuk,AK,64.8803,-157.7008
Kraemer,LA,29.8652,-90.5962
Krakow,WI,44.7635,-88.2593
Kramer,ND,48.6867,-100.6716
Kranzburg,SD,44.8923,-96.9174
Kreamer,PA,40.8031,-76.9639
Krebs,OK,34.9255,-95.7216
Kremlin,MT,48.56,-110.0513
Kremlin,OK,36.5207,-97.8542
Kremmling,CO,40.0632,-106.3955
Kresgeville,PA,40.8982,-75.5074
Kress,TX,34.3737,-101.737
Krotz Springs,LA,30.5379,-91.7563
Krum,TX,33.2734,-97.2675
Krypton,KY,37.3003,-83.3219
Kualapuu,HI,21.1601,-157.0277
Kula,HI,20.7534,-156.326
Kulm,ND,46.3073,-98.9427
Kulpmont,PA,40.7933,-76.4744
Kulpsville,PA,40.241,-75.3439
Kuna,ID,43.487,-116.3819
Kunia,HI,21.463,-158.0639
Kunkle,OH,41.6367,-84.4952
Kunkletown,PA,40.8999,-75.476
Kure Beach,NC,33.9927,-77.9099
Kurten,TX,30.7871,-96.2641
Kurthwood,LA,31.3374,-93.1657
Kurtistown,HI,19.5693,-155.0349
Kurtz,IN,38.9606,-86.2033
Kuttawa,KY,37.0619,-88.1498
Kutztown,PA,40.5214,-75.7774
Kwethluk,AK,60.8122,-161.4358
Kwigillingok,AK,59.8644,-163.1342
Kyburz,CA,38.7825,-120.2569
Kykotsmovi Village,AZ,35.8742,-110.6235
Kyle,SD,43.425,-102.1765
Kyle,TX,29.9966,-97.8335
Kyle,WV,37.4082,-81.4257
Kylertown,PA,40.9934,-78.1672
Kyles Ford,TN,36.5721,-83.0507
La Barge,WY,42.2473,-110.2109
La Belle,MO,40.1164,-91.9171
La Belle,PA,39.9983,-79.9754
La Blanca,TX,26.2928,-98.0378
La Canada Flintridge,CA,34.21045,-118.1965
La Center,KY,37.083,-88.973
La Center,WA,45.8806,-122.624
La Conner,WA,48.4093,-122.5313
La Coste,TX,29.3082,-98.8125
La Crescent,MN,43.8307,-91.3263
La Crescenta,CA,34.2279,-118.2429
La Crosse,FL,29.8433,-82.4048
La Crosse,IN,41.3157,-86.8682
La Crosse,KS,38.5311,-99.3097
La Crosse,VA,36.6613,-78.0754
La Crosse,WI,43.85177,-91.21117
La Farge,WI,43.6,-90.6365
La Fargeville,NY,44.1987,-75.9569
La Fayette,GA,34.692,-85.2602
La Fayette,IL,41.1095,-89.9575
La Fayette,KY,36.6582,-87.6563
La Fayette,NY,42.891,-76.1061
La Feria,TX,26.1666,-97.8261
La Follette,TN,36.4248,-84.0907
La Fontaine,IN,40.6909,-85.6971
La France,SC,34.6252,-82.7654
La Grande,OR,45.3304,-118.0852
La Grande,WA,46.8343,-122.3187
La Grange,AR,34.7697,-90.7552
La Grange,CA,37.6899,-120.3851
La Grange,IL,41.7842,-87.8689
La Grange,KY,38.40375,-85.42665
La Grange,MO,40.0391,-91.5182
La Grange,NC,35.3054,-77.7686
La Grange,TN,35.0454,-89.2437
La Grange,TX,29.904,-96.886
La Grange Park,IL,41.8318,-87.874
La Habra,CA,33.9273,-117.94973
La Harpe,IL,40.5846,-90.9687
La Harpe,KS,37.917,-95.2991
La Honda,CA,37.2726,-122.2495
La Jara,CO,37.2907,-106.0054
La Jara,NM,36.1194,-106.9923
La Jolla,CA,32.84694,-117.26978
La Jose,PA,40.7876,-78.6514
La Joya,NM,34.3813,-106.815
La Joya,TX,26.2426,-98.4747
La Junta,CO,37.9546,-103.6644
La Loma,NM,35.1734,-105.0775
La Luz,NM,32.9774,-105.9534
La Madera,NM,36.4654,-106.5785
La Marque,TX,29.3676,-94.9742
La Mesa,CA,32.76987,-117.01915
La Mesa,NM,32.1383,-106.7999
La Mirada,CA,33.9099,-118.01343
La Moille,IL,41.5376,-89.297
La Monte,MO,38.7753,-93.4313
La Motte,IA,42.3044,-90.6177
La Palma,CA,33.8491,-118.0398
La Pine,OR,43.7091,-121.5194
La Place,IL,39.7983,-88.7272
La Place,LA,30.08445,-90.48635
La Plata,MD,38.5257,-76.9865
La Plata,MO,40.0208,-92.5077
La Plata,NM,36.9576,-108.1792
La Plume,PA,41.5516,-75.7676
La Pointe,WI,46.8467,-90.6036
La Porte,IN,41.5492,-86.7088
La Porte,TX,29.6771,-95.03535
La Porte City,IA,42.3416,-92.1862
La Prairie,IL,40.1572,-90.9844
La Pryor,TX,28.9488,-99.8507
La Puente,CA,34.0283,-117.95562
La Push,WA,47.9052,-124.6261
La Quinta,CA,33.6719,-116.29943
La Rose,IL,40.9823,-89.2354
La Rue,OH,40.5789,-83.3734
La Russell,MO,37.1739,-94.0329
La Sal,UT,38.3122,-109.2482
La Salle,CO,40.3211,-104.7268
La Salle,IL,41.3442,-89.0955
La Salle,MI,41.8585,-83.4715
La Salle,MN,44.0727,-94.5795
La Salle,TX,28.7671,-96.6492
La Valle,WI,43.5699,-90.128
La Vergne,TN,35.93615,-86.4905
La Verkin,UT,37.2316,-113.2446
La Verne,CA,34.1159,-117.7708
La Vernia,TX,29.3509,-98.113
La Veta,CO,37.5117,-105.0575
La Villa,TX,26.2999,-97.9247
La Vista,NE,41.1814,-96.0658
La Ward,TX,28.8439,-96.4641
Labadie,MO,38.52,-90.877
Labadieville,LA,29.8345,-90.9613
Labelle,FL,26.7477,-81.4364
Labolt,SD,45.0415,-96.6892
Lac Du Flambeau,WI,45.9718,-89.8901
Lacarne,OH,41.5181,-83.0413
Lacassine,LA,30.2374,-92.9232
Lacey,WA,47.00105,-122.74255
Lacey Spring,VA,38.5284,-78.8552
Laceys Spring,AL,34.4996,-86.6129
Laceyville,PA,41.6662,-76.1426
Lachine,MI,45.0429,-83.7491
Lackawaxen,PA,41.482,-74.986
Lackey,KY,37.471,-82.8294
Lackey,VA,37.2232,-76.559
Laclede,ID,48.1702,-116.756
Laclede,MO,39.7837,-93.168
Lacombe,LA,30.322,-89.9297
Lacon,IL,41.0216,-89.4008
Lacona,IA,41.1988,-93.3838
Lacona,NY,43.6429,-76.0503
Laconia,IN,38.0527,-86.0844
Laconia,NH,43.58085,-71.4618
Laconia,TN,35.2904,-89.2322
Lacoochee,FL,28.4658,-82.172
Lacota,MI,42.4136,-86.1298
Lacrosse,WA,46.7717,-117.7703
Lacygne,KS,39.0478,-95.1538
Ladd,IL,41.3825,-89.219
Laddonia,MO,39.2425,-91.6454
Ladera Ranch,CA,33.5472,-117.6238
Ladiesburg,MD,39.5694,-77.2905
Ladoga,IN,39.9132,-86.8031
Ladonia,TX,33.4245,-95.9455
Ladora,IA,41.7564,-92.1873
Ladson,SC,32.993,-80.1257
Lady Lake,FL,28.9237,-81.92425
Ladysmith,VA,38.0176,-77.5153
Ladysmith,WI,45.4719,-91.1088
Lafayette,AL,32.9252,-85.4426
Lafayette,CA,37.8961,-122.1119
Lafayette,CO,39.998,-105.0963
Lafayette,IN,40.37688,-86.8716
Lafayette,LA,30.20873,-92.03587
Lafayette,MN,44.4073,-94.4365
Lafayette,NJ,41.0761,-74.6912
Lafayette,OH,40.7582,-83.9499
Lafayette,OR,45.2466,-123.1114
Lafayette,TN,36.539,-86.0242
Lafayette Hill,PA,40.0896,-75.2601
Lafe,AR,36.2359,-90.4811
Lafferty,OH,40.111,-81.0102
Lafitte,LA,29.7143,-90.1052
Lafox,IL,41.937,-88.4202
Lagrange,GA,33.03163,-85.02687
Lagrange,IN,41.652,-85.404
Lagrange,ME,45.1789,-68.8345
Lagrange,OH,41.2423,-82.1279
Lagrange,WY,41.6423,-104.1974
Lagrangeville,NY,41.6615,-73.745
Lagro,IN,40.8199,-85.7204
Laguna,NM,34.9625,-107.2325
Laguna Beach,CA,33.54295,-117.7814
Laguna Hills,CA,33.5979,-117.70695
Laguna Niguel,CA,33.5207,-117.71005
Laguna Park,TX,31.8593,-97.3797
Laguna Woods,CA,33.6103,-117.7253
Lagunitas,CA,38.0139,-122.7016
Lahaina,HI,20.892,-156.66195
Lahaska,PA,40.3286,-75.1028
Lahmansville,WV,39.1642,-79.0433
Lahoma,OK,36.385,-98.0727
Laie,HI,21.6253,-157.941
Laings,OH,39.7171,-81.01
Laingsburg,MI,42.8627,-84.353
Laird Hill,TX,32.3532,-94.9055
Lairdsville,PA,41.2359,-76.605
Lake,MI,43.8575,-85.0219
Lake,MS,32.3459,-89.3414
Lake,WV,37.9204,-81.9034
Lake Alfred,FL,28.0895,-81.7271
Lake Andes,SD,43.1303,-98.4964
Lake Ann,MI,44.7317,-85.8528
Lake Ariel,PA,41.4395,-75.4313
Lake Arrowhead,CA,34.2606,-117.2016
Lake Arthur,LA,30.091,-92.6825
Lake Arthur,NM,32.9982,-104.3666
Lake Benton,MN,44.2782,-96.291
Lake Bluff,IL,42.282,-87.856
Lake Bronson,MN,48.7787,-96.6431
Lake Butler,FL,30.0035,-82.3828
Lake Charles,LA,30.24435,-93.26164
Lake Cicott,IN,40.7361,-86.3734
Lake City,AR,35.8171,-90.4423
Lake City,CA,41.6682,-120.1814
Lake City,CO,37.9868,-107.302
Lake City,FL,30.18137,-82.64803
Lake City,IA,42.2705,-94.7458
Lake City,KS,37.3569,-98.8098
Lake City,MI,44.3767,-85.0946
Lake City,MN,44.4305,-92.2838
Lake City,PA,42.0204,-80.3388
Lake City,SC,33.8655,-79.7418
Lake City,SD,45.6899,-97.3481
Lake City,TN,36.2032,-84.1386
Lake Clear,NY,44.3375,-74.2381
Lake Como,FL,29.4839,-81.5729
Lake Como,PA,41.8666,-75.3231
Lake Cormorant,MS,34.8937,-90.1608
Lake Creek,TX,33.4116,-95.4551
Lake Crystal,MN,44.1202,-94.2184
Lake Dallas,TX,33.1219,-97.0237
Lake Delton,WI,43.5939,-89.7912
Lake Elmo,MN,44.9946,-92.9056
Lake Elmore,VT,44.5426,-72.5254
Lake Elsinore,CA,33.67353,-117.32627
Lake Forest,CA,33.6437,-117.6868
Lake Forest,IL,42.2374,-87.8482
Lake Fork,ID,44.8327,-116.0848
Lake Fork,IL,39.9706,-89.3505
Lake Geneva,FL,29.7683,-81.9907
Lake Geneva,WI,42.5881,-88.4554
Lake George,CO,39.0342,-105.4347
Lake George,MI,43.9634,-84.947
Lake George,MN,47.215,-95.0021
Lake George,NY,43.4167,-73.6975
Lake Grove,NY,40.8567,-73.1168
Lake Hamilton,FL,28.0369,-81.628
Lake Harbor,FL,26.6931,-80.8145
Lake Harmony,PA,41.0542,-75.6331
Lake Havasu City,AZ,34.4864,-114.28162
Lake Helen,FL,28.9806,-81.2334
Lake Hiawatha,NJ,40.8825,-74.383
Lake Hill,NY,42.0733,-74.2123
Lake Hopatcong,NJ,40.9506,-74.6129
Lake Hubert,MN,46.4987,-94.2519
Lake Hughes,CA,34.6847,-118.5442
Lake Huntington,NY,41.6782,-74.9949
Lake In The Hills,IL,42.1817,-88.3304
Lake Isabella,CA,35.669,-118.457
Lake Jackson,TX,29.0393,-95.4401
Lake Junaluska,NC,35.5258,-82.9704
Lake Katrine,NY,41.9918,-73.9924
Lake Leelanau,MI,44.9856,-85.7329
Lake Lillian,MN,44.966,-94.9014
Lake Linden,MI,47.1784,-88.2973
Lake Lure,NC,35.4464,-82.1752
Lake Luzerne,NY,43.3165,-73.8228
Lake Lynn,PA,39.7501,-79.8618
Lake Mary,FL,28.75125,-81.28705
Lake Mc Donald,MT,48.2989,-113.9497
Lake Mills,IA,43.4167,-93.5336
Lake Mills,WI,43.0816,-88.9133
Lake Milton,OH,41.1014,-80.9724
Lake Minchumina,AK,63.8828,-152.3122
Lake Monroe,FL,28.8272,-81.3329
Lake Montezuma,AZ,34.6417,-111.7872
Lake Nebagamon,WI,46.5023,-91.7402
Lake Norden,SD,44.5844,-97.2009
Lake Odessa,MI,42.7863,-85.1357
Lake Orion,MI,42.7567,-83.26585
Lake Oswego,OR,45.412,-122.7037
Lake Ozark,MO,38.2003,-92.6684
Lake Panasoffkee,FL,28.7953,-82.1363
Lake Park,GA,30.6906,-83.1753
Lake Park,IA,43.4452,-95.3216
Lake Park,MN,46.8176,-96.067
Lake Peekskill,NY,41.3374,-73.8838
Lake Placid,FL,27.2938,-81.3639
Lake Placid,NY,44.2796,-73.982
Lake Pleasant,MA,42.5566,-72.5181
Lake Pleasant,NY,43.6676,-74.4569
Lake Powell,UT,37.7489,-110.2269
Lake Preston,SD,44.3692,-97.3828
Lake Providence,LA,32.8071,-91.1906
Lake Saint Louis,MO,38.7936,-90.7854
Lake Spring,MO,37.7825,-91.6788
Lake Station,IN,41.5686,-87.2622
Lake Stevens,WA,48.0171,-122.0672
Lake Tomahawk,WI,45.8035,-89.5856
Lake Toxaway,NC,35.1451,-82.9191
Lake View,IA,42.3154,-95.0486
Lake View,NY,42.7215,-78.9327
Lake View,SC,34.3445,-79.1929
Lake Villa,IL,42.3813,-87.9991
Lake Village,AR,33.3274,-91.2825
Lake Village,IN,41.1387,-87.4454
Lake Waccamaw,NC,34.3394,-78.5102
Lake Wales,FL,27.88063,-81.5929
Lake Wilson,MN,44.0095,-95.9797
Lake Winola,PA,41.5096,-75.8508
Lake Worth,FL,26.60902,-80.1184
Lake Zurich,IL,42.2165,-88.0769
Lakebay,WA,47.2886,-122.7776
Lakefield,MN,43.6545,-95.1848
Lakehead,CA,40.9105,-122.4106
Lakehurst,NJ,40.0263,-74.3254
Lakeland,FL,28.04291,-81.96438
Lakeland,GA,31.0381,-83.0889
Lakeland,LA,30.5799,-91.4217
Lakeland,MI,42.4573,-83.8366
Lakeland,MN,44.9394,-92.7716
Lakemont,GA,34.7617,-83.4038
Lakemont,NY,42.5126,-76.927
Lakemore,OH,41.0222,-81.4279
Lakeport,CA,39.047,-122.9328
Lakeshore,CA,37.253,-119.1748
Lakeshore,FL,27.966,-81.6965
Lakeshore,MS,30.2391,-89.4595
Lakeside,AZ,34.1662,-109.9869
Lakeside,CA,32.8562,-116.9201
Lakeside,CT,41.6754,-73.242
Lakeside,MI,41.8485,-86.6694
Lakeside,MT,48.0215,-114.2266
Lakeside,NE,42.0496,-102.4437
Lakeside,OR,43.5833,-124.1624
Lakeside Marblehead,OH,41.5247,-82.7766
Laketon,IN,40.9743,-85.8375
Laketown,UT,41.8107,-111.2689
Lakeview,AR,36.373,-92.5422
Lakeview,MI,43.4269,-85.2924
Lakeview,NC,35.2438,-79.3086
Lakeview,OH,40.5019,-83.9202
Lakeview,OR,42.1854,-120.3775
Lakeview,TX,34.6724,-100.7259
Lakeville,CT,41.9516,-73.4377
Lakeville,IN,41.5253,-86.2714
Lakeville,MA,41.84165,-70.95385
Lakeville,MI,42.8214,-83.1502
Lakeville,MN,44.6749,-93.2578
Lakeville,NY,42.8296,-77.7149
Lakeville,OH,40.652,-82.1455
Lakeville,PA,41.4223,-75.2607
Lakewood,CA,33.83536,-118.1533
Lakewood,IL,39.3134,-88.8715
Lakewood,NJ,40.085,-74.2042
Lakewood,NM,32.6362,-104.365
Lakewood,NY,42.0973,-79.3291
Lakewood,OH,41.4847,-81.8018
Lakewood,PA,41.8171,-75.3838
Lakewood,WA,47.15878,-122.51772
Lakewood,WI,45.3163,-88.5032
Lakin,KS,37.9382,-101.2713
Lakota,IA,43.3772,-94.0938
Lakota,ND,47.972,-98.3246
Lamar,AR,35.4349,-93.3552
Lamar,CO,38.0841,-102.6192
Lamar,IN,38.0429,-86.9497
Lamar,MO,37.5191,-94.3364
Lamar,MS,34.9271,-89.3163
Lamar,OK,35.0836,-96.1142
Lamar,PA,41.0162,-77.5311
Lamar,SC,34.1862,-80.0963
Lamartine,PA,41.2226,-79.6339
Lambert,MS,34.1837,-90.263
Lambert,MT,47.7459,-104.5987
Lambert Lake,ME,45.5459,-67.5269
Lamberton,MN,44.2378,-95.2739
Lambertville,MI,41.7531,-83.6259
Lambertville,NJ,40.3731,-74.9266
Lambrook,AR,34.3286,-90.9652
Lambsburg,VA,36.5775,-80.7601
Lame Deer,MT,45.6032,-106.5654
Lamesa,TX,32.7367,-101.9569
Lamoille,NV,40.7505,-115.3631
Lamona,WA,47.3778,-118.5043
Lamoni,IA,40.6229,-93.9349
Lamont,CA,35.2571,-118.9124
Lamont,FL,30.3772,-83.8129
Lamont,IA,42.5946,-91.6701
Lamont,KS,38.1125,-96.0267
Lamont,MI,43.0103,-85.8975
Lamont,OK,36.6939,-97.5601
Lamont,WA,47.1887,-117.8755
Lamoure,ND,46.3844,-98.3587
Lampasas,TX,31.068,-98.1834
Lampe,MO,36.5767,-93.4516
Lampeter,PA,39.9885,-76.2387
Lamy,NM,35.4311,-105.9409
Lanagan,MO,36.606,-94.4551
Lanai City,HI,20.8293,-156.921
Lanark,IL,42.0935,-89.8247
Lanark,WV,37.8276,-81.1462
Lanark Village,FL,29.8826,-84.5964
Lancaster,CA,34.70752,-118.13437
Lancaster,IL,38.4034,-87.8187
Lancaster,KS,39.5952,-95.3036
Lancaster,KY,37.6584,-84.5969
Lancaster,MA,42.451,-71.6868
Lancaster,MN,48.9153,-96.6366
Lancaster,MO,40.5253,-92.5264
Lancaster,NH,44.4921,-71.5591
Lancaster,NY,42.9017,-78.6631
Lancaster,OH,39.7187,-82.6031
Lancaster,PA,40.04075,-76.30912
Lancaster,SC,34.73857,-80.73407
Lancaster,TN,36.0954,-85.8551
Lancaster,TX,32.60375,-96.7779
Lancaster,VA,37.7395,-76.5002
Lancaster,WI,42.8445,-90.7109
Lance Creek,WY,43.0325,-104.6419
Lancing,TN,36.1456,-84.7135
Land O Lakes,FL,28.2506,-82.47113
Land O Lakes,WI,46.1563,-89.3218
Landenberg,PA,39.7696,-75.7807
Lander,WY,42.9208,-108.5913
Landers,CA,34.3103,-116.5241
Landing,NJ,40.9087,-74.6554
Landis,NC,35.5435,-80.6129
Landisburg,PA,40.3326,-77.3191
Landisville,NJ,39.5239,-74.9377
Landisville,PA,40.0892,-76.4156
Lando,SC,34.7763,-81.0101
Landrum,SC,35.1565,-82.2115
Lane,IL,40.1235,-88.8597
Lane,KS,38.4347,-95.0804
Lane,OK,34.2691,-95.9685
Lane,SC,33.5083,-79.8715
Lane,SD,44.0696,-98.4252
Lane City,TX,29.2161,-96.0263
Lanesboro,IA,42.1845,-94.6917
Lanesboro,MN,43.7174,-91.9877
Lanesboro,PA,41.957,-75.5849
Lanesborough,MA,42.5173,-73.2282
Lanesville,IN,38.2448,-85.9593
Lanesville,NY,42.1332,-74.2443
Lanett,AL,32.8616,-85.2161
Laneview,VA,37.7681,-76.7117
Laneville,TX,31.9508,-94.866
Lanexa,VA,37.4194,-76.9027
Langdon,ND,48.7866,-98.3566
Langeloth,PA,40.3625,-80.4086
Langford,SD,45.6174,-97.7925
Langhorne,PA,40.17647,-74.91923
Langley,AR,34.314,-93.8509
Langley,KY,37.5381,-82.7976
Langley,OK,36.4645,-95.0478
Langley,SC,33.5179,-81.844
Langley,WA,48.0187,-122.453
Langlois,OR,42.9154,-124.4413
Langston,AL,34.5001,-86.1353
Langston,OK,35.9419,-97.2557
Langsville,OH,39.0697,-82.2499
Langtry,TX,29.8085,-101.5587
Langworthy,IA,42.192,-91.2258
Lanham,MD,38.90055,-76.8664
Lankin,ND,48.2952,-98.007
Lannon,WI,43.1497,-88.1639
Lanoka Harbor,NJ,39.862,-74.1668
Lansdale,PA,40.2378,-75.2955
Lansdowne,PA,39.9375,-75.2637
Lanse,MI,46.7704,-88.421
Lanse,PA,40.9605,-78.1144
Lansford,ND,48.6254,-101.3858
Lansford,PA,40.8314,-75.8828
Lansing,IA,43.3661,-91.266
Lansing,IL,41.566,-87.5446
Lansing,KS,39.2502,-94.8994
Lansing,MI,42.72389,-84.57133
Lansing,MN,43.7452,-92.9702
Lansing,NC,36.5176,-81.5269
Lansing,NY,42.5645,-76.5375
Lansing,OH,40.0756,-80.7901
Lansing,WV,38.0869,-81.0588
Lantry,SD,45.0144,-101.4315
Laona,WI,45.5534,-88.6715
Laotto,IN,41.2991,-85.1901
Lapaz,IN,41.4599,-86.3102
Lapeer,MI,43.0579,-83.3332
Lapel,IN,40.0854,-85.844
Lapine,AL,31.9657,-86.2844
Lapoint,UT,40.4003,-109.8041
Laporte,CO,40.6347,-105.1488
Laporte,MN,47.2368,-94.7772
Laporte,PA,41.4329,-76.5169
Lapwai,ID,46.4124,-116.7902
Laquey,MO,37.6953,-92.2808
Laramie,WY,41.37055,-105.62373
Larchmont,NY,40.9351,-73.7571
Larchwood,IA,43.4387,-96.4252
Laredo,MO,40.0144,-93.4407
Laredo,TX,27.51856,-99.46174
Largo,FL,27.88555,-82.78573
Larimer,PA,40.3453,-79.7264
Larimore,ND,47.9115,-97.6264
Larkspur,CA,37.9354,-122.53575
Larkspur,CO,39.2011,-104.8546
Larned,KS,38.1946,-99.101
Larose,LA,29.5724,-90.3817
Larrabee,IA,42.8608,-95.5453
Larsen,WI,44.1984,-88.6963
Larsen Bay,AK,57.54,-153.9786
Larslan,MT,48.5822,-106.2835
Larue,TX,32.1608,-95.5927
Larwill,IN,41.1646,-85.6139
Las Animas,CO,37.923,-103.0884
Las Cruces,NM,32.37968,-106.76909
Las Vegas,NM,35.5949,-105.2272
Las Vegas,NV,36.16001,-115.18753
Lasara,TX,26.4648,-97.9111
Lascassas,TN,35.9495,-86.3112
Lashmeet,WV,37.442,-81.2138
Lastrup,MN,46.0394,-94.0633
Latah,WA,47.2999,-117.1395
Latexo,TX,31.3952,-95.4741
Latham,IL,39.9711,-89.1725
Latham,KS,37.531,-96.6791
Latham,MO,38.5466,-92.6817
Latham,NY,42.7462,-73.763
Latham,OH,39.0804,-83.3283
Lathrop,CA,37.8209,-121.2827
Lathrop,MO,39.5177,-94.3093
Latimer,IA,42.7598,-93.3518
Laton,CA,36.4378,-119.7156
Latonia,KY,39.0217,-84.4989
Latrobe,PA,40.2926,-79.4103
Latta,SC,34.3398,-79.4417
Lattimer Mines,PA,40.9925,-75.9626
Lattimore,NC,35.3182,-81.6607
Latty,OH,41.0879,-84.5841
Lauderdale,MS,32.5022,-88.4956
Laughlin,NV,35.14625,-114.6916
Laughlin Afb,TX,29.3627,-100.8968
Laughlintown,PA,40.212,-79.1978
Laupahoehoe,HI,19.9802,-155.2323
Laura,IL,40.9335,-89.9349
Laura,OH,39.9785,-84.3994
Laurel,DE,38.5537,-75.5631
Laurel,FL,27.147,-82.4255
Laurel,IA,41.8829,-92.9263
Laurel,IN,39.4916,-85.208
Laurel,MD,39.09601,-76.84434
Laurel,MS,31.7073,-89.0808
Laurel,MT,45.6745,-108.769
Laurel,NE,42.427,-97.0874
Laurel,NY,40.9674,-72.554
Laurel Bloomery,TN,36.5793,-81.7254
Laurel Fork,VA,36.7073,-80.5148
Laurel Hill,FL,30.9524,-86.4003
Laurel Hill,NC,34.8238,-79.5491
Laurel Springs,NC,36.4449,-81.2606
Laurelton,PA,40.8831,-77.1986
Laurelville,OH,39.4757,-82.7212
Laurens,IA,42.8409,-94.8508
Laurens,NY,42.5383,-75.1279
Laurens,SC,34.499,-82.0143
Laurie,MO,38.1992,-92.8335
Laurier,WA,48.9753,-118.2208
Laurinburg,NC,34.77085,-79.47485
Laurys Station,PA,40.7177,-75.5335
Lava Hot Springs,ID,42.6185,-112.0176
Lavaca,AR,35.3661,-94.1917
Lavalette,WV,38.3305,-82.4287
Lavallette,NJ,39.9775,-74.0704
Laveen,AZ,33.3436,-112.1716
Lavelle,PA,40.7634,-76.3827
Laverne,OK,36.7062,-99.8918
Lavina,MT,46.3291,-108.9959
Lavinia,TN,35.8583,-88.6324
Lavon,TX,33.0139,-96.4377
Lavonia,GA,34.4528,-83.113
Lawai,HI,21.9309,-159.4993
Lawler,IA,43.0932,-92.144
Lawley,AL,32.8646,-86.9567
Lawn,PA,40.2236,-76.538
Lawn,TX,32.136,-99.7351
Lawndale,CA,33.88755,-118.3518
Lawndale,IL,40.2193,-89.2852
Lawndale,NC,35.4449,-81.5336
Lawnside,NJ,39.8676,-75.0317
Lawrence,KS,38.96718,-95.25106
Lawrence,MA,42.7044,-71.1636
Lawrence,MI,42.2076,-86.0525
Lawrence,MS,32.2876,-89.2724
Lawrence,NE,40.2767,-98.2402
Lawrence,NY,40.614,-73.733
Lawrence,PA,40.3058,-80.1219
Lawrence Township,NJ,40.2171,-74.7429
Lawrenceburg,IN,39.1401,-84.8658
Lawrenceburg,KY,38.0189,-84.9299
Lawrenceburg,TN,35.2507,-87.3526
Lawrenceville,GA,33.9517,-84.02168
Lawrenceville,IL,38.7309,-87.6784
Lawrenceville,NY,44.7469,-74.6604
Lawrenceville,PA,41.9783,-77.1136
Lawrenceville,VA,36.7342,-77.8136
Lawson,AR,33.1968,-92.4829
Lawson,MO,39.4401,-94.1966
Lawsonville,NC,36.5132,-80.2103
Lawtell,LA,30.5165,-92.1841
Lawtey,FL,30.0472,-82.1055
Lawton,IA,42.5047,-96.2189
Lawton,MI,42.1545,-85.829
Lawton,ND,48.3033,-98.4142
Lawton,OK,34.61472,-98.41248
Lawton,PA,41.7573,-76.0912
Lawtons,NY,42.5404,-78.9212
Layland,WV,37.8893,-80.9712
Layton,NJ,41.2299,-74.8466
Layton,UT,41.08625,-111.9489
Laytonville,CA,39.6627,-123.4929
Lazbuddie,TX,34.3847,-102.587
Lazear,CO,38.7817,-107.7808
Le Center,MN,44.3853,-93.7214
Le Claire,IA,41.6082,-90.3628
Le Grand,CA,37.2496,-120.2667
Le Grand,IA,42.0066,-92.7756
Le Mars,IA,42.7962,-96.1704
Le Raysville,PA,41.8434,-76.1796
Le Roy,IL,40.3468,-88.7598
Le Roy,KS,38.0874,-95.6227
Le Roy,MN,43.5315,-92.5065
Le Roy,NY,42.9774,-77.9851
Le Roy,WV,38.8888,-81.5326
Le Sueur,MN,44.4582,-93.8856
Leachville,AR,35.9332,-90.1955
Lead,SD,44.263,-103.8712
Lead Hill,AR,36.3848,-93.0039
Lead Hill,MO,36.9404,-92.9528
Leadore,ID,44.7389,-113.4926
Leadville,CO,39.2497,-106.3015
Leadwood,MO,37.8577,-90.5879
Leaf River,IL,42.1532,-89.3959
League City,TX,29.51445,-95.07725
Leakesville,MS,31.1238,-88.5595
Leakey,TX,29.769,-99.7479
Leamington,UT,39.5302,-112.2952
Leander,TX,30.5371,-97.8925
Leary,GA,31.4849,-84.5128
Leasburg,MO,38.092,-91.2965
Leasburg,NC,36.4151,-79.1942
Leavenworth,IN,38.1865,-86.3838
Leavenworth,KS,39.3015,-94.9339
Leavenworth,WA,47.6438,-120.6748
Leavittsburg,OH,41.2445,-80.8869
Leawood,KS,38.9667,-94.6169
Lebam,WA,46.5614,-123.5479
Lebanon,CT,41.633,-72.244
Lebanon,GA,34.2429,-84.4583
Lebanon,IL,38.6053,-89.7992
Lebanon,IN,40.0449,-86.4641
Lebanon,KS,39.8077,-98.556
Lebanon,KY,37.5658,-85.2668
Lebanon,ME,43.4597,-70.9152
Lebanon,MO,37.685,-92.655
Lebanon,NE,40.0506,-100.2763
Lebanon,NH,43.6435,-72.2473
Lebanon,NJ,40.6466,-74.829
Lebanon,OH,39.4293,-84.1735
Lebanon,OK,33.9687,-96.9064
Lebanon,OR,44.5316,-122.8821
Lebanon,PA,40.3564,-76.4172
Lebanon,SD,45.0123,-99.7366
Lebanon,TN,36.1788,-86.2855
Lebanon,VA,36.8809,-82.0956
Lebanon,WI,43.2568,-88.6281
Lebanon Junction,KY,37.8511,-85.7246
Lebeau,LA,30.7292,-91.9755
Lebec,CA,34.8818,-118.8566
Leblanc,LA,30.5648,-92.9583
Lebo,KS,38.4161,-95.8222
Leburn,KY,37.3794,-82.9523
Lecanto,FL,28.85545,-82.49815
Leck Kill,PA,40.7101,-76.6271
Leckrone,PA,39.8615,-79.8701
Lecompte,LA,31.106,-92.389
Lecompton,KS,39.0154,-95.4392
Lecontes Mills,PA,41.0831,-78.2833
Ledbetter,KY,37.0611,-88.4665
Ledbetter,TX,30.2383,-96.7613
Lederach,PA,40.2119,-75.3559
Ledger,MT,48.2643,-111.3886
Ledgewood,NJ,40.878,-74.6554
Ledyard,CT,41.4401,-71.9956
Ledyard,IA,43.4346,-94.1503
Lee,FL,30.3979,-83.2844
Lee,IL,41.7864,-88.9714
Lee,MA,42.299,-73.2317
Lee,ME,45.3635,-68.2909
Lee,NH,43.1192,-70.9969
Lee Center,IL,41.7488,-89.2827
Lee Center,NY,43.3148,-75.5055
Lee Vining,CA,37.989,-119.1234
Leechburg,PA,40.6344,-79.6201
Leedey,OK,35.8698,-99.3491
Leeds,AL,33.5283,-86.5748
Leeds,MA,42.3543,-72.7034
Leeds,ME,44.2834,-70.1253
Leeds,ND,48.2889,-99.4376
Leeds,NY,42.3045,-73.9457
Leeds,UT,37.2386,-113.3591
Leeds Point,NJ,39.4921,-74.429
Leeper,PA,41.3671,-79.3022
Lees Summit,MO,38.92839,-94.37297
Leesburg,AL,34.1911,-85.7705
Leesburg,FL,28.82957,-81.85608
Leesburg,GA,31.6812,-84.1593
Leesburg,IN,41.3266,-85.816
Leesburg,NJ,39.2568,-74.9874
Leesburg,OH,39.3458,-83.5481
Leesburg,TX,32.9763,-95.1079
Leesburg,VA,39.11388,-77.56713
Leesport,PA,40.4152,-75.9944
Leesville,LA,31.13455,-93.2173
Leesville,OH,40.4517,-81.212
Leesville,SC,33.9132,-81.4598
Leesville,TX,29.3961,-97.7566
Leeton,MO,38.5831,-93.6947
Leetonia,OH,40.8631,-80.7585
Leetsdale,PA,40.5662,-80.2099
Leflore,OK,34.8979,-94.9758
Lefor,ND,46.6684,-102.4986
Lefors,TX,35.4391,-100.8059
Left Hand,WV,38.6063,-81.2467
Leggett,CA,39.8481,-123.6615
Leggett,TX,30.8568,-94.8561
Lehi,UT,40.4022,-111.8907
Lehigh,IA,42.3526,-94.0342
Lehigh,KS,38.3771,-97.3043
Lehigh,OK,34.4756,-96.1889
Lehigh Acres,FL,26.6016,-81.65857
Lehigh Valley,PA,40.68413,-75.4562
Lehighton,PA,40.8299,-75.6974
Lehman,PA,41.3166,-76.021
Lehr,ND,46.2586,-99.3491
Leicester,MA,42.237,-71.9188
Leicester,NC,35.6498,-82.7106
Leicester,NY,42.7739,-77.899
Leigh,NE,41.7053,-97.2381
Leighton,AL,34.711,-87.5221
Leighton,IA,41.3647,-92.8081
Leipsic,OH,41.1092,-83.9957
Leisenring,PA,39.9985,-79.6435
Leitchfield,KY,37.4702,-86.3094
Leiter,WY,44.718,-106.2692
Leiters Ford,IN,41.1217,-86.3858
Leivasy,WV,38.1558,-80.6827
Lejunior,KY,36.8899,-83.1433
Leland,IA,43.3425,-93.6895
Leland,IL,41.6066,-88.7716
Leland,MI,45.0793,-85.9896
Leland,MS,33.3985,-90.8839
Leland,NC,34.268,-78.0578
Lelia Lake,TX,34.8843,-100.7674
Lemasters,PA,39.8594,-77.8579
Lemhi,ID,44.8516,-113.6198
Leming,TX,29.073,-98.4842
Lemitar,NM,34.156,-106.9044
Lemmon,SD,45.9159,-102.1928
Lemon Cove,CA,36.4969,-118.9941
Lemon Grove,CA,32.7379,-117.032
Lemon Springs,NC,35.3896,-79.1945
Lemont,IL,41.7074,-87.9756
Lemont,PA,40.8082,-77.8125
Lemont Furnace,PA,39.9311,-79.6477
Lemoore,CA,36.20355,-119.856
Lemoyne,NE,41.3236,-101.7673
Lemoyne,OH,41.4959,-83.4741
Lemoyne,PA,40.2469,-76.9001
Lempster,NH,43.2136,-72.1968
Lena,IL,42.3791,-89.8253
Lena,LA,31.4207,-92.8312
Lena,MS,32.6446,-89.5494
Lena,WI,44.956,-88.075
Lenapah,OK,36.8801,-95.6233
Lenexa,KS,38.9536,-94.7336
Lengby,MN,47.5158,-95.6359
Lenhartsville,PA,40.5736,-75.865
Lenni,PA,39.8942,-75.4456
Lennon,MI,42.9693,-83.9279
Lennox,SD,43.3451,-96.8821
Lenoir,NC,35.91445,-81.5394
Lenoir City,TN,35.79935,-84.24265
Lenora,KS,39.6105,-100.0028
Lenorah,TX,32.3046,-101.8762
Lenore,ID,46.5354,-116.513
Lenore,WV,37.799,-82.2868
Lenox,AL,31.3366,-87.1855
Lenox,GA,31.2664,-83.4481
Lenox,IA,40.8841,-94.5612
Lenox,MA,42.3642,-73.2713
Lenox,MO,37.6531,-91.7613
Lenox,TN,36.0892,-89.4984
Lenox Dale,MA,42.3386,-73.2509
Lenoxville,PA,41.6595,-75.6282
Lentner,MO,39.7123,-92.1489
Lenzburg,IL,38.295,-89.7922
Leo,IN,41.2249,-85.0301
Leola,AR,34.1856,-92.5979
Leola,PA,40.0964,-76.1921
Leola,SD,45.7228,-98.9409
Leoma,TN,35.1382,-87.3168
Leominster,MA,42.5274,-71.7563
Leon,IA,40.7373,-93.7429
Leon,KS,37.6813,-96.7526
Leon,NY,42.2983,-79.0062
Leon,OK,33.8793,-97.4292
Leon,VA,38.4285,-78.2678
Leon,WV,38.7048,-81.9145
Leona,TX,31.1421,-95.9284
Leonard,MI,42.8437,-83.1406
Leonard,MN,47.7334,-95.2481
Leonard,MO,39.9076,-92.1947
Leonard,ND,46.6593,-97.2725
Leonard,OK,35.9183,-95.7988
Leonard,TX,33.3796,-96.2475
Leonardo,NJ,40.4177,-74.0623
Leonardsville,NY,42.8087,-75.2527
Leonardtown,MD,38.2774,-76.638
Leonardville,KS,39.3644,-96.8589
Leonia,NJ,40.8629,-73.9879
Leonidas,MI,42.0294,-85.3497
Leonore,IL,41.1895,-88.9806
Leonville,LA,30.4752,-91.9737
Leopold,IN,38.1011,-86.6044
Leopold,MO,37.2609,-89.9227
Leopolis,WI,44.7812,-88.8722
Leota,MN,43.8404,-96.0128
Leoti,KS,38.4987,-101.3589
Lepanto,AR,35.6069,-90.3359
Lequire,OK,35.0867,-95.0974
Lerna,IL,39.3958,-88.253
Lerona,WV,37.4925,-80.9796
Leroy,AL,31.491,-87.9687
Leroy,IN,41.3594,-87.2708
Leroy,MI,44.0457,-85.43
Leroy,TX,31.7316,-97.0178
Lesage,WV,38.477,-82.2957
Leslie,AR,35.8272,-92.5663
Leslie,GA,31.954,-84.0783
Leslie,MI,42.4603,-84.4207
Leslie,MO,38.4555,-91.2328
Leslie,WV,38.0446,-80.7229
Lester,AL,34.9596,-87.1006
Lester,IA,43.4443,-96.3361
Lester,WV,37.7265,-81.3095
Lester Prairie,MN,44.8739,-94.0551
Lesterville,MO,37.482,-90.8425
Lesterville,SD,43.0394,-97.5956
Letart,WV,38.9311,-81.9751
Letcher,KY,37.1531,-82.9548
Letcher,SD,43.8923,-98.1743
Letha,ID,43.8963,-116.6462
Letohatchee,AL,32.0862,-86.488
Letona,AR,35.3617,-91.8293
Letts,IA,41.293,-91.204
Lettsworth,LA,30.9324,-91.7403
Leupp,AZ,35.3365,-110.9927
Levan,UT,39.5215,-111.9438
Levant,KS,39.3841,-101.2096
Levant,ME,44.8843,-68.9837
Levasy,MO,39.1356,-94.133
Levelland,TX,33.586,-102.36515
Levelock,AK,59.2905,-156.6503
Levels,WV,39.4976,-78.5508
Leverett,MA,42.4682,-72.4993
Levering,MI,45.6377,-84.7986
Levittown,NY,40.7254,-73.5166
Levittown,PA,40.15336,-74.8466
Lewellen,NE,41.3435,-102.1396
Lewes,DE,38.7381,-75.1747
Lewis,CO,37.5177,-108.6546
Lewis,IA,41.2963,-95.062
Lewis,IN,39.2733,-87.2637
Lewis,KS,37.9062,-99.248
Lewis,NY,44.3075,-73.5491
Lewis Center,OH,40.1879,-82.9878
Lewis Run,PA,41.8211,-78.6805
Lewisberry,PA,40.1463,-76.87
Lewisburg,KY,37.0037,-86.9887
Lewisburg,OH,39.8534,-84.5369
Lewisburg,PA,40.9702,-76.9099
Lewisburg,TN,35.4596,-86.7812
Lewisburg,WV,37.8083,-80.4407
Lewisport,KY,37.909,-86.8957
Lewiston,CA,40.746,-122.8426
Lewiston,ID,46.3646,-116.8609
Lewiston,ME,44.16417,-70.22353
Lewiston,MI,44.8538,-84.2973
Lewiston,MN,43.9702,-91.8662
Lewiston,NE,40.2309,-96.4049
Lewiston,NY,43.1722,-79.0215
Lewiston,UT,41.9701,-111.8768
Lewiston Woodville,NC,36.0933,-77.1439
Lewistown,IL,40.383,-90.1563
Lewistown,MO,40.0867,-91.8157
Lewistown,MT,47.0563,-109.4203
Lewistown,OH,40.4277,-83.9209
Lewistown,PA,40.5994,-77.5756
Lewisville,AR,33.3736,-93.5953
Lewisville,ID,43.6725,-112.0189
Lewisville,IN,39.8283,-85.3621
Lewisville,MN,43.9209,-94.4289
Lewisville,NC,36.0967,-80.4206
Lewisville,OH,39.7684,-81.2316
Lewisville,PA,39.7226,-75.8749
Lewisville,TX,33.04918,-97.01425
Lexa,AR,34.5979,-90.7523
Lexington,AL,34.9559,-87.3935
Lexington,GA,33.8799,-83.0858
Lexington,IL,40.6357,-88.8062
Lexington,IN,38.6523,-85.6252
Lexington,KY,38.02958,-84.48494
Lexington,MA,42.44945,-71.2216
Lexington,MI,43.2435,-82.5301
Lexington,MO,39.1742,-93.8714
Lexington,MS,33.125,-90.0557
Lexington,NC,35.8496,-80.2766
Lexington,NE,40.785,-99.7515
Lexington,NY,42.2404,-74.3654
Lexington,OK,35.0377,-97.2609
Lexington,OR,45.4264,-119.7464
Lexington,SC,33.93903,-81.23573
Lexington,TN,35.6512,-88.3927
Lexington,TX,30.4191,-97.0524
Lexington,VA,37.7885,-79.4581
Lexington Park,MD,38.2495,-76.4529
Libby,MT,48.3773,-115.5391
Liberal,KS,37.0327,-100.9333
Liberal,MO,37.5725,-94.5204
Liberty,IL,39.8892,-91.0869
Liberty,IN,39.6126,-84.9089
Liberty,KS,37.1576,-95.6017
Liberty,KY,37.3146,-84.9719
Liberty,ME,44.3741,-69.3306
Liberty,MO,39.2461,-94.4191
Liberty,MS,31.1384,-90.7133
Liberty,NC,35.8729,-79.5821
Liberty,NE,40.0801,-96.4804
Liberty,NY,41.7962,-74.7484
Liberty,PA,41.5656,-77.1195
Liberty,SC,34.7872,-82.6974
Liberty,TN,36.0067,-85.9678
Liberty,TX,30.0946,-94.7378
Liberty,WV,38.62,-81.7678
Liberty Center,IA,41.2071,-93.4993
Liberty Center,IN,40.7002,-85.2774
Liberty Center,OH,41.4514,-83.9859
Liberty Corner,NJ,40.6554,-74.5862
Liberty Hill,SC,34.457,-80.7892
Liberty Hill,TX,30.663,-97.9316
Liberty Lake,WA,47.6517,-117.0838
Liberty Mills,IN,41.0356,-85.7358
Libertytown,MD,39.4822,-77.2468
Libertyville,IA,40.9499,-92.025
Libertyville,IL,42.281,-87.95
Libuse,LA,31.3541,-92.3335
Lick Creek,KY,37.3592,-82.3092
Licking,MO,37.5091,-91.8556
Lickingville,PA,41.3789,-79.3715
Lidderdale,IA,42.1254,-94.7754
Lidgerwood,ND,46.0641,-97.1799
Liebenthal,KS,38.6557,-99.3203
Lightfoot,VA,37.3407,-76.7544
Lignite,ND,48.8481,-102.5542
Lignum,VA,38.3956,-77.83
Ligonier,IN,41.4662,-85.5927
Ligonier,PA,40.2431,-79.2375
Liguori,MO,38.3419,-90.4082
Lihue,HI,21.9816,-159.3683
Likely,CA,41.2329,-120.5079
Lilbourn,MO,36.5853,-89.6112
Lilburn,GA,33.913,-84.0552
Lilesville,NC,34.9689,-79.9721
Lillian,AL,30.3972,-87.4745
Lillian,TX,32.5065,-97.1875
Lillie,LA,32.9529,-92.6858
Lillington,NC,35.332,-78.9212
Lilliwaup,WA,47.5128,-123.0631
Lilly,GA,32.1471,-83.8774
Lilly,PA,40.4238,-78.6231
Lily,KY,37.0256,-84.0282
Lily Dale,NY,42.3524,-79.3235
Lima,IL,40.1775,-91.3785
Lima,MT,44.6441,-112.5625
Lima,NY,42.9012,-77.6083
Lima,OH,40.74733,-84.12225
Limaville,OH,40.9836,-81.1497
Lime Ridge,WI,43.4682,-90.1615
Lime Springs,IA,43.4556,-92.2733
Limekiln,PA,40.3356,-75.801
Limeport,PA,40.509,-75.4471
Limerick,ME,43.6963,-70.7866
Limerick,NY,44.0292,-76.043
Limestone,ME,46.90885,-67.9047
Limestone,NY,42.0639,-78.632
Limestone,PA,41.2023,-79.4538
Limestone,TN,36.254,-82.625
Limington,ME,43.726,-70.6752
Limon,CO,39.2676,-103.6889
Linch,WY,43.5651,-106.1728
Lincoln,AL,33.6059,-86.1112
Lincoln,AR,35.9569,-94.4272
Lincoln,CA,38.8942,-121.2908
Lincoln,DE,38.8613,-75.4
Lincoln,IA,42.2643,-92.693
Lincoln,IL,40.1451,-89.3684
Lincoln,KS,39.1027,-98.2149
Lincoln,MA,42.4217,-71.3137
Lincoln,ME,45.3508,-68.5077
Lincoln,MI,44.7111,-83.3947
Lincoln,MO,38.4073,-93.3668
Lincoln,MT,46.9575,-112.6651
Lincoln,NE,40.81756,-96.68893
Lincoln,NH,44.0582,-71.6727
Lincoln,NM,33.4869,-105.382
Lincoln,RI,41.9089,-71.4348
Lincoln,TX,30.3177,-96.9702
Lincoln,VA,39.0985,-77.6883
Lincoln,WA,47.8396,-118.4426
Lincoln City,IN,38.1242,-86.996
Lincoln City,OR,44.9089,-123.9888
Lincoln Park,MI,42.2422,-83.1807
Lincoln Park,NJ,40.9208,-74.2995
Lincoln University,PA,39.7787,-75.8876
Lincoln'S New Salem,IL,40.0311,-89.7867
Lincolndale,NY,41.3334,-73.7243
Lincolnshire,IL,42.1976,-87.9261
Lincolnton,GA,33.7773,-82.4435
Lincolnton,NC,35.48495,-81.21065
Lincolnville,KS,38.4933,-96.9626
Lincolnville,ME,44.3048,-69.0824
Lincolnville Center,ME,44.2979,-69.1075
Lincolnwood,IL,42.008,-87.7361
Lincroft,NJ,40.3369,-74.1205
Lind,WA,46.956,-118.7061
Lindale,GA,34.1707,-85.1825
Lindale,TX,32.5062,-95.4006
Linden,AL,32.3053,-87.7954
Linden,CA,38.032,-121.0493
Linden,IA,41.6422,-94.2406
Linden,IN,40.1833,-86.8905
Linden,MI,42.8104,-83.7993
Linden,NC,35.2276,-78.8004
Linden,NJ,40.6354,-74.2556
Linden,PA,41.2472,-77.1527
Linden,TN,35.5944,-87.8567
Linden,TX,33.0048,-94.3605
Linden,VA,38.8812,-78.0478
Linden,WI,42.9184,-90.2797
Lindenhurst,NY,40.6884,-73.3745
Lindenwood,IL,42.0507,-89.034
Lindley,NY,42.0284,-77.1397
Lindon,CO,39.7909,-103.4142
Lindon,UT,40.3412,-111.7144
Lindrith,NM,36.3249,-107.0495
Lindsay,CA,36.2096,-119.0884
Lindsay,MT,47.2024,-105.2089
Lindsay,NE,41.6926,-97.6711
Lindsay,OK,34.8211,-97.5998
Lindsay,TX,33.636,-97.2214
Lindsborg,KS,38.5761,-97.6739
Lindsey,OH,41.4147,-83.2135
Lindside,WV,37.4817,-80.6203
Lindstrom,MN,45.3873,-92.8421
Line Lexington,PA,40.2888,-75.2555
Lineboro,MD,39.7187,-76.8439
Linefork,KY,37.0233,-82.9878
Linesville,PA,41.6244,-80.4523
Lineville,AL,33.3286,-85.7346
Lineville,IA,40.6004,-93.4862
Lingle,WY,42.1346,-104.332
Lingleville,TX,32.2446,-98.3775
Lingo,NM,33.7176,-103.1451
Linkwood,MD,38.5403,-75.963
Linn,KS,39.6847,-97.0854
Linn,MO,38.4739,-91.8195
Linn,TX,26.6279,-98.2498
Linn,WV,38.9573,-80.73
Linn Creek,MO,38.0605,-92.6831
Linn Grove,IA,42.8742,-95.2512
Linn Grove,IN,40.645,-85.033
Linneus,MO,39.9099,-93.1885
Linthicum Heights,MD,39.2092,-76.6681
Linton,IN,39.0461,-87.1723
Linton,ND,46.1855,-100.2331
Linville,NC,36.0665,-81.8704
Linville,VA,38.5557,-78.8961
Linville Falls,NC,35.9593,-81.9429
Linwood,KS,39.0014,-95.0391
Linwood,MA,42.0973,-71.6448
Linwood,MI,43.7714,-84.0513
Linwood,NC,35.7562,-80.3749
Linwood,NE,41.4129,-96.9399
Linwood,NJ,39.3469,-74.5807
Linwood,NY,42.8943,-77.9216
Lionville,PA,40.0132,-75.499
Lipan,TX,32.5072,-97.9536
Lipscomb,TX,36.223,-100.2702
Lisbon,IA,41.9212,-91.3861
Lisbon,LA,32.8452,-92.8878
Lisbon,MD,39.3378,-77.072
Lisbon,ME,44.0255,-70.1139
Lisbon,ND,46.456,-97.6369
Lisbon,NH,44.2148,-71.8966
Lisbon,NY,44.7184,-75.2694
Lisbon,OH,40.7592,-80.7587
Lisbon Falls,ME,43.9978,-70.0734
Lisco,NE,41.5114,-102.5498
Liscomb,IA,42.184,-92.9833
Lisle,IL,41.7862,-88.0879
Lisle,NY,42.3409,-76.0302
Lisman,AL,32.2177,-88.3234
Lismore,MN,43.7339,-95.9682
Lissie,TX,29.5353,-96.2303
Listie,PA,40.0208,-79.0123
Litchfield,CA,40.4073,-120.4092
Litchfield,CT,41.7541,-73.2
Litchfield,IL,39.1793,-89.6499
Litchfield,ME,44.1634,-69.9581
Litchfield,MI,42.0369,-84.7673
Litchfield,MN,45.1263,-94.5268
Litchfield,NE,41.1686,-99.1415
Litchfield,NH,42.843,-71.455
Litchfield,OH,41.1668,-82.0157
Litchfield Park,AZ,33.5098,-112.4135
Litchville,ND,46.6536,-98.1943
Literberry,IL,39.8589,-90.2007
Lithia,FL,27.8293,-82.1357
Lithia Springs,GA,33.7655,-84.6469
Lithonia,GA,33.70895,-84.13095
Lithopolis,OH,39.8013,-82.8125
Lititz,PA,40.1846,-76.3015
Littcarr,KY,37.2409,-82.9488
Little America,WY,41.5436,-109.859
Little Birch,WV,38.579,-80.7068
Little Cedar,IA,43.3919,-92.7344
Little Chute,WI,44.2842,-88.312
Little Compton,RI,41.522,-71.1612
Little Creek,DE,39.1663,-75.4483
Little Deer Isle,ME,44.2847,-68.7058
Little Eagle,SD,45.6758,-100.8043
Little Elm,TX,33.1768,-96.9583
Little Falls,MN,45.9811,-94.3604
Little Falls,NJ,40.8835,-74.2144
Little Falls,NY,43.0474,-74.8606
Little Ferry,NJ,40.8493,-74.0405
Little Genesee,NY,42.0319,-78.2097
Little Hocking,OH,39.28,-81.7071
Little Lake,CA,35.9366,-117.9067
Little Lake,MI,46.2888,-87.3418
Little Meadows,PA,41.9766,-76.1185
Little Mountain,SC,34.1676,-81.4184
Little Neck,NY,40.76565,-73.739
Little Orleans,MD,39.6876,-78.3781
Little Plymouth,VA,37.6642,-76.8255
Little River,AL,31.2246,-87.7548
Little River,CA,39.2707,-123.7883
Little River,KS,38.4079,-98.0113
Little River,SC,33.8768,-78.6508
Little River Academy,TX,30.9863,-97.3586
Little Rock,AR,34.75943,-92.34474
Little Rock,IA,43.4496,-95.8926
Little Rock,MS,32.5049,-88.9955
Little Rock,SC,34.5613,-79.4335
Little Rock Air Force Base,AR,34.9074,-92.1397
Little Silver,NJ,40.3354,-74.0413
Little Sioux,IA,41.8083,-96.0314
Little Suamico,WI,44.7175,-88.0093
Little Switzerland,NC,35.8493,-82.0904
Little Valley,NY,42.2541,-78.8093
Little York,IL,41.0153,-90.7364
Little York,NJ,40.5637,-74.9494
Little York,NY,42.707,-76.1561
Littlefield,AZ,36.8872,-113.9297
Littlefield,TX,33.9212,-102.3207
Littlefork,MN,48.3852,-93.5399
Littlerock,CA,34.4891,-117.9708
Littlerock,WA,46.9024,-123.017
Littlestown,PA,39.7495,-77.1003
Littleton,CO,39.56429,-105.02889
Littleton,IL,40.2339,-90.619
Littleton,MA,42.5401,-71.4877
Littleton,NC,36.4169,-77.8528
Littleton,NH,44.3112,-71.7768
Littleton,WV,39.6592,-80.5695
Live Oak,CA,39.2601,-121.6923
Live Oak,FL,30.23575,-83.0074
Lively,VA,37.7572,-76.5118
Livermore,CA,37.7178,-121.7665
Livermore,CO,40.8701,-105.3766
Livermore,IA,42.8666,-94.1747
Livermore,KY,37.5045,-87.1239
Livermore,ME,44.4079,-70.215
Livermore Falls,ME,44.4325,-70.1427
Liverpool,IL,40.3902,-90.0026
Liverpool,NY,43.0947,-76.20273
Liverpool,PA,40.5753,-77.0083
Liverpool,TX,29.2667,-95.2889
Livingston,AL,32.5843,-88.1872
Livingston,CA,37.3763,-120.7252
Livingston,IL,38.969,-89.7668
Livingston,KY,37.3074,-84.2318
Livingston,LA,30.4741,-90.7673
Livingston,MT,45.6546,-110.5609
Livingston,NJ,40.7896,-74.3202
Livingston,NY,42.1421,-73.7574
Livingston,TN,36.389,-85.3205
Livingston,TX,30.7504,-94.88335
Livingston,WI,42.9044,-90.442
Livingston Manor,NY,41.8778,-74.827
Livonia,LA,30.5524,-91.5332
Livonia,MI,42.38398,-83.36222
Livonia,MO,40.5112,-92.7241
Livonia,NY,42.8135,-77.6635
Livonia Center,NY,42.8215,-77.6386
Lizella,GA,32.7773,-83.825
Lizemores,WV,38.3366,-81.1633
Lizton,IN,39.8843,-86.5429
Llano,CA,34.493,-117.7543
Llano,NM,36.14,-105.6817
Llano,TX,30.7151,-98.6109
Llewellyn,PA,40.6729,-76.2791
Lloyd,FL,30.4778,-84.0228
Lloyd,MT,47.9647,-109.2671
Loa,UT,38.4415,-111.5958
Loachapoka,AL,32.6043,-85.5933
Loami,IL,39.6704,-89.8588
Lobeco,SC,32.5527,-80.7434
Lobelville,TN,35.7467,-87.8251
Loch Sheldrake,NY,41.7789,-74.6614
Lochgelly,WV,38.0107,-81.1451
Lochloosa,FL,29.5116,-82.1004
Lochmere,NH,43.4686,-71.5371
Lock Haven,PA,41.1425,-77.4436
Lock Springs,MO,39.8489,-93.7774
Lockbourne,OH,39.8117,-82.97445
Locke,NY,42.6558,-76.4154
Lockeford,CA,38.1613,-121.1424
Lockesburg,AR,33.9306,-94.1276
Lockhart,AL,31.0105,-86.3497
Lockhart,SC,34.7865,-81.462
Lockhart,TX,29.8868,-97.6769
Lockney,TX,34.1458,-101.4259
Lockport,IL,41.593,-88.0507
Lockport,KY,38.4219,-84.9586
Lockport,LA,29.6155,-90.4442
Lockport,NY,43.1653,-78.6913
Lockridge,IA,41.0119,-91.7645
Lockwood,CA,35.95,-121.0626
Lockwood,MO,37.386,-93.9541
Lockwood,NY,42.1149,-76.5366
Loco,OK,34.3214,-97.6658
Loco Hills,NM,32.819,-103.9777
Locust,NC,35.2704,-80.4211
Locust Dale,VA,38.3572,-78.1229
Locust Fork,AL,33.905,-86.6261
Locust Gap,PA,40.7727,-76.4383
Locust Grove,AR,35.7177,-91.7414
Locust Grove,GA,33.3449,-84.0982
Locust Grove,OK,36.1819,-95.1689
Locust Grove,VA,38.3352,-77.7709
Locust Hill,VA,37.5826,-76.4984
Locust Valley,NY,40.8817,-73.5927
Locustdale,PA,40.7773,-76.3761
Locustville,VA,37.6534,-75.6735
Loda,IL,40.5241,-88.0927
Lodge,SC,33.0377,-80.9417
Lodge Grass,MT,45.3166,-107.3675
Lodgepole,NE,41.1697,-102.657
Lodgepole,SD,45.8232,-102.7599
Lodi,CA,38.12857,-121.28747
Lodi,MO,37.1196,-90.445
Lodi,NJ,40.8764,-74.0838
Lodi,NY,42.5966,-76.8339
Lodi,OH,41.0327,-82.0147
Lodi,TX,32.8718,-94.2729
Lodi,WI,43.327,-89.5554
Log Lane Village,CO,40.2707,-103.8338
Logan,AL,34.1377,-87.0266
Logan,IA,41.643,-95.7889
Logan,IL,37.9559,-88.8403
Logan,KS,39.6611,-99.5687
Logan,NM,35.3681,-103.4383
Logan,OH,39.5372,-82.4126
Logan,UT,41.7249,-111.8401
Logan,WV,37.8487,-81.9935
Logandale,NV,36.5935,-114.4683
Logansport,IN,40.7604,-86.3599
Logansport,LA,31.9943,-93.9627
Loganton,PA,41.0283,-77.3204
Loganville,GA,33.8769,-83.8968
Loganville,PA,39.8536,-76.708
Loganville,WI,43.405,-90.0337
Logsden,OR,44.7432,-123.7943
Lohman,MO,38.5484,-92.3842
Lohn,TX,31.3173,-99.3833
Lohrville,IA,42.2619,-94.5566
Loleta,CA,40.6589,-124.2251
Lolita,TX,28.7724,-96.4793
Lolo,MT,46.7585,-114.1097
Loma,CO,39.2279,-108.8149
Loma,MT,47.9546,-110.4995
Loma Linda,CA,34.0498,-117.2579
Loma Mar,CA,37.2708,-122.2807
Loman,MN,48.5164,-93.8407
Lomax,IL,40.6761,-91.0391
Lombard,IL,41.8721,-88.016
Lometa,TX,31.2167,-98.4006
Lomira,WI,43.5795,-88.4513
Lomita,CA,33.7938,-118.3172
Lompoc,CA,34.68357,-120.4752
Lonaconing,MD,39.5757,-78.9915
London,AR,35.3744,-93.2736
London,KY,37.13217,-84.0949
London,OH,39.9001,-83.4439
London,TX,30.6768,-99.5765
London,WV,38.196,-81.3714
London Mills,IL,40.695,-90.2616
Londonderry,NH,42.8656,-71.3772
Londonderry,OH,39.2723,-82.7833
Londonderry,VT,43.2281,-72.788
Lone,KY,37.5442,-83.6008
Lone Grove,OK,34.1774,-97.2685
Lone Jack,MO,38.8918,-94.1615
Lone Mountain,TN,36.3906,-83.5849
Lone Oak,TX,32.9916,-95.9434
Lone Pine,CA,36.5798,-118.0578
Lone Rock,IA,43.1666,-94.3586
Lone Rock,WI,43.2208,-90.2352
Lone Star,TX,32.9252,-94.7049
Lone Tree,CO,39.5517,-104.8863
Lone Tree,IA,41.4988,-91.4363
Lone Wolf,OK,34.9806,-99.2502
Lonedell,MO,38.2743,-90.8903
Lonepine,MT,47.7251,-114.657
Lonetree,WY,41.0552,-110.1603
Long Barn,CA,38.093,-120.1344
Long Beach,CA,33.78825,-118.19526
Long Beach,MS,30.3598,-89.1646
Long Beach,NY,40.5877,-73.6595
Long Beach,WA,46.3774,-124.047
Long Bottom,OH,39.0802,-81.8887
Long Branch,NJ,40.2992,-73.9912
Long Branch,TX,32.0449,-94.5381
Long Creek,OR,44.7554,-119.097
Long Creek,SC,34.7634,-83.2776
Long Eddy,NY,41.8644,-75.0942
Long Green,MD,39.4729,-76.523
Long Grove,IA,41.7213,-90.5534
Long Island,KS,39.9517,-99.5391
Long Island,ME,43.692,-70.1551
Long Island,VA,37.0644,-79.1219
Long Island City,NY,40.74493,-73.9469
Long Key,FL,24.8306,-80.8049
Long Lake,MI,44.4197,-83.8719
Long Lake,MN,44.9912,-93.5818
Long Lake,NY,43.9477,-74.4662
Long Lake,SD,45.8566,-99.2051
Long Lake,WI,45.9138,-88.6235
Long Lane,MO,37.5808,-92.9309
Long Pine,NE,42.5364,-99.7007
Long Point,IL,40.9896,-88.8811
Long Pond,PA,41.0677,-75.4482
Long Prairie,MN,45.9747,-94.8656
Long Valley,NJ,40.7878,-74.787
Long Valley,SD,43.4754,-101.4294
Longboat Key,FL,27.4125,-82.659
Longbranch,WA,47.2007,-122.7561
Longdale,OK,36.1212,-98.55
Longford,KS,39.1834,-97.2499
Longleaf,LA,31.0066,-92.5526
Longmeadow,MA,42.1107,-72.5862
Longmire,WA,46.7498,-121.8126
Longmont,CO,40.1579,-105.0789
Longport,NJ,39.3194,-74.5356
Longs,SC,33.9064,-78.7934
Longstreet,LA,32.0977,-93.9521
Longton,KS,37.3905,-96.0814
Longview,IL,39.9012,-88.0753
Longview,TX,32.50996,-94.76482
Longview,WA,46.1514,-122.9634
Longville,LA,30.58,-93.2548
Longville,MN,47.0248,-94.1982
Longwood,FL,28.7296,-81.3036
Longwood,NC,33.9973,-78.5541
Lonoke,AR,34.7832,-91.9214
Lonsdale,AR,34.5562,-92.834
Lonsdale,MN,44.4477,-93.4252
Loogootee,IN,38.6629,-86.9137
Lookeba,OK,35.3679,-98.3898
Lookout,CA,41.2347,-121.2156
Lookout,KY,37.3148,-82.465
Lookout,WV,38.0654,-80.9684
Lookout Mountain,GA,34.9335,-85.3794
Lookout Mountain,TN,34.9948,-85.3506
Loomis,CA,38.8071,-121.1698
Loomis,NE,40.4792,-99.4979
Loomis,WA,48.8696,-119.6427
Loon Lake,WA,48.0784,-117.6325
Looneyville,WV,38.6641,-81.2822
Loop,TX,32.9162,-102.4221
Loose Creek,MO,38.4717,-91.9591
Lopeno,TX,26.7114,-99.11
Lopez,PA,41.418,-76.3002
Lopez Island,WA,48.4988,-122.8743
Lorado,WV,37.7957,-81.7148
Lorain,OH,41.44197,-82.16993
Loraine,IL,40.1532,-91.213
Loraine,TX,32.4112,-100.7123
Lorane,OR,43.8376,-123.239
Loranger,LA,30.5884,-90.3567
Lordsburg,NM,32.316,-108.723
Lore City,OH,40.0459,-81.4479
Loreauville,LA,30.0683,-91.6596
Lorena,TX,31.4093,-97.2302
Lorentz,WV,39.0109,-80.3023
Lorenzo,TX,33.6666,-101.5277
Loretto,KY,37.6421,-85.4113
Loretto,MI,45.7772,-87.8151
Loretto,MN,45.03093,-93.50478
Loretto,PA,40.5105,-78.6294
Loretto,TN,35.0728,-87.427
Loretto,VA,38.0789,-77.0485
Lorida,FL,27.415,-81.1965
Lorimor,IA,41.1233,-94.0639
Loring,MT,48.7983,-107.8686
Loris,SC,34.0558,-78.9161
Lorman,MS,31.8383,-91.0957
Lorraine,KS,38.5652,-98.29
Lorraine,NY,43.7568,-75.9053
Lorton,NE,40.5973,-96.0241
Lorton,VA,38.6986,-77.2159
Los Alamitos,CA,33.79895,-118.0669
Los Alamos,CA,34.7457,-120.2049
Los Alamos,NM,35.8651,-106.28145
Los Altos,CA,37.37377,-122.1087
Los Angeles,CA,34.03372,-118.28135
Los Banos,CA,37.0627,-120.8544
Los Ebanos,TX,26.2434,-98.5617
Los Fresnos,TX,26.1158,-97.4107
Los Gatos,CA,37.19565,-121.972
Los Indios,TX,26.0492,-97.745
Los Lunas,NM,34.7806,-106.7115
Los Molinos,CA,40.0497,-122.0992
Los Ojos,NM,36.7292,-106.57
Los Olivos,CA,34.6678,-120.1149
Los Osos,CA,35.31415,-120.83285
Losantville,IN,40.0475,-85.2108
Lost City,WV,38.9812,-78.7448
Lost Creek,KY,37.4418,-83.2976
Lost Creek,PA,40.8081,-76.2407
Lost Creek,WV,39.1725,-80.3777
Lost Hills,CA,35.6163,-119.6943
Lost Nation,IA,41.9745,-90.8265
Lost Springs,KS,38.5657,-96.9799
Lost Springs,WY,43.0421,-104.7973
Lostant,IL,41.145,-89.075
Lostine,OR,45.4939,-117.4359
Lothair,MT,48.4717,-111.2322
Lothian,MD,38.8029,-76.6628
Lott,TX,31.1925,-97.0581
Lottie,LA,30.5563,-91.6418
Lottsburg,VA,37.9792,-76.5018
Lotus,CA,38.8278,-120.9238
Louann,AR,33.4169,-92.777
Loudon,NH,43.3193,-71.467
Loudon,TN,35.7292,-84.3436
Loudonville,OH,40.6361,-82.2356
Loughman,FL,28.242,-81.5667
Louin,MS,32.0997,-89.2199
Louisa,KY,38.1043,-82.6056
Louisa,VA,38.0132,-78.0347
Louisburg,KS,38.6073,-94.6829
Louisburg,MO,37.7542,-93.1566
Louisburg,NC,36.0578,-78.2586
Louise,MS,32.9919,-90.5893
Louise,TX,29.1114,-96.4033
Louisiana,MO,39.4336,-91.0664
Louisville,AL,31.7943,-85.5581
Louisville,CO,39.9789,-105.1456
Louisville,GA,33.0163,-82.3836
Louisville,IL,38.7718,-88.5065
Louisville,KY,38.20845,-85.69631
Louisville,MS,33.1058,-89.0287
Louisville,NE,40.9967,-96.1948
Louisville,OH,40.8477,-81.2595
Louisville,TN,35.8375,-84.0089
Loup City,NE,41.2845,-98.9751
Louvale,GA,32.1752,-84.8252
Louviers,CO,39.4764,-105.0075
Lovejoy,GA,33.4429,-84.3136
Lovejoy,IL,38.44,-89.9835
Lovelaceville,KY,36.9687,-88.8309
Lovelady,TX,31.0564,-95.5501
Loveland,CO,40.40297,-105.08553
Loveland,OH,39.2445,-84.2588
Loveland,OK,34.391,-98.7235
Lovell,ME,44.1614,-70.93
Lovell,WY,44.8336,-108.4141
Lovelock,NV,40.1819,-118.4689
Lovely,KY,37.8259,-82.4013
Loves Park,IL,42.32643,-89.13625
Lovettsville,VA,39.2204,-77.6596
Loveville,MD,38.3593,-76.6833
Lovilia,IA,41.1272,-92.9293
Loving,NM,32.274,-104.0914
Loving,TX,33.2689,-98.5024
Lovingston,VA,37.7924,-78.8684
Lovington,IL,39.7192,-88.6417
Lovington,NM,32.9512,-103.3488
Low Moor,IA,41.8017,-90.3549
Low Moor,VA,37.7887,-79.8837
Lowake,TX,31.5663,-100.0759
Lowber,PA,40.2459,-79.7709
Lowden,IA,41.8594,-90.9382
Lowder,IL,39.5509,-89.8459
Lowell,AR,36.2554,-94.1308
Lowell,FL,29.3424,-82.2126
Lowell,IN,41.2845,-87.4191
Lowell,MA,42.64092,-71.3176
Lowell,MI,42.955,-85.3653
Lowell,NC,35.2655,-81.096
Lowell,OH,39.5385,-81.5197
Lowell,OR,43.921,-122.7806
Lowell,VT,44.7961,-72.4501
Lowell,WI,43.342,-88.7873
Lowellville,OH,41.0503,-80.5416
Lower Brule,SD,44.0937,-99.6139
Lower Kalskag,AK,61.5138,-160.36
Lower Lake,CA,38.8915,-122.5914
Lower Peach Tree,AL,31.8504,-87.5682
Lower Salem,OH,39.5611,-81.3968
Lower Waterford,VT,44.3821,-71.9195
Lowes,KY,36.8862,-88.7728
Lowgap,NC,36.503,-80.7889
Lowland,NC,35.306,-76.5777
Lowland,TN,36.2133,-83.2752
Lowman,ID,44.1106,-115.5285
Lowman,NY,42.0694,-76.693
Lowmansville,KY,37.9315,-82.7349
Lowndes,MO,37.1343,-90.2544
Lowndesboro,AL,32.2943,-86.6471
Lowndesville,SC,34.2126,-82.6496
Lowpoint,IL,40.8793,-89.3703
Lowry,MN,45.7105,-95.5322
Lowry,VA,37.3484,-79.4271
Lowry City,MO,38.1404,-93.7114
Lowville,NY,43.7893,-75.4156
Loxahatchee,FL,26.7383,-80.276
Loxley,AL,30.618,-87.7562
Loyal,OK,35.9705,-98.1155
Loyal,WI,44.7272,-90.4922
Loyalhanna,PA,40.3222,-79.3601
Loyall,KY,36.8481,-83.353
Loyalton,CA,39.663,-120.2297
Loysburg,PA,40.1609,-78.375
Loysville,PA,40.3658,-77.4138
Lozano,TX,26.1904,-97.5423
Lu Verne,IA,42.9868,-94.0959
Luana,IA,43.0493,-91.4583
Lubbock,TX,33.57427,-101.87112
Lubec,ME,44.9043,-67.0408
Lublin,WI,45.0739,-90.7337
Lucama,NC,35.6415,-78.0197
Lucan,MN,44.4132,-95.4119
Lucas,IA,41.0585,-93.4836
Lucas,KS,39.0581,-98.5352
Lucas,KY,36.8516,-86.0523
Lucas,OH,40.7039,-82.4087
Lucasville,OH,38.88665,-82.9954
Lucedale,MS,30.8668,-88.649
Lucerne,CA,39.0783,-122.7846
Lucerne,CO,40.4824,-104.7054
Lucerne,IN,40.8614,-86.4077
Lucerne,MO,40.4382,-93.2867
Lucerne Valley,CA,34.447,-116.9189
Lucernemines,PA,40.5567,-79.1515
Lucien,OK,36.2753,-97.4526
Lucile,ID,45.557,-116.2669
Lucinda,PA,41.3124,-79.3754
Luck,WI,45.5568,-92.4164
Luckey,OH,41.4517,-83.4674
Ludell,KS,39.863,-100.9604
Ludington,MI,43.9688,-86.4403
Ludlow,CA,34.7211,-116.16
Ludlow,IL,40.3747,-88.138
Ludlow,MA,42.1728,-72.471
Ludlow,MO,39.6551,-93.7046
Ludlow,MS,32.566,-89.7135
Ludlow,PA,41.7284,-78.9434
Ludlow,SD,45.8366,-103.3491
Ludlow,VT,43.3929,-72.7002
Ludlow Falls,OH,39.9871,-84.3334
Ludowici,GA,31.7705,-81.7453
Luebbering,MO,38.2615,-90.8027
Lueders,TX,32.8712,-99.5783
Lufkin,TX,31.3192,-94.70748
Lugoff,SC,34.2296,-80.7147
Lukachukai,AZ,36.4181,-109.2446
Luke,MD,39.4774,-79.0594
Luke Air Force Base,AZ,33.5387,-112.186
Lukeville,AZ,31.8826,-112.8157
Lula,GA,34.3876,-83.6663
Lula,MS,34.4618,-90.4981
Luling,LA,29.9251,-90.3693
Luling,TX,29.6826,-97.6499
Lulu,FL,30.0754,-82.5385
Lumber Bridge,NC,34.8762,-79.0664
Lumber City,GA,31.9251,-82.7073
Lumberport,WV,39.3781,-80.3676
Lumberton,MS,31.0013,-89.4523
Lumberton,NC,34.63557,-79.0437
Lumberton,NJ,39.9651,-74.8067
Lumberton,TX,30.2818,-94.2191
Lumberville,PA,40.3286,-75.1028
Lummi Island,WA,48.7128,-122.6823
Lumpkin,GA,32.0435,-84.8022
Luna,NM,33.8189,-108.9545
Luna Pier,MI,41.8146,-83.4382
Lund,NV,38.8641,-115.0069
Lunenburg,MA,42.5884,-71.7266
Lunenburg,VA,36.9291,-78.2915
Lunenburg,VT,44.4663,-71.693
Luning,NV,38.5063,-118.1815
Lupton,AZ,35.3539,-109.0537
Lupton,MI,44.3976,-83.9905
Lupton City,TN,35.1045,-85.2631
Luray,KS,39.1039,-98.6851
Luray,MO,40.4931,-91.8912
Luray,SC,32.8138,-81.2398
Luray,TN,35.5355,-88.5379
Luray,VA,38.6548,-78.4596
Lurgan,PA,40.1055,-77.6405
Lusby,MD,38.3661,-76.4346
Lusk,WY,42.766,-104.4651
Lutcher,LA,30.0447,-90.7008
Luther,IA,41.9387,-93.8371
Luther,MI,44.0545,-85.6826
Luther,OK,35.6617,-97.1956
Luthersburg,PA,41.0532,-78.7428
Luthersville,GA,33.2101,-84.7444
Lutherville Timonium,MD,39.4361,-76.62335
Lutsen,MN,47.6831,-90.6381
Luttrell,TN,36.2001,-83.76
Lutts,TN,35.1138,-87.8923
Lutz,FL,28.15067,-82.4688
Luverne,AL,31.7074,-86.2566
Luverne,MN,43.6614,-96.2216
Luverne,ND,47.2319,-97.9314
Luxemburg,IA,42.5783,-91.0621
Luxemburg,WI,44.5506,-87.7156
Luxor,PA,40.3342,-79.4781
Luxora,AR,35.7608,-89.922
Luzerne,IA,41.9061,-92.1793
Luzerne,MI,44.6001,-84.2931
Luzerne,PA,41.2843,-75.8935
Lyburn,WV,37.7656,-81.9217
Lycoming,NY,43.4987,-76.3858
Lydia,LA,29.9239,-91.7831
Lydia,SC,34.289,-80.1123
Lyerly,GA,34.403,-85.4038
Lyford,TX,26.4089,-97.7817
Lykens,PA,40.5909,-76.7074
Lyle,MN,43.5309,-92.9328
Lyle,WA,45.745,-121.2501
Lyles,TN,35.8502,-87.3127
Lyman,NE,41.8918,-104.0066
Lyman,SC,34.9684,-82.1435
Lyman,UT,38.3969,-111.5896
Lyman,WA,48.5345,-122.0586
Lyman,WY,41.3291,-110.2926
Lyme,NH,43.7913,-72.162
Lyme Center,NH,43.7863,-72.1205
Lynbrook,NY,40.6571,-73.6741
Lynch,KY,36.9603,-82.9198
Lynch,NE,42.8373,-98.4504
Lynch Station,VA,37.1528,-79.3297
Lynchburg,MO,37.5054,-92.3202
Lynchburg,OH,39.2119,-83.8021
Lynchburg,SC,34.0526,-80.0988
Lynchburg,TN,35.2706,-86.372
Lynchburg,VA,37.37524,-79.15854
Lynco,WV,37.6982,-81.6771
Lynd,MN,44.4032,-95.9233
Lyndeborough,NH,42.8954,-71.7744
Lyndell,PA,40.0582,-75.7433
Lynden,WA,48.9372,-122.4592
Lyndhurst,NJ,40.8094,-74.1245
Lyndhurst,VA,37.9744,-78.9361
Lyndon,IL,41.7199,-89.9169
Lyndon,KS,38.6356,-95.6802
Lyndon,VT,44.4976,-71.9505
Lyndon Center,VT,44.5416,-72.0175
Lyndon Station,WI,43.6899,-89.8915
Lyndonville,NY,43.3233,-78.3811
Lyndonville,VT,44.5555,-72.0715
Lyndora,PA,40.8528,-79.9167
Lynn,AL,34.053,-87.5398
Lynn,AR,35.9813,-91.2676
Lynn,IN,40.0519,-84.93
Lynn,MA,42.46848,-70.9584
Lynn,NC,35.2362,-82.2362
Lynn Center,IL,41.2888,-90.3304
Lynn Haven,FL,30.2362,-85.6467
Lynndyl,UT,39.4943,-112.3979
Lynnfield,MA,42.5327,-71.0339
Lynnville,IA,41.5698,-92.7877
Lynnville,IN,38.1961,-87.2935
Lynnville,KY,36.5603,-88.5692
Lynnville,TN,35.3792,-87.0629
Lynnwood,WA,47.83175,-122.28482
Lynwood,CA,33.9241,-118.2013
Lynx,OH,38.7391,-83.4262
Lynxville,WI,43.2464,-91.0562
Lyon,MS,34.2474,-90.4981
Lyon Mountain,NY,44.7649,-73.94625
Lyon Station,PA,40.5218,-75.7419
Lyons,CO,40.2357,-105.3231
Lyons,GA,32.1711,-82.3078
Lyons,IL,41.813,-87.8236
Lyons,IN,38.9717,-87.1016
Lyons,KS,38.3349,-98.1831
Lyons,MI,42.9634,-84.9209
Lyons,NE,41.9442,-96.4661
Lyons,NJ,40.6674,-74.5539
Lyons,NY,43.0777,-76.9896
Lyons,OH,41.6905,-84.0624
Lyons,OR,44.7499,-122.595
Lyons,SD,43.7285,-96.8709
Lyons,TX,30.3863,-96.5633
Lyons,WI,42.6487,-88.359
Lyons Falls,NY,43.6262,-75.3553
Lysite,WY,43.3284,-107.6488
Lytle,TX,29.2366,-98.7945
Lytle Creek,CA,34.2558,-117.5186
Lytton,IA,42.423,-94.8597
Mabank,TX,32.33285,-96.09345
Mabel,MN,43.5446,-91.7806
Mabelvale,AR,34.6478,-92.3849
Maben,MS,33.5686,-89.0605
Maben,WV,37.6387,-81.394
Mabie,WV,38.8765,-79.9831
Mableton,GA,33.8332,-84.6031
Mabscott,WV,37.77,-81.2103
Mabton,WA,46.2121,-120.0151
Mac Arthur,WV,37.7517,-81.2148
Macatawa,MI,42.7697,-86.2055
Macclenny,FL,30.2737,-82.1325
Macclesfield,NC,35.751,-77.6706
Macdoel,CA,41.883,-121.9445
Macdona,TX,29.3258,-98.6911
Macedon,NY,43.0784,-77.3372
Macedonia,IA,41.1916,-95.4314
Macedonia,IL,38.013,-88.6961
Macedonia,OH,41.3222,-81.4996
Maceo,KY,37.8436,-86.9999
Macfarlan,WV,39.0806,-81.1776
Machesney Park,IL,42.3545,-89.0397
Machias,ME,44.7215,-67.482
Machias,NY,42.4083,-78.5059
Machiasport,ME,44.682,-67.4073
Machipongo,VA,37.4014,-75.9082
Mack,CO,39.2554,-108.9296
Mackay,ID,43.9111,-113.612
Mackey,IN,38.2523,-87.3917
Mackeyville,PA,41.0545,-77.4614
Mackinac Island,MI,45.8578,-84.6245
Mackinaw,IL,40.5396,-89.3458
Mackinaw City,MI,45.7777,-84.7298
Macks Creek,MO,37.9616,-92.9603
Macks Inn,ID,44.3192,-111.6017
Macksburg,IA,41.2104,-94.1825
Macksburg,OH,39.6204,-81.4471
Macksville,KS,37.9433,-98.9481
Mackville,KY,37.7568,-85.059
Macomb,IL,40.4617,-90.6787
Macomb,MI,42.65885,-82.9074
Macomb,MO,37.1049,-92.4821
Macomb,OK,35.1205,-97.034
Macon,GA,32.81893,-83.6651
Macon,IL,39.7041,-88.988
Macon,MO,39.7481,-92.4622
Macon,MS,33.1027,-88.5781
Macon,NC,36.507,-77.9975
Macon,TN,35.1507,-89.4814
Macungie,PA,40.5285,-75.5666
Macy,IN,40.9618,-86.1264
Macy,NE,42.1177,-96.3589
Mad River,CA,40.3316,-123.3904
Madawaska,ME,47.3294,-68.3328
Madbury,NH,43.1729,-70.9412
Madden,MS,32.6909,-89.3554
Maddock,ND,47.9625,-99.5301
Madelia,MN,44.0499,-94.411
Madeline,CA,40.9766,-120.5548
Madera,CA,36.97365,-120.0142
Madera,PA,40.8271,-78.4275
Madill,OK,34.0784,-96.7597
Madison,AL,34.71067,-86.76783
Madison,AR,35.0252,-90.7086
Madison,CA,38.6802,-121.9721
Madison,CT,41.309,-72.6153
Madison,FL,30.4789,-83.39905
Madison,GA,33.5947,-83.4618
Madison,IL,38.6811,-90.1566
Madison,IN,38.7649,-85.407
Madison,KS,38.1278,-96.1213
Madison,MD,38.4782,-76.2412
Madison,ME,44.8096,-69.8449
Madison,MN,44.9946,-96.1645
Madison,MO,39.4615,-92.2287
Madison,MS,32.46445,-90.11205
Madison,NC,36.3695,-79.9654
Madison,NE,41.8308,-97.472
Madison,NH,43.9152,-71.1254
Madison,NJ,40.7599,-74.4179
Madison,NY,42.8969,-75.5076
Madison,OH,41.8054,-81.0588
Madison,PA,40.2467,-79.676
Madison,SD,44.0054,-97.1149
Madison,TN,36.2235,-86.7449
Madison,VA,38.37,-78.2976
Madison,WI,43.0724,-89.40233
Madison,WV,38.0444,-81.7938
Madison Heights,MI,42.5016,-83.1027
Madison Heights,VA,37.4531,-79.1141
Madison Lake,MN,44.2221,-93.8289
Madisonburg,PA,40.9334,-77.495
Madisonville,KY,37.3256,-87.4953
Madisonville,LA,30.4287,-90.1773
Madisonville,TN,35.4916,-84.3395
Madisonville,TX,30.9533,-95.9091
Madras,OR,44.6376,-121.1349
Madrid,IA,41.8841,-93.8448
Madrid,NE,40.8544,-101.5371
Madrid,NY,44.769,-75.1413
Maeystown,IL,38.3043,-90.1356
Magalia,CA,39.8912,-121.58
Magazine,AR,35.1587,-93.8003
Magdalena,NM,34.1114,-107.2409
Magee,MS,31.8495,-89.7503
Maggie Valley,NC,35.5201,-83.0929
Magna,UT,40.7009,-112.0809
Magness,AR,35.6941,-91.4753
Magnet,NE,42.455,-97.4701
Magnetic Springs,OH,40.3528,-83.2634
Magnolia,AL,32.1419,-87.6998
Magnolia,AR,33.25365,-93.2346
Magnolia,DE,39.0735,-75.5083
Magnolia,IA,41.6921,-95.8742
Magnolia,IL,41.1164,-89.227
Magnolia,KY,37.4165,-85.7308
Magnolia,MN,43.644,-96.0769
Magnolia,MS,31.1217,-90.4831
Magnolia,NC,34.8957,-78.0432
Magnolia,NJ,39.8538,-75.0393
Magnolia,OH,40.6514,-81.3076
Magnolia,TX,30.20083,-95.6804
Magnolia Springs,AL,30.3996,-87.7761
Mahaffey,PA,40.8875,-78.7353
Mahanoy City,PA,40.8123,-76.1396
Mahanoy Plane,PA,40.794,-76.2433
Mahaska,KS,39.9845,-97.3453
Mahnomen,MN,47.3362,-95.8856
Mahomet,IL,40.1964,-88.3928
Mahopac,NY,41.3717,-73.7508
Mahopac Falls,NY,41.3726,-73.7601
Mahwah,NJ,41.0928,-74.17525
Maida,ND,48.9986,-98.3648
Maiden,NC,35.5759,-81.1745
Maiden Rock,WI,44.6086,-92.2782
Maidens,VA,37.7126,-77.8315
Maidsville,WV,39.6884,-79.9801
Maine,NY,42.2538,-76.0464
Mainesburg,PA,41.784,-76.9983
Maineville,OH,39.317,-84.2438
Mainland,PA,40.2119,-75.3559
Maitland,FL,28.62665,-81.36385
Maitland,MO,40.1991,-95.0927
Maize,KS,37.7747,-97.4689
Majestic,KY,37.5311,-82.0916
Makanda,IL,37.6176,-89.209
Makawao,HI,20.8469,-156.3327
Makaweli,HI,21.9454,-159.9214
Makinen,MN,47.3416,-92.3446
Makoti,ND,47.9611,-101.8046
Malabar,FL,27.9761,-80.5788
Malad City,ID,42.1808,-112.262
Malaga,NJ,39.5755,-75.0582
Malaga,NM,32.1813,-104.0668
Malaga,OH,39.8594,-81.1516
Malaga,WA,47.3553,-120.2086
Malakoff,TX,32.1705,-96.006
Malcolm,AL,31.1913,-88.0075
Malcolm,NE,40.9091,-96.86
Malcom,IA,41.7695,-92.5354
Malden,IL,41.4245,-89.3693
Malden,MA,42.4291,-71.0605
Malden,MO,36.5672,-89.9737
Malden,WA,47.2288,-117.4727
Malden Bridge,NY,42.4725,-73.5807
Malden On Hudson,NY,42.0987,-73.9354
Malibu,CA,34.01673,-118.7851
Malin,OR,42.0195,-121.4221
Malinta,OH,41.3084,-84.0457
Maljamar,NM,32.8562,-103.7627
Mallard,IA,42.9417,-94.6746
Mallie,KY,37.2692,-82.9161
Mallory,NY,43.3237,-76.1166
Mallory,WV,37.7307,-81.8379
Malmo,NE,41.2984,-96.7327
Malmstrom Afb,MT,47.5002,-111.3008
Malo,WA,48.811,-118.6044
Malone,FL,30.9602,-85.1639
Malone,KY,37.872,-83.2582
Malone,NY,44.8482,-74.2928
Malone,TX,31.924,-96.8907
Malone,WA,46.9589,-123.3268
Malone,WI,43.8753,-88.2871
Malott,WA,48.248,-119.7525
Malta,ID,42.2741,-113.3927
Malta,IL,41.9183,-88.8688
Malta,MT,48.3692,-107.8408
Malta,OH,39.6482,-81.9127
Malta Bend,MO,39.1481,-93.3776
Malvern,AL,31.1212,-85.5592
Malvern,AR,34.3557,-92.8292
Malvern,IA,41.0074,-95.584
Malvern,OH,40.6845,-81.1838
Malvern,PA,40.0468,-75.531
Malverne,NY,40.675,-73.6731
Mamaroneck,NY,40.9525,-73.735
Mamers,NC,35.4168,-78.9334
Mammoth,AZ,32.7239,-110.644
Mammoth,PA,40.3108,-79.6172
Mammoth,WV,38.2634,-81.3721
Mammoth Cave,KY,37.2802,-86.1688
Mammoth Lakes,CA,37.6094,-118.8656
Mammoth Spring,AR,36.4076,-91.5757
Mamou,LA,30.6496,-92.4196
Man,WV,37.7357,-81.8754
Manahawkin,NJ,39.705,-74.2604
Manakin Sabot,VA,37.638,-77.7077
Manasota,FL,27.4272,-82.4387
Manasquan,NJ,40.1217,-74.0611
Manassa,CO,37.1755,-105.9278
Manassas,GA,32.1605,-82.0196
Manassas,VA,38.74917,-77.47087
Manawa,WI,44.4701,-88.9164
Mancelona,MI,44.9116,-85.0634
Manchaca,TX,30.1238,-97.8393
Manchaug,MA,42.0945,-71.7476
Manchester,CA,39.0097,-123.6523
Manchester,CT,41.78153,-72.52415
Manchester,GA,32.8721,-84.6312
Manchester,IA,42.4834,-91.449
Manchester,IL,39.5405,-90.3317
Manchester,KY,37.1511,-83.7793
Manchester,MA,42.5796,-70.7674
Manchester,MD,39.6747,-76.8941
Manchester,ME,44.358,-69.867
Manchester,MI,42.1555,-84.0332
Manchester,NH,42.98979,-71.45339
Manchester,NY,42.9689,-77.2332
Manchester,OH,38.6982,-83.6181
Manchester,OK,36.9744,-98.0383
Manchester,PA,40.0695,-76.7332
Manchester,TN,35.4967,-86.0782
Manchester,VT,43.1637,-73.0723
Manchester,WA,47.5952,-122.6225
Manchester Center,VT,43.1693,-73.0474
Manchester Township,NJ,39.9515,-74.1521
Mancos,CO,37.3471,-108.2982
Mandan,ND,46.8306,-100.9092
Mandaree,ND,47.7292,-102.676
Manderson,SD,43.2353,-102.4707
Manderson,WY,44.2694,-107.964
Mandeville,LA,30.40427,-89.9963
Mangham,LA,32.3331,-91.7976
Mango,FL,27.9797,-82.3065
Mangum,OK,34.9126,-99.4606
Manhasset,NY,40.7934,-73.6888
Manhattan,IL,41.4289,-87.9771
Manhattan,KS,39.23513,-96.61965
Manhattan,MT,45.798,-111.3146
Manhattan,NV,38.5388,-117.0734
Manhattan Beach,CA,33.8381,-118.34915
Manheim,PA,40.1702,-76.4168
Manila,AR,35.8439,-90.1806
Manila,UT,40.9685,-109.7235
Manilla,IA,41.8922,-95.2391
Manilla,IN,39.5742,-85.6194
Manistee,MI,44.2635,-86.1825
Manistique,MI,46.0062,-86.2555
Manito,IL,40.416,-89.7898
Manitou,KY,37.4067,-87.5639
Manitou,OK,34.5075,-98.9792
Manitou Beach,MI,41.9671,-84.2767
Manitou Springs,CO,38.855,-104.9058
Manitowish Waters,WI,46.1551,-89.8455
Manitowoc,WI,44.1147,-87.64065
Mankato,KS,39.7833,-98.2152
Mankato,MN,44.1767,-94.03313
Manley,NE,40.9207,-96.168
Manley Hot Springs,AK,65.0011,-150.6339
Manlius,IL,41.4555,-89.6697
Manlius,NY,42.9904,-75.9703
Manly,IA,43.2891,-93.2018
Mannboro,VA,37.345,-77.9449
Mannford,OK,36.0927,-96.3576
Manning,IA,41.9072,-95.0556
Manning,ND,47.1258,-102.6806
Manning,OR,45.6648,-123.1637
Manning,SC,33.6184,-80.2116
Mannington,WV,39.522,-80.3552
Manns Choice,PA,39.9808,-78.6423
Manns Harbor,NC,35.8238,-75.8467
Mannsville,KY,37.3726,-85.1966
Mannsville,NY,43.7179,-76.082
Mannsville,OK,34.1899,-96.8778
Manokin,MD,38.1154,-75.7558
Manokotak,AK,59.0096,-158.9897
Manomet,MA,41.8882,-70.581
Manor,GA,31.1088,-82.5742
Manor,PA,40.334,-79.67
Manor,TX,30.3388,-97.5323
Manorville,NY,40.8421,-72.8002
Manorville,PA,40.7863,-79.5213
Manquin,VA,37.7184,-77.186
Mansfield,AR,35.0432,-94.2204
Mansfield,GA,33.4314,-83.7908
Mansfield,IL,40.2147,-88.5179
Mansfield,LA,32.0239,-93.698
Mansfield,MA,42.0212,-71.2178
Mansfield,MO,37.1273,-92.5936
Mansfield,OH,40.76093,-82.51687
Mansfield,PA,41.8123,-77.0716
Mansfield,SD,45.243,-98.5629
Mansfield,TN,36.1847,-88.2859
Mansfield,TX,32.5773,-97.1416
Mansfield,WA,47.9021,-119.4053
Mansfield Center,CT,41.7698,-72.2011
Mansfield Depot,CT,41.7993,-72.3065
Manson,IA,42.5285,-94.5304
Manson,NC,36.4603,-78.2952
Manson,WA,47.8958,-120.149
Mansura,LA,31.0615,-92.0543
Mantachie,MS,34.3243,-88.4912
Mantador,ND,46.1599,-96.957
Manteca,CA,37.7971,-121.2238
Mantee,MS,33.7052,-89.1051
Manteno,IL,41.2514,-87.8468
Manteo,NC,35.8948,-75.6714
Manter,KS,37.5451,-101.9109
Manti,UT,39.2683,-111.6369
Mantoloking,NJ,40.0261,-74.0562
Manton,CA,40.4331,-121.8365
Manton,MI,44.4152,-85.4202
Mantorville,MN,44.0657,-92.76
Mantua,NJ,39.787,-75.1785
Mantua,OH,41.2941,-81.2283
Mantua,UT,41.4975,-111.9416
Manvel,ND,48.0853,-97.1943
Manvel,TX,29.4694,-95.3503
Manville,NJ,40.5399,-74.5934
Manville,RI,41.9689,-71.4741
Manville,WY,42.73,-104.7024
Many,LA,31.5851,-93.4641
Many Farms,AZ,36.4083,-109.634
Manzanita,OR,45.7184,-123.9351
Manzanola,CO,38.1109,-103.8766
Mapaville,MO,38.2489,-90.4835
Maple,NC,36.3987,-76.0039
Maple,TX,33.8487,-102.8985
Maple,WI,46.6206,-91.702
Maple City,KS,37.2377,-96.8389
Maple City,MI,44.859,-85.8814
Maple Falls,WA,48.9533,-122.1283
Maple Grove,MN,45.0725,-93.4558
Maple Heights,OH,41.4105,-81.5603
Maple Hill,KS,39.0447,-96.0397
Maple Hill,NC,34.6594,-77.7117
Maple Lake,MN,45.2202,-93.9638
Maple Mount,KY,37.6932,-87.3238
Maple Park,IL,41.9232,-88.5999
Maple Plain,MN,45.02855,-93.54721
Maple Rapids,MI,43.0992,-84.6898
Maple Shade,NJ,39.9511,-74.9946
Maple Springs,NY,42.1967,-79.4239
Maple Valley,WA,47.3845,-122.0574
Maple View,NY,43.4578,-76.1534
Maplecrest,NY,42.2995,-74.1655
Maplesville,AL,32.8045,-86.8717
Mapleton,IA,42.1585,-95.7909
Mapleton,IL,40.6117,-89.7184
Mapleton,KS,38.0228,-94.8735
Mapleton,ME,46.6746,-68.1536
Mapleton,MN,43.9331,-93.9542
Mapleton,ND,46.8614,-97.1157
Mapleton,OR,44.0312,-123.8657
Mapleton,UT,40.1337,-111.5801
Mapleton Depot,PA,40.3864,-77.9604
Mapleville,RI,41.9417,-71.6376
Maplewood,NJ,40.7279,-74.2656
Maplewood,OH,40.3643,-84.0565
Maplewood,WI,44.7475,-87.4793
Mappsville,VA,37.846,-75.5666
Maquoketa,IA,42.0778,-90.6771
Maquon,IL,40.7849,-90.2008
Mar Lin,PA,40.683,-76.2387
Maramec,OK,36.242,-96.6803
Marana,AZ,32.4176,-111.20975
Marathon,FL,24.7279,-81.0386
Marathon,IA,42.8612,-94.9836
Marathon,NY,42.4527,-76.0395
Marathon,TX,30.1886,-103.2214
Marathon,WI,44.9291,-89.8404
Marathon Shores,FL,24.7233,-81.0632
Marble,MN,47.3219,-93.2939
Marble,NC,35.1475,-83.9381
Marble,PA,41.3261,-79.4459
Marble Canyon,AZ,36.737,-111.8229
Marble City,OK,35.5972,-94.8094
Marble Falls,AR,36.0695,-93.1566
Marble Falls,TX,30.5784,-98.2751
Marble Hill,GA,34.4398,-84.303
Marble Hill,MO,37.3061,-89.9823
Marble Rock,IA,42.9645,-92.8917
Marblehead,MA,42.4984,-70.8653
Marblemount,WA,48.4435,-121.3163
Marbury,AL,32.6841,-86.4946
Marbury,MD,38.5633,-77.1596
Marceline,MO,39.7125,-92.9455
Marcell,MN,47.5485,-93.6236
Marcella,AR,35.7756,-91.8718
Marcellus,MI,42.0275,-85.7988
Marcellus,NY,42.9821,-76.3323
March Air Reserve Base,CA,33.9533,-117.3962
Marchand,PA,40.8576,-79.0228
Marco Island,FL,25.94,-81.7076
Marcola,OR,44.2064,-122.8246
Marcus,IA,42.82,-95.8034
Marcus,WA,48.6632,-118.0683
Marcus Hook,PA,39.8295,-75.4354
Marcy,NY,43.1639,-75.2783
Mardela Springs,MD,38.4864,-75.7414
Marengo,IA,41.7863,-92.072
Marengo,IL,42.2442,-88.6074
Marengo,IN,38.3736,-86.3578
Marengo,OH,40.3895,-82.8121
Marengo,WI,46.4071,-90.84
Marenisco,MI,46.3551,-89.6774
Marfa,TX,30.293,-104.0848
Margaret,AL,33.6862,-86.475
Margarettsville,NC,36.5245,-77.326
Margaretville,NY,42.1852,-74.6178
Margate,FL,26.2445,-80.2064
Margate City,NJ,39.3286,-74.509
Margie,MN,48.0904,-93.8292
Maria Stein,OH,40.4062,-84.5076
Mariah Hill,IN,38.1664,-86.9172
Marianna,AR,34.7759,-90.7785
Marianna,FL,30.74493,-85.21457
Marianna,PA,40.0331,-80.1145
Marianna,WV,37.6033,-81.54
Maribel,WI,44.2852,-87.8055
Maricopa,AZ,32.98245,-111.9929
Maricopa,CA,35.0589,-119.401
Marienthal,KS,38.4875,-101.2129
Marienville,PA,41.4622,-79.1306
Marietta,GA,33.9462,-84.53247
Marietta,IL,40.4978,-90.3885
Marietta,MN,44.9636,-96.4094
Marietta,MS,34.5011,-88.4498
Marietta,NC,34.3791,-79.1279
Marietta,NY,42.8974,-76.2806
Marietta,OH,39.4281,-81.4644
Marietta,OK,33.9431,-97.1148
Marietta,PA,40.0664,-76.5645
Marietta,SC,35.0296,-82.5136
Marietta,TX,33.1735,-94.5424
Marilla,NY,42.8332,-78.5587
Marina,CA,36.6849,-121.7934
Marina Del Rey,CA,33.88225,-118.3756
Marine,IL,38.7793,-89.7786
Marine City,MI,42.6859,-82.5499
Marine On Saint Croix,MN,45.1988,-92.8258
Marinette,WI,45.0874,-87.6697
Maringouin,LA,30.4626,-91.5099
Marion,AL,32.6463,-87.3314
Marion,AR,35.2077,-90.1989
Marion,CT,41.5637,-72.9257
Marion,IA,42.0411,-91.5941
Marion,IL,37.7257,-88.9294
Marion,IN,40.5551,-85.66785
Marion,KS,38.3554,-97.0204
Marion,KY,37.3254,-88.1005
Marion,LA,32.8716,-92.2862
Marion,MA,41.7095,-70.7613
Marion,MI,44.0463,-85.155
Marion,MS,32.4245,-88.6483
Marion,MT,48.0836,-114.7446
Marion,NC,35.6819,-82.018
Marion,ND,46.5514,-98.369
Marion,NY,43.1546,-77.1863
Marion,OH,40.6021,-83.0982
Marion,PA,39.8587,-77.6981
Marion,SC,34.1562,-79.3898
Marion,SD,43.4188,-97.2771
Marion,TX,29.5683,-98.1517
Marion,VA,36.8273,-81.5349
Marion,WI,44.6794,-88.8767
Marion Center,PA,40.7814,-79.0252
Marion Heights,PA,40.8046,-76.4651
Marion Junction,AL,32.4266,-87.2702
Marion Station,MD,38.0266,-75.7579
Marionville,MO,37.0009,-93.6413
Marionville,VA,37.4556,-75.8473
Mariposa,CA,37.4931,-119.9219
Marissa,IL,38.2455,-89.7501
Mark,IL,41.266,-89.2491
Mark Center,OH,41.2917,-84.6278
Marked Tree,AR,35.5349,-90.4194
Markesan,WI,43.714,-89.007
Markham,IL,41.5998,-87.6906
Markham,TX,28.9547,-96.0928
Markham,VA,38.904,-78.0019
Markle,IN,40.8331,-85.319
Markleeville,CA,38.7713,-119.8327
Markleton,PA,39.8691,-79.2879
Markleville,IN,39.9944,-85.6227
Markleysburg,PA,39.7597,-79.46
Marks,MS,34.2607,-90.2816
Marksville,LA,31.1396,-92.0831
Marland,OK,36.5609,-97.1512
Marlboro,NJ,40.3182,-74.2639
Marlboro,NY,41.6056,-73.988
Marlboro,VT,42.9947,-72.7204
Marlborough,CT,41.6412,-72.4609
Marlborough,MA,42.3509,-71.5434
Marlborough,NH,42.8988,-72.2013
Marlette,MI,43.3399,-83.0573
Marlin,TX,31.3036,-96.8889
Marlin,WA,47.3014,-119.064
Marlinton,WV,38.2586,-80.1046
Marlow,NH,43.1326,-72.2109
Marlow,OK,34.6387,-97.941
Marlton,NJ,39.8845,-74.9067
Marmaduke,AR,36.1951,-90.3837
Marmarth,ND,46.3254,-103.88
Marmora,NJ,39.2586,-74.6593
Marne,IA,41.4547,-95.0973
Marne,MI,43.0532,-85.842
Maroa,IL,40.0342,-88.9578
Marquand,MO,37.4274,-90.1741
Marquette,IA,43.036,-91.1931
Marquette,KS,38.556,-97.8381
Marquette,MI,46.5786,-87.4545
Marquette,NE,41.01,-98.0
Marquette,WI,43.7459,-89.1397
Marquez,TX,31.2309,-96.2375
Marrero,LA,29.8796,-90.10545
Marriottsville,MD,39.3342,-76.9132
Marrowbone,KY,36.8306,-85.5015
Mars,PA,40.7005,-80.0358
Mars Hill,ME,46.5223,-67.863
Mars Hill,NC,35.8528,-82.5254
Marseilles,IL,41.3302,-88.6947
Marshall,AK,61.9287,-162.268
Marshall,AR,35.9267,-92.6402
Marshall,CA,38.1762,-122.89
Marshall,IL,39.422,-87.6923
Marshall,IN,39.9062,-87.178
Marshall,MI,42.272,-84.9583
Marshall,MN,44.4481,-95.7795
Marshall,MO,39.1614,-93.2444
Marshall,NC,35.8597,-82.7105
Marshall,ND,47.1381,-102.333
Marshall,OK,36.1485,-97.6171
Marshall,TX,32.53173,-94.35147
Marshall,VA,38.8471,-77.8756
Marshall,WA,47.5649,-117.4994
Marshall,WI,43.1636,-89.0753
Marshallberg,NC,34.7265,-76.5173
Marshalls Creek,PA,41.0508,-75.2083
Marshalltown,IA,42.0405,-92.9127
Marshallville,GA,32.452,-83.9435
Marshallville,OH,40.9067,-81.7225
Marshes Siding,KY,36.7437,-84.4808
Marshfield,MA,42.1062,-70.6993
Marshfield,MO,37.3312,-92.925
Marshfield,VT,44.3509,-72.354
Marshfield,WI,44.66643,-90.174
Marshfield Hills,MA,42.1512,-70.7341
Marshville,NC,35.0167,-80.3781
Marsing,ID,43.5399,-116.824
Marsland,NE,42.4439,-103.2985
Marsteller,PA,40.6522,-78.8054
Marston,MO,36.519,-89.6126
Marston,NC,34.9882,-79.5823
Marstons Mills,MA,41.6703,-70.4163
Mart,TX,31.5458,-96.8381
Martel,OH,40.6685,-82.91
Martell,CA,38.3515,-120.7752
Martell,NE,40.6514,-96.7442
Martelle,IA,42.0035,-91.3217
Martensdale,IA,41.373,-93.7358
Martha,KY,38.0152,-82.9558
Martha,OK,34.7253,-99.387
Marthasville,MO,38.6512,-91.1516
Marthaville,LA,31.7726,-93.3954
Martin,GA,34.487,-83.1849
Martin,KY,37.5708,-82.7819
Martin,MI,42.537,-85.6417
Martin,ND,47.7781,-100.1225
Martin,OH,41.5694,-83.3116
Martin,PA,39.8065,-79.9098
Martin,SC,33.1093,-81.5003
Martin,SD,43.1722,-101.7341
Martin,TN,36.34295,-88.85285
Martin City,MT,48.3916,-114.0382
Martindale,PA,40.1545,-76.0876
Martindale,TX,29.8394,-97.8508
Martinez,CA,37.9864,-122.135
Martins Creek,PA,40.7825,-75.1735
Martins Ferry,OH,40.1036,-80.7361
Martinsburg,IA,41.1948,-92.2715
Martinsburg,MO,39.0968,-91.6646
Martinsburg,NY,43.7376,-75.4696
Martinsburg,OH,40.268,-82.3567
Martinsburg,PA,40.2951,-78.3244
Martinsburg,WV,39.466,-77.95364
Martinsdale,MT,46.4581,-110.4324
Martinsville,IL,39.3174,-87.8707
Martinsville,IN,39.4776,-86.4668
Martinsville,MO,40.3662,-94.1645
Martinsville,NJ,40.6,-74.5572
Martinsville,OH,39.3127,-83.8005
Martinsville,TX,31.6427,-94.4141
Martinsville,VA,36.68147,-79.86618
Martinton,IL,40.9052,-87.7443
Martville,NY,43.2661,-76.6289
Marty,SD,42.9925,-98.4251
Marvel,CO,37.0926,-108.1252
Marvell,AR,34.5485,-90.9413
Marvin,SD,45.2727,-96.91
Mary Alice,KY,36.7843,-83.3299
Mary D,PA,40.7473,-76.0628
Mary Esther,FL,30.4085,-86.7352
Marydel,DE,39.0998,-75.7287
Marydel,MD,39.1082,-75.7622
Maryknoll,NY,41.119,-73.733
Maryland,NY,42.5371,-74.903
Maryland Heights,MO,38.7229,-90.4474
Maryland Line,MD,39.7114,-76.6595
Marylhurst,OR,45.4012,-122.6512
Maryneal,TX,32.2026,-100.4972
Marysvale,UT,38.4449,-112.2518
Marysville,CA,39.1663,-121.5105
Marysville,IN,38.5856,-85.6436
Marysville,KS,39.8428,-96.6422
Marysville,MI,42.9135,-82.4813
Marysville,MT,46.7499,-112.2994
Marysville,OH,40.24205,-83.36465
Marysville,PA,40.3351,-76.9722
Marysville,WA,48.0811,-122.1771
Maryus,VA,37.2864,-76.4048
Maryville,IL,38.7138,-89.9658
Maryville,MO,40.3434,-94.8735
Maryville,TN,35.72448,-83.98205
Mascot,TN,36.0844,-83.7411
Mascot,VA,37.6271,-76.7072
Mascotte,FL,28.583,-81.8941
Mascoutah,IL,38.4745,-89.7877
Mashantucket,CT,41.4757,-71.9574
Mashpee,MA,41.6181,-70.4854
Maskell,NE,42.6905,-96.9809
Mason,IL,38.9645,-88.6234
Mason,KY,38.5932,-84.5786
Mason,MI,42.5796,-84.4561
Mason,OH,39.3357,-84.3149
Mason,TN,35.438,-89.5518
Mason,TX,30.7434,-99.2261
Mason,WI,46.4399,-91.1318
Mason,WV,39.0064,-82.0282
Mason City,IA,43.15175,-93.1982
Mason City,IL,40.2023,-89.6982
Mason City,NE,41.1853,-99.3049
Masonic Home,KY,38.2536,-85.6622
Masontown,PA,39.8424,-79.9003
Masontown,WV,39.5731,-79.7906
Masonville,CO,40.4875,-105.2108
Masonville,IA,42.4794,-91.5913
Masonville,NY,42.2102,-75.3739
Maspeth,NY,40.7239,-73.8997
Mass City,MI,46.7474,-89.0649
Massapequa,NY,40.6682,-73.4588
Massapequa Park,NY,40.6807,-73.4444
Massena,IA,41.2499,-94.7649
Massena,NY,44.9322,-74.8845
Massey,MD,39.3126,-75.8215
Massillon,OH,40.80643,-81.47297
Masterson,TX,35.6359,-101.9602
Mastic,NY,40.8064,-72.8566
Mastic Beach,NY,40.7657,-72.8537
Masury,OH,41.2255,-80.5326
Matador,TX,34.0525,-100.8361
Matagorda,TX,28.6908,-95.9675
Matamoras,PA,41.3674,-74.7154
Matawan,NJ,40.4109,-74.238
Matewan,WV,37.5903,-82.0652
Matfield Green,KS,38.1448,-96.5541
Matheny,WV,37.6624,-81.607
Mather,CA,38.5579,-121.291
Mather,PA,39.9354,-80.0753
Mather,WI,44.1427,-90.3087
Matherville,IL,41.2599,-90.6128
Matheson,CO,39.132,-103.9132
Mathews,AL,32.1283,-86.0413
Mathews,LA,29.6938,-90.5496
Mathews,VA,37.4383,-76.3544
Mathias,WV,38.8744,-78.8814
Mathis,TX,28.0802,-97.8097
Mathiston,MS,33.5415,-89.1275
Matinicus,ME,43.8651,-68.887
Matlock,IA,43.2439,-95.9353
Matlock,WA,47.2636,-123.4412
Matoaka,WV,37.4201,-81.2432
Mattapan,MA,42.2739,-71.0939
Mattapoisett,MA,41.6618,-70.8164
Mattaponi,VA,37.6135,-76.8101
Mattawa,WA,46.731,-119.7783
Mattawamkeag,ME,45.5264,-68.352
Mattawan,MI,42.2451,-85.7943
Mattawana,PA,40.496,-77.7237
Matteson,IL,41.5102,-87.7406
Matthews,GA,33.2652,-82.3294
Matthews,IN,40.3887,-85.4994
Matthews,MO,36.7154,-89.6287
Matthews,NC,35.1451,-80.735
Mattituck,NY,40.9943,-72.5363
Mattoon,IL,39.4802,-88.3762
Mattoon,WI,45.0062,-89.0474
Mauckport,IN,38.0437,-86.1846
Maud,OK,35.1292,-96.7627
Maud,TX,33.3409,-94.3175
Maugansville,MD,39.6996,-77.7499
Mauk,GA,32.509,-84.3999
Mauldin,SC,34.7807,-82.3035
Maumee,OH,41.5817,-83.6628
Maumelle,AR,34.8491,-92.4059
Maunaloa,HI,21.1422,-157.2193
Maunie,IL,38.0356,-88.0456
Maupin,OR,45.0742,-121.2282
Maurepas,LA,30.2716,-90.7043
Maurertown,VA,38.9441,-78.4658
Maurice,IA,42.9626,-96.1655
Maurice,LA,30.0722,-92.107
Mauricetown,NJ,39.2853,-74.9983
Mauriceville,TX,30.204,-93.8866
Maury,NC,35.4821,-77.5861
Maury City,TN,35.8379,-89.2273
Mauston,WI,43.7934,-90.0641
Mavisdale,VA,37.288,-82.0274
Max,MN,47.6147,-94.068
Max,ND,47.8156,-101.2932
Max,NE,40.198,-101.4116
Max Meadows,VA,36.9056,-80.9244
Maxatawny,PA,40.5426,-75.6888
Maxbass,ND,48.7722,-101.2563
Maxeys,GA,33.7405,-83.1706
Maxie,VA,37.3012,-82.1743
Maximo,OH,40.8746,-81.1739
Maxton,NC,34.7334,-79.3097
Maxwell,CA,39.3163,-122.1849
Maxwell,IA,41.8967,-93.4001
Maxwell,IN,39.8568,-85.7684
Maxwell,NE,41.0588,-100.527
Maxwell,NM,36.5434,-104.564
Maxwell,TX,29.8953,-97.8144
Maxwelton,WV,37.8765,-80.4192
May,ID,44.6044,-113.912
May,OK,36.6226,-99.7858
May,TX,31.9571,-98.9656
Maybee,MI,42.0288,-83.5179
Maybell,CO,40.6738,-108.3699
Maybeury,WV,37.3709,-81.3665
Maybrook,NY,41.4886,-74.2163
Maydelle,TX,31.8008,-95.3001
Mayer,AZ,34.3655,-112.1296
Mayer,MN,44.9022,-93.8859
Mayersville,MS,32.9013,-91.0286
Mayesville,SC,33.9502,-80.2173
Mayetta,KS,39.3489,-95.6928
Mayfield,KS,37.2518,-97.5416
Mayfield,KY,36.7327,-88.6506
Mayfield,MI,44.6261,-85.5287
Mayfield,NY,43.1411,-74.2444
Mayfield,UT,39.1154,-111.6905
Mayflower,AR,34.9669,-92.4001
Mayhew,MS,33.4838,-88.6409
Mayhill,NM,32.907,-105.5181
Mayking,KY,37.1302,-82.7427
Maylene,AL,33.2317,-86.8727
Maynard,AR,36.4386,-90.8749
Maynard,IA,42.7752,-91.8908
Maynard,MA,42.4321,-71.455
Maynard,MN,44.9226,-95.4845
Maynard,OH,40.1302,-80.8773
Maynardville,TN,36.2343,-83.8403
Mayo,FL,30.04,-83.1462
Mayo,MD,38.8876,-76.5119
Mayo,SC,35.084,-81.8598
Mayodan,NC,36.4277,-79.9567
Maypearl,TX,32.2993,-97.0271
Mayport,PA,40.9906,-79.2617
Mays,IN,39.7437,-85.43
Mays Landing,NJ,39.432,-74.6962
Maysel,WV,38.4939,-81.1227
Mayslick,KY,38.522,-83.861
Maysville,AR,36.3811,-94.5783
Maysville,GA,34.2529,-83.5616
Maysville,KY,38.6207,-83.8067
Maysville,MO,39.9112,-94.3548
Maysville,NC,34.8691,-77.2315
Maysville,OK,34.8113,-97.4131
Maysville,WV,39.0712,-79.1937
Maytown,PA,40.0754,-76.5822
Mayview,MO,39.0459,-93.8353
Mayville,MI,43.3562,-83.3725
Mayville,ND,47.5014,-97.3176
Mayville,NY,42.2409,-79.4963
Mayville,WI,43.5045,-88.5451
Maywood,CA,33.989,-118.1877
Maywood,IL,41.8793,-87.8433
Maywood,MO,39.9333,-91.6148
Maywood,NE,40.6575,-100.6221
Maywood,NJ,40.9024,-74.0629
Mazama,WA,48.5977,-120.388
Mazeppa,MN,44.2646,-92.5207
Mazie,KY,38.027,-82.9724
Mazomanie,WI,43.1847,-89.7636
Mazon,IL,41.2264,-88.4217
Mc Adams,MS,33.0828,-89.6412
Mc Adenville,NC,35.2578,-81.0788
Mc Afee,NJ,41.2065,-74.5381
Mc Alisterville,PA,40.6469,-77.2602
Mc Allister,MT,45.408,-111.7761
Mc Alpin,FL,30.1509,-82.9662
Mc Andrews,KY,37.5624,-82.2803
Mc Arthur,OH,39.28,-82.4753
Mc Bain,MI,44.2172,-85.2283
Mc Bee,SC,34.4606,-80.2544
Mc Bride,MO,37.7348,-89.8116
Mc Call Creek,MS,31.4908,-90.7836
Mc Calla,AL,33.2845,-87.1024
Mc Callsburg,IA,42.1665,-93.3978
Mc Camey,TX,31.1319,-102.2153
Mc Carley,MS,33.5864,-89.8513
Mc Carr,KY,37.5969,-82.1674
Mc Caskill,AR,33.923,-93.6266
Mc Caulley,TX,32.7787,-100.2168
Mc Causland,IA,41.743,-90.4539
Mc Caysville,GA,34.9739,-84.4291
Mc Clave,CO,38.085,-102.8869
Mc Clelland,IA,41.2932,-95.6813
Mc Clellandtown,PA,39.8882,-79.8694
Mc Clellanville,SC,33.1194,-79.5074
Mc Clure,IL,37.302,-89.4531
Mc Clure,OH,41.3773,-83.9425
Mc Clure,PA,40.6991,-77.3758
Mc Clure,VA,37.0814,-82.3806
Mc Coll,SC,34.6704,-79.5597
Mc Comb,OH,41.1125,-83.8014
Mc Connell,IL,42.4281,-89.7643
Mc Connells,SC,34.8677,-81.2368
Mc Connellsburg,PA,39.9443,-77.9901
Mc Connellstown,PA,40.4025,-77.967
Mc Connellsville,NY,43.2672,-75.6882
Mc Cook,NE,40.2049,-100.6279
Mc Cool,MS,33.1632,-89.3268
Mc Cool Junction,NE,40.7442,-97.5937
Mc Cormick,SC,33.8751,-82.29595
Mc Coy,CO,39.9134,-106.7309
Mc Coy,VA,37.1742,-80.3957
Mc Cracken,KS,38.5957,-99.554
Mc Crory,AR,35.2473,-91.1793
Mc Cune,KS,37.3468,-95.0376
Mc Cutchenville,OH,40.9752,-83.2637
Mc Dade,TX,30.2968,-97.2386
Mc Daniels,KY,37.6194,-86.4491
Mc David,FL,30.8686,-87.4539
Mc Dermitt,NV,41.9708,-117.6737
Mc Dermott,OH,38.8362,-83.0689
Mc Donald,KS,39.7923,-101.3227
Mc Donald,OH,41.158,-80.7312
Mc Donald,PA,40.3697,-80.2562
Mc Donald,TN,35.0869,-84.9892
Mc Donough,NY,42.5068,-75.7623
Mc Dougal,AR,36.437,-90.3837
Mc Dowell,KY,37.4355,-82.7203
Mc Dowell,VA,38.3266,-79.4988
Mc Elhattan,PA,41.1355,-77.37
Mc Ewen,TN,36.1185,-87.6422
Mc Ewensville,PA,41.072,-76.8184
Mc Fall,MO,40.1051,-94.3003
Mc Farlan,NC,34.8136,-79.9776
Mc Farland,CA,35.6758,-119.2272
Mc Farland,KS,39.0535,-96.2379
Mc Farland,WI,43.0107,-89.2948
Mc Gaheysville,VA,38.3712,-78.7411
Mc Gee,MO,37.1196,-90.445
Mc Gehee,AR,33.6297,-91.3928
Mc Gill,NV,39.4034,-114.7791
Mc Girk,MO,38.6749,-92.6109
Mc Grady,NC,36.3103,-81.1912
Mc Grann,PA,40.7818,-79.5218
Mc Grath,AK,62.9457,-155.5712
Mc Grath,MN,46.1957,-93.3774
Mc Graw,NY,42.5948,-76.082
Mc Graws,WV,37.6033,-81.54
Mc Gregor,IA,43.0237,-91.1887
Mc Gregor,TX,31.4431,-97.3943
Mc Guffey,OH,40.6899,-83.8111
Mc Henry,KY,37.3778,-86.9298
Mc Henry,MD,39.5656,-79.3823
Mc Henry,MS,30.6975,-89.1536
Mc Indoe Falls,VT,44.4624,-72.1358
Mc Intire,IA,43.45,-92.6048
Mc Intosh,AL,31.2361,-88.0511
Mc Intosh,FL,29.438,-82.2295
Mc Intosh,SD,45.7084,-101.1546
Mc Intyre,GA,32.8468,-83.204
Mc Intyre,PA,40.5684,-79.2999
Mc Kean,PA,41.999,-80.1473
Mc Kee,KY,37.4338,-84.0251
Mc Kees Rocks,PA,40.4717,-80.0876
Mc Kenney,VA,36.9986,-77.7396
Mc Kenzie,AL,31.545,-86.7356
Mc Kenzie,TN,36.1272,-88.5134
Mc Kinney,KY,37.446,-84.6998
Mc Kinnon,WY,41.0409,-109.8745
Mc Kittrick,CA,35.3031,-119.6366
Mc Knightstown,PA,39.8692,-77.3292
Mc Lain,MS,31.0867,-88.7977
Mc Laughlin,SD,45.8763,-100.8915
Mc Lean,IL,40.3282,-89.1645
Mc Lean,NY,42.5542,-76.2927
Mc Lean,VA,38.93613,-77.18795
Mc Leansboro,IL,38.0939,-88.5286
Mc Leansville,NC,36.1163,-79.6684
Mc Lemoresville,TN,35.9778,-88.5744
Mc Leod,MT,45.5963,-109.9357
Mc Leod,TX,32.9511,-94.0808
Mc Louth,KS,39.1668,-95.2183
Mc Millan,MI,46.297,-85.7307
Mc Nabb,IL,41.173,-89.2187
Mc Naughton,WI,45.7229,-89.5573
Mc Neal,AZ,31.5121,-109.8438
Mc Neil,AR,33.3622,-93.193
Mc Neil,TX,30.3264,-97.7713
Mc Neill,MS,30.6669,-89.6734
Mc Quady,KY,37.8023,-86.4148
Mc Queeney,TX,29.6023,-98.0492
Mc Rae,AR,35.1132,-91.8216
Mc Rae Helena,GA,32.0709,-82.90765
Mc Roberts,KY,37.2137,-82.6734
Mc Shan,AL,33.2626,-88.0885
Mc Sherrystown,PA,39.801,-77.0229
Mc Veytown,PA,40.5046,-77.7186
Mc Williams,AL,32.0481,-87.2623
McCall,ID,44.8918,-116.0789
McCammon,ID,42.6336,-112.1758
Mcadoo,PA,40.8979,-75.9971
Mcadoo,TX,33.7413,-100.9833
Mcalester,OK,34.9298,-95.76445
Mcalister,NM,34.6923,-103.7764
Mcallen,TX,26.22164,-98.22942
Mcarthur,CA,41.0502,-121.3991
Mcbh Kaneohe Bay,HI,21.316,-157.8677
Mcbrides,MI,43.3503,-85.0517
Mcchord Afb,WA,47.2258,-122.469
Mccleary,WA,47.0297,-123.273
Mcclellan,CA,38.6621,-121.3955
Mccloud,CA,41.2475,-122.1128
Mcclusky,ND,47.4896,-100.452
Mccomb,MS,31.21035,-90.4274
Mcconnell Afb,KS,37.6066,-97.2979
Mcconnelsville,OH,39.6487,-81.8532
Mccordsville,IN,39.9081,-85.9228
Mccurtain,OK,35.1404,-95.0127
Mccutcheon Field,NC,34.6921,-77.3912
Mcdaniel,MD,38.8192,-76.2806
Mcdonald,NM,33.1407,-103.3174
Mcdonough,GA,33.4639,-84.1047
Mcfaddin,TX,28.5511,-97.0099
Mcgregor,MN,46.6072,-93.3076
Mcgregor,ND,48.595,-102.9288
Mcgrew,NE,41.7469,-103.4164
Mchenry,IL,42.34265,-88.26245
Mchenry,ND,47.5604,-98.5726
Mcintosh,MN,47.6522,-95.8863
Mcintosh,NM,34.8648,-106.0517
Mckeesport,PA,40.3478,-79.8642
Mckenna,WA,46.9348,-122.5565
Mckinleyville,CA,40.9465,-124.0834
Mckinney,TX,33.1976,-96.6153
Mclean,NE,42.3921,-97.4751
Mclean,TX,35.2312,-100.6008
Mcleod,ND,46.4103,-97.3139
Mcloud,OK,35.4262,-97.079
Mcmechen,WV,39.9881,-80.7315
Mcminnville,OR,45.2097,-123.2043
Mcminnville,TN,35.6834,-85.77
Mcnary,AZ,34.0754,-109.8532
Mcpherson,KS,38.3763,-97.6702
Mcville,ND,47.7639,-98.1773
Meacham,OR,45.5215,-118.4335
Mead,CO,40.2347,-104.9994
Mead,NE,41.2393,-96.4961
Mead,OK,33.9944,-96.5299
Mead,WA,47.7933,-117.3117
Meade,KS,37.2821,-100.3364
Meadow,SD,45.3538,-102.2844
Meadow,TX,33.3321,-102.2492
Meadow,UT,38.8858,-112.4105
Meadow Bridge,WV,37.878,-80.8521
Meadow Creek,WV,37.8101,-80.9231
Meadow Grove,NE,42.0102,-97.7334
Meadow Lands,PA,40.2174,-80.2269
Meadow Valley,CA,39.9296,-121.0608
Meadow Vista,CA,39.0031,-121.0292
Meadowbrook,WV,39.3518,-80.3187
Meadowlands,MN,47.1021,-92.7884
Meadows Of Dan,VA,36.725,-80.4022
Meadowview,VA,36.7612,-81.8512
Meadview,AZ,35.9822,-114.0775
Meadville,MO,39.7795,-93.3014
Meadville,MS,31.4285,-90.8578
Meadville,PA,41.6467,-80.1532
Meally,KY,37.8078,-82.7415
Means,KY,37.9807,-83.7447
Meansville,GA,33.0134,-84.3169
Mears,MI,43.6825,-86.4533
Mears,VA,37.8692,-75.6354
Mebane,NC,36.0979,-79.2719
Mecca,CA,33.545,-116.0187
Mecca,IN,39.7219,-87.3303
Mechanic Falls,ME,44.1117,-70.3917
Mechanicsburg,IL,39.7778,-89.4064
Mechanicsburg,OH,40.0647,-83.5724
Mechanicsburg,PA,40.1956,-77.01505
Mechanicstown,OH,40.6263,-80.956
Mechanicsville,IA,41.9039,-91.2764
Mechanicsville,MD,38.4293,-76.7254
Mechanicsville,PA,40.3494,-75.0676
Mechanicsville,VA,37.6486,-77.33445
Mechanicville,NY,42.9168,-73.7214
Mecklenburg,NY,42.4516,-76.7067
Mecosta,MI,43.6813,-85.228
Medanales,NM,36.1756,-106.1834
Medaryville,IN,41.0897,-86.8808
Meddybemps,ME,45.0193,-67.3829
Medfield,MA,42.1845,-71.3048
Medford,MA,42.41785,-71.10745
Medford,MN,44.1741,-93.2437
Medford,NJ,39.8637,-74.8223
Medford,NY,40.8174,-72.9852
Medford,OK,36.8142,-97.7202
Medford,OR,42.30905,-122.8726
Medford,WI,45.1512,-90.3503
Media,IL,40.7618,-90.857
Media,PA,39.92463,-75.39707
Mediapolis,IA,41.0059,-91.1321
Medical Lake,WA,47.615,-117.704
Medicine Bow,WY,41.903,-106.2012
Medicine Lake,MT,48.4852,-104.4375
Medicine Lodge,KS,37.2845,-98.5848
Medicine Park,OK,34.7292,-98.5026
Medimont,ID,47.4625,-116.5683
Medina,ND,46.892,-99.3106
Medina,NY,43.2184,-78.3874
Medina,OH,41.134,-81.84975
Medina,TN,35.8081,-88.7627
Medina,TX,29.8475,-99.3215
Medina,WA,47.6269,-122.2314
Medinah,IL,41.9814,-88.0512
Medon,TN,35.4345,-88.8953
Medora,IL,39.1986,-90.1542
Medora,IN,38.8255,-86.1897
Medora,ND,46.9387,-103.5632
Medusa,NY,42.4515,-74.1315
Medway,MA,42.1514,-71.4217
Medway,ME,45.607,-68.5227
Medway,OH,39.8789,-84.0218
Meeker,CO,40.0387,-107.8925
Meeker,OK,35.5211,-96.9981
Meers,OK,34.7828,-98.579
Meeteetse,WY,44.1962,-108.95
Megargel,AL,31.3612,-87.4353
Megargel,TX,33.4533,-98.9297
Mehama,OR,44.7903,-122.6187
Meherrin,VA,37.1013,-78.3874
Mehoopany,PA,41.5587,-76.1035
Meigs,GA,31.0625,-84.0824
Mekinock,ND,48.0074,-97.4305
Mekoryuk,AK,60.3657,-166.2836
Melba,ID,43.3784,-116.5489
Melber,KY,36.9197,-88.752
Melbeta,NE,41.7816,-103.5177
Melbourne,AR,36.0635,-91.9079
Melbourne,FL,28.0873,-80.63025
Melbourne,IA,41.9323,-93.0856
Melbourne,KY,39.0067,-84.3538
Melbourne Beach,FL,28.0219,-80.5389
Melcher Dallas,IA,41.225,-93.2413
Melcroft,PA,40.052,-79.3892
Meldrim,GA,32.1499,-81.3722
Melfa,VA,37.6407,-75.7454
Melissa,TX,33.2841,-96.574
Mellen,WI,46.3007,-90.6552
Mellenville,NY,42.2596,-73.668
Mellette,SD,45.1631,-98.4824
Mellott,IN,40.1641,-87.1475
Mellwood,AR,34.2198,-90.9504
Melmore,OH,41.0242,-83.1098
Melrose,FL,29.7325,-82.0279
Melrose,IA,40.9665,-93.0145
Melrose,LA,31.6104,-92.9745
Melrose,MA,42.4581,-71.0632
Melrose,MN,45.6582,-94.8198
Melrose,MT,45.6319,-112.6845
Melrose,NM,34.4479,-103.6325
Melrose,NY,42.8412,-73.6077
Melrose,OH,41.0812,-84.4287
Melrose,WI,44.1382,-91.0445
Melrose Park,IL,41.90743,-87.86907
Melrude,MN,47.2496,-92.4123
Melstone,MT,46.5986,-107.8692
Melvern,KS,38.5027,-95.629
Melville,LA,30.6626,-91.7565
Melville,MT,46.104,-109.7808
Melville,NY,40.7938,-73.41107
Melvin,AL,31.9304,-88.4589
Melvin,IA,43.2845,-95.593
Melvin,IL,40.5714,-88.2551
Melvin,KY,37.3536,-82.6763
Melvin,MI,43.193,-82.8393
Melvin,TX,31.1952,-99.5798
Melvin Village,NH,43.7077,-71.3017
Melvindale,MI,42.2812,-83.1826
Memphis,IN,38.4642,-85.7775
Memphis,MI,42.941,-82.8046
Memphis,MO,40.4619,-92.1851
Memphis,NE,41.0946,-96.4306
Memphis,NY,43.0934,-76.403
Memphis,TN,35.15984,-89.96925
Memphis,TX,34.7122,-100.5347
Mena,AR,34.5814,-94.221
Menahga,MN,46.7572,-95.0714
Menan,ID,43.7266,-111.9837
Menard,IL,37.9101,-89.8398
Menard,TX,30.9119,-99.7847
Menasha,WI,44.2112,-88.4175
Mendenhall,MS,31.9494,-89.8095
Mendenhall,PA,39.854,-75.6413
Mendham,NJ,40.7789,-74.6
Mendocino,CA,39.3173,-123.7739
Mendon,IL,40.0857,-91.2899
Mendon,MA,42.0967,-71.5499
Mendon,MI,42.0143,-85.4727
Mendon,MO,39.5828,-93.0892
Mendon,NY,42.9953,-77.5001
Mendon,OH,40.6777,-84.5152
Mendon,UT,41.71,-111.9817
Mendota,CA,36.7424,-120.4093
Mendota,IL,41.5443,-89.1083
Mendota,MN,44.8858,-93.1612
Mendota,VA,36.7223,-82.2649
Menemsha,MA,41.3798,-70.6431
Menifee,AR,35.1356,-92.5498
Menifee,CA,33.6647,-117.1743
Menlo,GA,34.5864,-85.4774
Menlo,IA,41.5348,-94.409
Menlo,WA,46.6215,-123.6471
Menlo Park,CA,37.41035,-122.2606
Menno,SD,43.234,-97.565
Meno,OK,36.3815,-98.1635
Menoken,ND,46.8205,-100.5312
Menominee,MI,45.1343,-87.6215
Menomonee Falls,WI,43.16955,-88.11505
Menomonie,WI,44.8718,-91.9265
Mentcle,PA,40.6373,-78.8823
Mentmore,NM,35.5042,-108.8317
Mentone,AL,34.5872,-85.5777
Mentone,CA,34.0774,-117.1126
Mentone,IN,41.1615,-86.0299
Mentone,TX,31.7068,-103.5988
Mentor,MN,47.6576,-96.1778
Mentor,OH,41.67785,-81.34085
Mequon,WI,43.24125,-87.99455
Mer Rouge,LA,32.7718,-91.7716
Meraux,LA,29.9335,-89.9214
Merced,CA,37.29514,-120.48946
Mercedes,TX,26.1513,-97.9185
Mercer,MO,40.5169,-93.5242
Mercer,ND,47.4858,-100.7171
Mercer,PA,41.2325,-80.234
Mercer,TN,35.4816,-89.0271
Mercer,WI,46.1696,-90.0679
Mercer Island,WA,47.5603,-122.2281
Mercersburg,PA,39.8195,-77.9073
Merchantville,NJ,39.9519,-75.0482
Mercury,NV,36.6605,-115.9945
Meredith,CO,39.3199,-106.6596
Meredith,NH,43.6311,-71.4997
Meredithville,VA,36.8088,-77.9544
Meredosia,IL,39.8173,-90.5339
Mereta,TX,31.4518,-100.1349
Meridale,NY,42.3734,-74.965
Meriden,CT,41.53675,-72.8093
Meriden,IA,42.7874,-95.6408
Meriden,KS,39.2038,-95.5476
Meriden,NH,43.5299,-72.2756
Meriden,WY,41.5424,-104.2866
Meridian,CA,39.052,-121.8061
Meridian,GA,31.459,-81.3689
Meridian,ID,43.62563,-116.40653
Meridian,MS,32.41541,-88.67044
Meridian,NY,43.1656,-76.5369
Meridian,OK,35.8451,-97.2462
Meridian,TX,31.929,-97.6443
Meridianville,AL,34.8618,-86.5789
Merigold,MS,33.8373,-90.7256
Merino,CO,40.5708,-103.4719
Merion Station,PA,40.003,-75.2503
Merit,TX,33.2427,-96.2916
Merkel,TX,32.4444,-99.9924
Merlin,OR,42.5297,-123.4393
Mermentau,LA,30.1861,-92.5722
Merna,IL,40.5167,-88.8259
Merna,NE,41.4435,-99.8036
Merom,IN,39.0564,-87.5675
Merrick,NY,40.6685,-73.5536
Merrifield,MN,46.5393,-94.1344
Merrifield,VA,38.85666,-77.25468
Merrill,IA,42.7047,-96.2283
Merrill,MI,43.3939,-84.3308
Merrill,OR,42.0295,-121.5985
Merrill,WI,45.1809,-89.6907
Merrillan,WI,44.4369,-90.8105
Merrillville,IN,41.4786,-87.36185
Merrimac,MA,42.8346,-71.0047
Merrimac,WI,43.3855,-89.6323
Merrimack,NH,42.8667,-71.5128
Merriman,NE,42.6419,-101.7583
Merritt,MI,44.3433,-84.9446
Merritt,NC,35.1224,-76.6719
Merritt Island,FL,28.40147,-80.6863
Merrittstown,PA,39.8825,-79.8336
Merry Hill,NC,36.0871,-76.7776
Merry Point,VA,37.7338,-76.4825
Merryville,LA,30.6716,-93.5613
Mershon,GA,31.4783,-82.217
Mertens,TX,32.0275,-96.8981
Merton,WI,43.146,-88.3097
Mertzon,TX,31.2829,-100.8221
Mertztown,PA,40.4992,-75.6872
Mesa,AZ,33.41413,-111.77121
Mesa,CO,39.1612,-108.1044
Mesa,ID,44.6255,-116.4493
Mesa,WA,46.5782,-119.1373
Mesa Verde National Park,CO,37.2313,-108.4825
Mescalero,NM,33.2164,-105.7743
Mesena,GA,33.4599,-82.5901
Meservey,IA,42.9137,-93.4773
Meshoppen,PA,41.6392,-76.0155
Mesick,MI,44.4075,-85.7061
Mesilla,NM,32.268,-106.8059
Mesilla Park,NM,32.21,-106.7147
Mesopotamia,OH,41.4584,-80.9551
Mesquite,NM,32.146,-106.6676
Mesquite,NV,36.81013,-114.08493
Mesquite,TX,32.7636,-96.62904
Meta,MO,38.25,-92.1358
Metairie,LA,29.99138,-90.16183
Metaline,WA,48.8496,-117.3963
Metaline Falls,WA,48.8597,-117.3633
Metamora,IL,40.7844,-89.4309
Metamora,IN,39.4288,-85.1504
Metamora,MI,42.9414,-83.2891
Metamora,OH,41.6952,-83.926
Metcalf,IL,39.8008,-87.7955
Metcalfe,MS,33.4546,-90.9943
Methow,WA,48.1171,-120.0891
Methuen,MA,42.728,-71.181
Metlakatla,AK,55.1215,-131.579
Metropolis,IL,37.1753,-88.7252
Metter,GA,32.401,-82.0607
Metuchen,NJ,40.5449,-74.3517
Metz,MO,37.9975,-94.4433
Metz,WV,39.6078,-80.4168
Mexia,AL,31.5147,-87.4084
Mexia,TX,31.6784,-96.4952
Mexican Hat,UT,37.1184,-109.9919
Mexican Springs,NM,35.7837,-108.819
Mexico,IN,40.8224,-86.1162
Mexico,ME,44.5628,-70.5358
Mexico,MO,39.1712,-91.8895
Mexico,NY,43.4605,-76.2446
Mexico,PA,40.5373,-77.3543
Mexico Beach,FL,29.9395,-85.4096
Meyers Chuck,AK,55.7408,-132.2564
Meyersdale,PA,39.7905,-79.0261
Meyersville,TX,28.9229,-97.3042
Mi Wuk Village,CA,38.0675,-120.1794
Miami,AZ,33.3992,-110.8687
Miami,FL,25.76899,-80.25858
Miami,IN,40.6147,-86.1064
Miami,MO,39.2821,-93.1968
Miami,NM,36.35,-104.7931
Miami,OK,36.85525,-94.87445
Miami,TX,35.7193,-100.7027
Miami,WV,38.1523,-81.4479
Miami Beach,FL,25.7972,-80.13776
Miami Gardens,FL,25.942,-80.2456
Miamisburg,OH,39.6913,-84.26805
Miamitown,OH,39.2159,-84.7041
Miamiville,OH,39.2137,-84.3002
Mica,WA,47.5538,-117.1637
Micanopy,FL,29.5122,-82.3053
Micaville,NC,35.9096,-82.2132
Michael,IL,39.2353,-90.6235
Michie,TN,35.0603,-88.4405
Michigamme,MI,46.5308,-88.0914
Michigan,ND,48.0204,-98.1186
Michigan Center,MI,42.2271,-84.3161
Michigan City,IN,41.70075,-86.8925
Michigan City,MS,34.9608,-89.2267
Michigantown,IN,40.3108,-86.3753
Mickleton,NJ,39.7857,-75.2498
Mico,TX,29.5441,-98.9231
Micro,NC,35.5638,-78.2044
Mid Florida,FL,28.7562,-81.28775
Mid Missouri,MO,38.9033,-92.1022
Middle Amana,IA,41.7954,-91.9018
Middle Bass,OH,41.6835,-82.8047
Middle Brook,MO,37.5055,-90.845
Middle Falls,NY,43.1001,-73.5246
Middle Granville,NY,43.4508,-73.3031
Middle Grove,NY,43.0975,-74.0167
Middle Haddam,CT,41.554,-72.5501
Middle Island,NY,40.8782,-72.9525
Middle Point,OH,40.8993,-84.4541
Middle River,MD,39.3401,-76.4153
Middle River,MN,48.4426,-96.1232
Middle Village,NY,40.7173,-73.8792
Middleboro,MA,41.8916,-70.90513
Middlebourne,WV,39.4942,-80.9076
Middlebranch,OH,40.8951,-81.3262
Middlebrook,VA,38.0242,-79.2812
Middleburg,FL,30.07645,-81.86245
Middleburg,KY,37.3591,-84.8321
Middleburg,NC,36.3996,-78.3225
Middleburg,OH,40.2926,-83.5824
Middleburg,PA,40.7977,-77.0468
Middleburg,VA,38.9687,-77.7355
Middleburgh,NY,42.5637,-74.3292
Middlebury,CT,41.5343,-73.1131
Middlebury,IN,41.6754,-85.7114
Middlebury,VT,43.9919,-73.1716
Middlebury Center,PA,41.8664,-77.3128
Middlefield,CT,41.5168,-72.7186
Middlefield,MA,42.3561,-73.0104
Middlefield,OH,41.4455,-81.0373
Middleport,NY,43.2183,-78.4841
Middleport,OH,38.9993,-82.06
Middleport,PA,40.7331,-76.0858
Middlesboro,KY,36.6172,-83.7231
Middlesex,NC,35.7665,-78.2062
Middlesex,NJ,40.5759,-74.5008
Middlesex,NY,42.6976,-77.2805
Middleton,ID,43.7191,-116.6112
Middleton,MA,42.5942,-71.013
Middleton,MI,43.1689,-84.7552
Middleton,TN,35.0818,-88.9046
Middleton,WI,43.1052,-89.5073
Middletown,CA,38.7824,-122.6487
Middletown,CT,41.5567,-72.6617
Middletown,DE,39.4815,-75.6832
Middletown,IA,40.8296,-91.2631
Middletown,IL,40.0967,-89.5818
Middletown,IN,40.0475,-85.5368
Middletown,MD,39.4416,-77.5502
Middletown,MO,39.1055,-91.3873
Middletown,NJ,40.3944,-74.1157
Middletown,NY,41.4699,-74.40755
Middletown,OH,39.5236,-84.39395
Middletown,PA,40.2041,-76.7331
Middletown,RI,41.5198,-71.2731
Middletown,VA,39.02075,-78.26465
Middletown Springs,VT,43.4856,-73.1182
Middleville,MI,42.6932,-85.4759
Middleville,NJ,41.0559,-74.8629
Middleville,NY,43.1369,-74.924
Midfield,TX,28.9362,-96.2265
Midkiff,TX,31.5424,-101.9244
Midkiff,WV,38.1762,-82.1788
Midland,AR,35.0932,-94.3533
Midland,GA,32.5616,-84.8559
Midland,IN,39.122,-87.1917
Midland,MD,39.5901,-78.9497
Midland,MI,43.6181,-84.27744
Midland,NC,35.2477,-80.5319
Midland,OH,39.2917,-83.8931
Midland,OR,42.1307,-121.8203
Midland,PA,40.6793,-80.4908
Midland,SD,44.0717,-101.1554
Midland,TX,31.93917,-102.06698
Midland,VA,38.5671,-77.7127
Midland City,AL,31.3191,-85.4938
Midland Park,NJ,40.9957,-74.1409
Midlothian,IL,41.635,-87.7362
Midlothian,MD,39.6343,-78.95
Midlothian,TX,32.4757,-96.9936
Midlothian,VA,37.47447,-77.64643
Midnight,MS,33.0496,-90.5734
Midpines,CA,37.5757,-119.9601
Midvale,ID,44.442,-116.7038
Midvale,OH,40.438,-81.3729
Midvale,UT,40.6152,-111.8851
Midville,GA,32.8638,-82.2042
Midway,AL,32.0955,-85.5315
Midway,AR,36.3933,-92.4881
Midway,FL,30.485,-84.4768
Midway,GA,31.8018,-81.3909
Midway,KY,38.1487,-84.6928
Midway,PA,40.368,-80.2921
Midway,TN,36.151,-83.0281
Midway,TX,30.9806,-95.7089
Midway,UT,40.5093,-111.4776
Midway,WV,37.7171,-81.24
Midway City,CA,33.7446,-117.984
Midway Park,NC,34.727,-77.32
Midwest,WY,43.4114,-106.28
Mifflin,PA,40.5695,-77.4028
Mifflinburg,PA,40.9218,-77.0505
Mifflintown,PA,40.5727,-77.3761
Mifflinville,PA,41.0323,-76.308
Mikado,MI,44.5833,-83.4355
Mikana,WI,45.5919,-91.6013
Mikkalo,OR,45.4388,-120.2067
Milaca,MN,45.7795,-93.6453
Milam,TX,31.4324,-93.8457
Milam,WV,38.8125,-79.0729
Milan,GA,31.9618,-83.0588
Milan,IL,41.4262,-90.5739
Milan,IN,39.1503,-85.1324
Milan,KS,37.2578,-97.6521
Milan,MI,42.0914,-83.6776
Milan,MN,45.1143,-95.869
Milan,MO,40.1844,-93.1361
Milan,NH,44.587,-71.181
Milan,NM,35.1698,-107.8909
Milan,OH,41.3111,-82.6126
Milan,PA,41.8966,-76.5328
Milan,TN,35.9251,-88.7688
Milano,TX,30.7304,-96.8807
Milanville,PA,41.667,-75.1185
Milbank,SD,45.2061,-96.6255
Milbridge,ME,44.5366,-67.8844
Milburn,KY,36.7987,-88.8998
Milburn,OK,34.1952,-96.5429
Mildred,MT,46.6758,-104.96
Mildred,PA,41.4792,-76.3831
Miles,IA,42.1006,-90.3367
Miles,TX,31.6121,-100.1823
Miles City,MT,46.4075,-105.8332
Milesburg,PA,40.9417,-77.785
Milesville,SD,44.4283,-101.7523
Miley,SC,32.9479,-81.0318
Milfay,OK,35.7551,-96.5658
Milford,CA,40.1828,-120.3895
Milford,CT,41.22565,-73.0648
Milford,DE,38.9218,-75.4299
Milford,IA,43.3196,-95.1615
Milford,IL,40.6293,-87.6853
Milford,IN,41.4011,-85.8554
Milford,KS,39.1692,-96.91
Milford,KY,38.5817,-84.1566
Milford,MA,42.1511,-71.5274
Milford,ME,44.9393,-68.6296
Milford,MI,42.5889,-83.6216
Milford,MO,37.5848,-94.1572
Milford,NE,40.7632,-97.0576
Milford,NH,42.8285,-71.6606
Milford,NJ,40.5929,-75.1025
Milford,NY,42.6148,-74.9685
Milford,OH,39.1657,-84.233
Milford,PA,41.3228,-74.8824
Milford,TX,32.1482,-96.9612
Milford,UT,38.3311,-112.9934
Milford,VA,38.0058,-77.3185
Milford Center,OH,40.1817,-83.4373
Milford Square,PA,40.437,-75.3988
Mililani,HI,21.4531,-158.0174
Mill City,OR,44.7516,-122.4768
Mill Creek,CA,40.3263,-121.5228
Mill Creek,IN,41.6091,-86.544
Mill Creek,OK,34.3098,-96.7884
Mill Creek,PA,40.4679,-77.8967
Mill Creek,WA,47.8601,-122.2043
Mill Creek,WV,38.7325,-79.9786
Mill Hall,PA,41.0867,-77.4836
Mill Neck,NY,40.8857,-73.5526
Mill River,MA,42.1228,-73.254
Mill Run,PA,39.968,-79.4622
Mill Shoals,IL,38.2447,-88.3338
Mill Spring,MO,37.0675,-90.6746
Mill Spring,NC,35.3338,-82.1557
Mill Valley,CA,37.9009,-122.53945
Mill Village,PA,41.8773,-79.9692
Milladore,WI,44.6044,-89.8875
Millboro,VA,38.0553,-79.7464
Millbrae,CA,37.6004,-122.402
Millbrook,AL,32.4995,-86.3641
Millbrook,IL,41.5984,-88.5529
Millbrook,NY,41.7803,-73.6885
Millburn,NJ,40.7228,-74.3015
Millbury,MA,42.1968,-71.7644
Millbury,OH,41.5611,-83.4381
Millcreek,IL,37.3409,-89.2542
Milldale,CT,41.5659,-72.8918
Milledgeville,GA,33.07123,-83.2311
Milledgeville,IL,41.9674,-89.7801
Milledgeville,OH,39.5937,-83.5873
Milledgeville,TN,35.3729,-88.3675
Millen,GA,32.7877,-81.9618
Miller,MO,37.2225,-93.8422
Miller,NE,40.9422,-99.374
Miller,SD,44.4966,-98.9894
Miller City,IL,37.1034,-89.3494
Miller City,OH,41.1038,-84.1315
Miller Place,NY,40.9436,-72.9913
Millers Creek,NC,36.2119,-81.2485
Millers Falls,MA,42.582,-72.4926
Millers Tavern,VA,37.8282,-76.945
Millersburg,IA,41.5733,-92.1599
Millersburg,IN,41.5335,-85.7072
Millersburg,KY,38.2963,-84.1513
Millersburg,MI,45.4309,-84.0854
Millersburg,OH,40.5567,-81.8324
Millersburg,PA,40.5587,-76.9305
Millersport,OH,39.8993,-82.5283
Millerstown,PA,40.5505,-77.1298
Millersview,TX,31.4167,-99.7171
Millersville,MD,39.1041,-76.619
Millersville,MO,37.4401,-89.795
Millersville,PA,39.9982,-76.3566
Millerton,IA,40.8494,-93.3055
Millerton,NY,41.9536,-73.5287
Millerton,OK,33.9801,-95.0025
Millerton,PA,41.9625,-76.9748
Millerville,AL,33.1915,-85.9258
Millfield,OH,39.4077,-82.1113
Millheim,PA,40.8935,-77.4733
Millhousen,IN,39.292,-85.4918
Millican,TX,30.4491,-96.217
Milligan,FL,30.742,-86.6552
Milligan,NE,40.4952,-97.3997
Milligan College,TN,36.296,-82.3054
Milliken,CO,40.3294,-104.8552
Millington,IL,41.5614,-88.5975
Millington,MD,39.2743,-75.8951
Millington,MI,43.2718,-83.5619
Millington,NJ,40.6727,-74.5183
Millington,TN,35.29895,-89.9112
Millinocket,ME,45.6596,-68.7101
Millis,MA,42.1669,-71.3607
Millmont,PA,40.8803,-77.1941
Millport,AL,33.5401,-88.2
Millport,NY,42.2581,-76.8392
Millrift,PA,41.4093,-74.7432
Millry,AL,31.6269,-88.3559
Mills,NE,42.9225,-99.4466
Mills,NM,36.1281,-104.2277
Mills,PA,41.9656,-77.7111
Mills,WY,42.8405,-106.3659
Mills River,NC,35.3906,-82.568
Millsap,TX,32.7457,-97.9561
Millsboro,DE,38.6595,-75.2464
Millsboro,PA,39.9867,-79.9937
Millstadt,IL,38.4443,-90.0888
Millston,WI,44.1869,-90.6358
Millstone,KY,37.1766,-82.7517
Millstone,WV,38.8015,-81.0962
Millstone Township,NJ,40.21045,-74.6626
Milltown,IN,38.3445,-86.3003
Milltown,MT,46.8737,-113.8783
Milltown,NJ,40.4493,-74.439
Milltown,WI,45.5271,-92.5017
Millville,CA,40.5653,-122.1111
Millville,DE,38.5496,-75.1232
Millville,MA,42.0331,-71.5798
Millville,MN,44.2359,-92.2672
Millville,NJ,39.3673,-75.0293
Millville,PA,41.1261,-76.5208
Millville,UT,41.6759,-111.8185
Millville,WV,39.294,-77.7858
Millwood,GA,31.2506,-82.6441
Millwood,KY,37.4446,-86.4008
Millwood,NY,41.2015,-73.7926
Millwood,VA,39.0696,-78.0378
Millwood,WV,38.8962,-81.8248
Milmay,NJ,39.4451,-74.8667
Milmine,IL,39.9238,-88.6599
Milner,GA,33.141,-84.1759
Milnesand,NM,33.605,-103.2782
Milnesville,PA,40.9961,-75.9815
Milnor,ND,46.2007,-97.4772
Milo,IA,41.2904,-93.4454
Milo,ME,45.2446,-68.976
Milo,MO,37.7446,-94.3046
Milpitas,CA,37.4296,-121.9005
Milroy,IN,39.4955,-85.5044
Milroy,MN,44.4365,-95.5545
Milroy,PA,40.7203,-77.5567
Milton,DE,38.7687,-75.2953
Milton,FL,30.64137,-87.08567
Milton,IA,40.6721,-92.1438
Milton,IL,39.5645,-90.6504
Milton,IN,39.7763,-85.1423
Milton,KS,37.4401,-97.7592
Milton,KY,38.6925,-85.3659
Milton,LA,30.1038,-92.0765
Milton,MA,42.2537,-71.0771
Milton,NC,36.5158,-79.2087
Milton,ND,48.617,-98.0183
Milton,NH,43.4229,-71.0114
Milton,NY,41.6535,-73.9772
Milton,PA,41.0168,-76.8398
Milton,TN,35.9221,-86.1824
Milton,VT,44.6483,-73.1317
Milton,WA,47.2483,-122.3155
Milton,WI,42.7791,-88.9531
Milton,WV,38.414,-82.1458
Milton Center,OH,41.3009,-83.8296
Milton Freewater,OR,45.9486,-118.3912
Milton Mills,NH,43.5025,-70.9697
Milton Village,MA,42.2668,-71.0717
Miltona,MN,46.0545,-95.3258
Miltonvale,KS,39.3481,-97.4579
Milwaukee,WI,43.0498,-87.95292
Mimbres,NM,32.909,-108.0332
Mims,FL,28.6974,-80.8663
Mina,NV,38.387,-118.1096
Minatare,NE,41.8493,-103.489
Minburn,IA,41.7562,-94.015
Minco,OK,35.3067,-97.9664
Minden,IA,41.4654,-95.5519
Minden,LA,32.62385,-93.2877
Minden,NE,40.5091,-98.9383
Minden,NV,39.0218,-119.7314
Minden,TX,32.0028,-94.7129
Minden,WV,37.9758,-81.115
Minden City,MI,43.6814,-82.7299
Mindenmines,MO,37.452,-94.5756
Mindoro,WI,44.0287,-91.0642
Mine Hill,NJ,40.8771,-74.5845
Mineola,IA,41.1414,-95.7005
Mineola,NY,40.7469,-73.6398
Mineola,TX,32.6661,-95.487
Mineral,CA,40.3564,-121.571
Mineral,IL,41.4036,-89.8201
Mineral,TX,28.5552,-97.9407
Mineral,VA,37.9986,-77.8781
Mineral,WA,46.7096,-122.1861
Mineral Bluff,GA,34.9341,-84.2541
Mineral City,OH,40.5705,-81.3436
Mineral Point,MO,37.9156,-90.7193
Mineral Point,PA,40.3793,-78.8352
Mineral Point,WI,42.8547,-90.1646
Mineral Ridge,OH,41.1318,-80.7553
Mineral Springs,AR,33.8639,-93.9188
Mineral Springs,NC,34.9379,-80.6687
Mineral Springs,PA,40.9981,-78.3636
Mineral Wells,TX,32.8085,-98.1128
Mineral Wells,WV,39.20877,-81.50323
Minersville,PA,40.6904,-76.2597
Minersville,UT,38.2149,-112.9231
Minerva,KY,38.7054,-83.9191
Minerva,NY,43.7811,-73.9835
Minerva,OH,40.742,-81.1031
Minetto,NY,43.3977,-76.4824
Mineville,NY,44.0876,-73.5236
Minford,OH,38.8751,-82.8555
Mingo,IA,41.7898,-93.288
Mingo,OH,40.2049,-83.6466
Mingo Junction,OH,40.3203,-80.625
Mingoville,PA,40.9299,-77.6389
Mingus,TX,32.5381,-98.4219
Minidoka,ID,42.773,-113.5098
Minier,IL,40.4359,-89.3165
Minisink Hills,PA,41.0004,-75.1371
Minneapolis,KS,39.1295,-97.6688
Minneapolis,MN,44.98238,-93.2961
Minneapolis,NC,36.0993,-81.9871
Minneola,FL,28.5744,-81.7462
Minneola,KS,37.4425,-100.0088
Minneota,MN,44.5587,-95.9767
Minnesota City,MN,44.0832,-91.7418
Minnesota Lake,MN,43.8295,-93.8282
Minnetonka,MN,44.9138,-93.485
Minnetonka Beach,MN,44.9402,-93.5927
Minnewaukan,ND,48.0698,-99.2743
Minnie,KY,37.4548,-82.7646
Minoa,NY,43.0772,-76.0098
Minocqua,WI,45.8719,-89.758
Minong,WI,46.1044,-91.8506
Minonk,IL,40.8985,-89.0349
Minooka,IL,41.4615,-88.2786
Minor Hill,TN,35.05,-87.1522
Minot,MA,42.2404,-70.762
Minot,ME,44.1461,-70.3399
Minot,ND,48.25938,-101.3029
Minot Afb,ND,48.42275,-101.32535
Minotola,NJ,39.5155,-74.9467
Minster,OH,40.391,-84.3729
Mint Spring,VA,38.1797,-79.1413
Minter,AL,32.1899,-87.0633
Minter City,MS,33.7515,-90.3133
Minto,AK,65.0584,-149.6912
Minto,ND,48.26,-97.3144
Minturn,AR,35.9728,-91.0235
Minturn,CO,39.5805,-106.4176
Mio,MI,44.6665,-84.1353
Mira Loma,CA,33.9938,-117.5236
Miracle,KY,36.7606,-83.5841
Miramar Beach,FL,30.385,-86.3473
Miramonte,CA,36.6894,-119.0477
Miranda,CA,40.2397,-123.8077
Mirando City,TX,27.445,-99.0011
Mirror Lake,NH,43.6366,-71.2729
Misenheimer,NC,35.4849,-80.2884
Mishawaka,IN,41.6654,-86.16303
Mishicot,WI,44.2609,-87.6447
Mission,KS,39.0278,-94.6558
Mission,SD,43.285,-100.5954
Mission,TX,26.27617,-98.33207
Mission Hill,SD,42.9836,-97.3349
Mission Hills,CA,34.25877,-118.46423
Mission Viejo,CA,33.61297,-117.6495
Mississippi State,MS,33.4156,-88.7433
Missoula,MT,46.88226,-114.0291
Missouri City,MO,39.2458,-94.2924
Missouri City,TX,29.5833,-95.5269
Missouri Valley,IA,41.5644,-95.8913
Mistletoe,KY,37.3126,-83.5916
Mitchell,GA,33.2052,-82.6817
Mitchell,IN,38.7426,-86.4761
Mitchell,NE,41.9459,-103.796
Mitchell,OR,44.5657,-120.1456
Mitchell,SD,43.7094,-98.0298
Mitchells,VA,38.3744,-78.0105
Mitchellsburg,KY,37.6033,-84.9492
Mitchellville,IA,41.6609,-93.37
Mitchellville,TN,36.632,-86.539
Mittie,LA,30.7144,-92.9068
Mize,KY,37.8235,-83.3335
Mize,MS,31.8473,-89.5741
Mizpah,MN,47.9495,-94.1467
Mizpah,NJ,39.5021,-74.8335
Moab,UT,38.5677,-109.5271
Moapa,NV,36.67535,-114.6585
Moatsville,WV,39.2234,-79.9017
Mobeetie,TX,35.5297,-100.4242
Moberly,MO,39.4202,-92.4358
Mobile,AL,30.68003,-88.1215
Mobridge,SD,45.5407,-100.4315
Moccasin,CA,37.8108,-120.2988
Moccasin,MT,47.0916,-109.8901
Mocksville,NC,35.922,-80.537
Moclips,WA,47.2387,-124.2039
Modale,IA,41.6371,-95.9852
Mode,IL,39.2664,-88.7337
Model,CO,37.5192,-104.223
Model City,NY,43.1851,-78.9837
Modena,NY,41.6503,-74.1036
Modena,PA,39.9621,-75.8025
Modena,UT,37.7995,-113.9193
Modest Town,VA,37.7904,-75.6035
Modesto,CA,37.65599,-120.99198
Modesto,IL,39.476,-89.9794
Modoc,IL,38.0507,-90.0163
Modoc,IN,40.0582,-85.0919
Modoc,SC,33.7052,-82.2187
Moffat,CO,38.0452,-105.8411
Moffett,OK,35.3898,-94.4462
Moffit,ND,46.6757,-100.2975
Mogadore,OH,41.0382,-81.359
Mohall,ND,48.7269,-101.6058
Mohave Valley,AZ,34.8714,-114.5934
Mohawk,MI,47.3526,-88.2889
Mohawk,NY,42.99,-74.9853
Mohawk,TN,36.1869,-83.0902
Mohawk,WV,37.5048,-81.9151
Mohegan Lake,NY,41.3143,-73.8508
Mohler,WA,47.3897,-118.3659
Mohnton,PA,40.2584,-75.9833
Mohrsville,PA,40.4783,-76.0125
Moira,NY,44.8504,-74.5603
Mojave,CA,35.05015,-118.17375
Mokane,MO,38.6998,-91.8868
Mokelumne Hill,CA,38.3152,-120.5591
Mokena,IL,41.5342,-87.8911
Molalla,OR,45.1223,-122.5756
Molena,GA,32.9978,-84.4558
Molina,CO,39.1891,-108.0604
Moline,IL,41.49865,-90.50655
Moline,KS,37.3649,-96.3069
Moline,MI,42.737,-85.6635
Molino,FL,30.6902,-87.3852
Mollusk,VA,37.7301,-76.538
Molt,MT,45.8615,-108.9731
Momence,IL,41.1593,-87.6575
Mona,UT,39.8382,-111.848
Monaca,PA,40.6718,-80.2917
Monahans,TX,31.5813,-102.9003
Monarch,CO,38.553,-106.2946
Monarch,MT,47.0722,-110.871
Moncks Corner,SC,33.1971,-80.0233
Monclova,OH,41.5684,-83.7757
Moncure,NC,35.6306,-79.0839
Mondamin,IA,41.7089,-96.0072
Mondovi,WI,44.4877,-91.6807
Monee,IL,41.4191,-87.7748
Monessen,PA,40.1524,-79.8835
Moneta,VA,37.1784,-79.6521
Monett,MO,36.9212,-93.9258
Monetta,SC,33.8084,-81.5956
Monette,AR,35.9002,-90.3437
Money,MS,33.6507,-90.1969
Mongaup Valley,NY,41.681,-74.8028
Mongo,IN,41.6848,-85.2797
Monhegan,ME,43.7642,-69.3164
Monitor,WA,47.4852,-120.4158
Monkton,MD,39.5662,-76.5979
Monkton,VT,44.2404,-73.1347
Monmouth,IA,42.0772,-90.8786
Monmouth,IL,40.9107,-90.6448
Monmouth,ME,44.2208,-70.0263
Monmouth,OR,44.8377,-123.2512
Monmouth Beach,NJ,40.333,-73.9809
Monmouth Junction,NJ,40.3869,-74.5558
Mono Hot Springs,CA,37.3266,-119.0176
Monon,IN,40.8612,-86.8635
Monona,IA,43.034,-91.3934
Monongahela,PA,40.1937,-79.9241
Monponsett,MA,42.0185,-70.8475
Monroe,AR,34.7348,-91.1046
Monroe,CT,41.3312,-73.2243
Monroe,GA,33.81345,-83.70585
Monroe,IA,41.5222,-93.1019
Monroe,IN,40.7005,-84.8441
Monroe,LA,32.49987,-92.10978
Monroe,ME,44.5927,-69.0317
Monroe,MI,41.91865,-83.45835
Monroe,NC,34.97453,-80.54997
Monroe,NE,41.4783,-97.6061
Monroe,NH,44.2734,-72.025
Monroe,NY,41.328,-74.1898
Monroe,OH,39.4413,-84.3652
Monroe,OK,34.9906,-94.515
Monroe,OR,44.3245,-123.3203
Monroe,SD,43.5207,-97.212
Monroe,TN,36.4642,-85.2164
Monroe,UT,38.6578,-112.1261
Monroe,VA,37.5414,-79.1703
Monroe,WA,47.8585,-121.9474
Monroe,WI,42.5991,-89.6403
Monroe Bridge,MA,42.7215,-72.9762
Monroe Center,IL,42.105,-89.0169
Monroe City,IN,38.6001,-87.3641
Monroe City,MO,39.6546,-91.723
Monroe Township,NJ,40.3192,-74.4285
Monroeton,PA,41.7135,-76.4872
Monroeville,AL,31.5187,-87.34105
Monroeville,IN,40.987,-84.8937
Monroeville,NJ,39.6442,-75.1568
Monroeville,OH,41.2181,-82.7023
Monroeville,PA,40.429,-79.7623
Monrovia,CA,34.14605,-118.0002
Monrovia,IN,39.5714,-86.4894
Monrovia,MD,39.3512,-77.2494
Monsey,NY,41.1163,-74.0736
Monson,MA,42.101,-72.3196
Monson,ME,45.2981,-69.488
Mont Alto,PA,39.8417,-77.5537
Mont Belvieu,TX,29.8477,-94.8908
Mont Clare,PA,40.1364,-75.4999
Mont Vernon,NH,42.8976,-71.6762
Montague,CA,41.7243,-122.4638
Montague,MA,42.5429,-72.5328
Montague,MI,43.4242,-86.374
Montague,NJ,41.3023,-74.754
Montague,TX,33.6639,-97.7282
Montalba,TX,31.8766,-95.7327
Montana Mines,WV,39.5191,-80.0897
Montandon,PA,40.9661,-76.8575
Montara,CA,37.5428,-122.5052
Montauk,NY,41.0459,-71.944
Montcalm,WV,37.3539,-81.2518
Montchanin,DE,39.7898,-75.5891
Montclair,CA,34.0733,-117.6987
Montclair,NJ,40.82805,-74.2088
Monte Rio,CA,38.4706,-123.0172
Monte Vista,CO,37.5731,-106.1408
Monteagle,TN,35.2402,-85.8228
Montebello,CA,34.0133,-118.113
Montebello,VA,37.8654,-79.0804
Montegut,LA,29.4744,-90.544
Montello,NV,41.2613,-114.1942
Montello,WI,43.769,-89.3586
Monterey,CA,36.5959,-121.8805
Monterey,IN,41.1383,-86.5179
Monterey,LA,31.4499,-91.7182
Monterey,MA,42.1867,-73.2065
Monterey,TN,36.1509,-85.2542
Monterey,VA,38.4058,-79.5941
Monterey Park,CA,34.05463,-118.12163
Monterville,WV,38.5517,-80.1224
Montesano,WA,47.0901,-123.5006
Montevallo,AL,33.1248,-86.8622
Montevideo,MN,44.9688,-95.6765
Monteview,ID,43.9862,-112.5783
Montezuma,GA,32.3026,-84.0041
Montezuma,IA,41.5928,-92.5276
Montezuma,IN,39.7961,-87.3607
Montezuma,KS,37.6016,-100.4461
Montezuma,NC,36.0651,-81.9017
Montezuma,NM,35.6523,-105.2764
Montezuma,NY,43.0101,-76.7033
Montezuma,OH,40.489,-84.5494
Montezuma Creek,UT,37.2539,-109.1061
Montfort,WI,42.9757,-90.4447
Montgomery,AL,32.30259,-86.24452
Montgomery,IL,41.7177,-88.332
Montgomery,IN,38.6521,-87.0476
Montgomery,LA,31.6674,-92.8412
Montgomery,MI,41.7928,-84.8496
Montgomery,MN,44.4356,-93.581
Montgomery,NY,41.5333,-74.2534
Montgomery,PA,41.1788,-76.8839
Montgomery,TX,30.3999,-95.6977
Montgomery,VT,44.9025,-72.6382
Montgomery,WV,38.1725,-81.3222
Montgomery Center,VT,44.8781,-72.6023
Montgomery City,MO,38.9839,-91.5085
Montgomery Creek,CA,40.9124,-121.9233
Montgomery Village,MD,39.1757,-77.1873
Montgomeryville,PA,40.2241,-75.231
Monticello,AR,33.62767,-91.79227
Monticello,FL,30.5324,-83.8819
Monticello,GA,33.3118,-83.714
Monticello,IA,42.2326,-91.1989
Monticello,IL,40.0263,-88.5686
Monticello,IN,40.7626,-86.755
Monticello,KY,36.8674,-84.8254
Monticello,ME,46.3007,-67.8414
Monticello,MN,45.2956,-93.8023
Monticello,MO,40.1184,-91.7121
Monticello,MS,31.5238,-90.128
Monticello,NM,33.397,-107.4509
Monticello,NY,41.6516,-74.7007
Monticello,UT,37.9217,-109.3153
Monticello,WI,42.7415,-89.6081
Montier,MO,36.987,-91.5754
Montmorenci,IN,40.4732,-87.0276
Montmorenci,SC,33.5073,-81.5992
Montour,IA,41.9709,-92.7006
Montour Falls,NY,42.3437,-76.8396
Montoursville,PA,41.2663,-76.903
Montpelier,IA,41.4625,-90.8088
Montpelier,ID,42.352,-111.3195
Montpelier,IN,40.5577,-85.2513
Montpelier,MS,33.7179,-88.9478
Montpelier,ND,46.6816,-98.6604
Montpelier,OH,41.5982,-84.6147
Montpelier,VA,37.8177,-77.6924
Montpelier,VT,44.25161,-72.57886
Montpelier Station,VA,38.227,-78.1768
Montreal,MO,37.9851,-92.547
Montreal,WI,46.428,-90.246
Montreat,NC,35.6415,-82.3156
Montrose,AL,30.5623,-87.9005
Montrose,AR,33.3075,-91.5228
Montrose,CA,34.2089,-118.22735
Montrose,CO,38.4377,-107.89977
Montrose,GA,32.5619,-83.1601
Montrose,IA,40.5139,-91.424
Montrose,IL,39.1573,-88.335
Montrose,MI,43.1754,-83.8824
Montrose,MN,45.0442,-93.9139
Montrose,MO,38.2597,-93.9952
Montrose,NY,41.2496,-73.9446
Montrose,PA,41.8396,-75.8821
Montrose,SD,43.7063,-97.1885
Montrose,WV,39.0964,-79.7896
Montross,VA,38.1105,-76.7828
Montvale,NJ,41.0495,-74.0384
Montvale,VA,37.407,-79.7175
Montverde,FL,28.5972,-81.6794
Montville,CT,41.479,-72.1512
Montville,NJ,40.9049,-74.3646
Montville,OH,41.6034,-81.057
Monument,CO,39.1007,-104.8542
Monument,KS,39.079,-101.035
Monument,NM,32.5874,-103.2703
Monument,OR,44.8189,-119.4192
Monument Beach,MA,41.7196,-70.612
Monument Valley,UT,37.0614,-110.4273
Moodus,CT,41.5078,-72.4419
Moody,AL,33.6035,-86.4668
Moody,ME,43.2763,-70.5978
Moody,MO,36.533,-91.9898
Moody,TX,31.2533,-97.41
Moody Afb,GA,30.9785,-83.2165
Moodys,OK,36.0458,-94.9669
Mooers,NY,44.9592,-73.5834
Mooers Forks,NY,44.9602,-73.673
Moon,VA,37.4487,-76.2766
Moonachie,NJ,40.8394,-74.0566
Moorcroft,WY,44.4154,-104.8389
Moore,ID,43.7296,-113.4544
Moore,MT,46.9755,-109.6969
Moore,SC,34.8646,-82.0215
Moore,TX,29.0595,-99.0204
Moore Haven,FL,26.8327,-81.2188
Moorefield,KY,38.2926,-83.8929
Moorefield,NE,40.5786,-100.3108
Moorefield,WV,38.9907,-78.9745
Mooreland,IN,39.9941,-85.2581
Mooreland,OK,36.4428,-99.1832
Moores Hill,IN,39.0945,-85.0638
Mooresboro,NC,35.2295,-81.7492
Mooresburg,TN,36.3621,-83.2095
Moorestown,NJ,39.9683,-74.9533
Mooresville,AL,34.6259,-86.8746
Mooresville,IN,39.5915,-86.3642
Mooresville,MO,39.7425,-93.7169
Mooresville,NC,35.5807,-80.84555
Mooreton,ND,46.2686,-96.8762
Mooreville,MS,34.2808,-88.595
Moorhead,IA,41.9186,-95.829
Moorhead,MN,46.87235,-96.76642
Moorhead,MS,33.4783,-90.5143
Mooringsport,LA,32.6626,-93.973
Moorland,IA,42.434,-94.3199
Moorpark,CA,34.282,-118.87955
Moose,WY,43.715,-110.742
Moose Lake,MN,46.4472,-92.7466
Moose Pass,AK,60.6148,-149.4056
Mooseheart,IL,41.8241,-88.3315
Moosic,PA,41.3554,-75.6805
Moosup,CT,41.721,-71.885
Mora,LA,31.4016,-92.974
Mora,MN,45.8958,-93.2942
Mora,MO,38.5207,-93.2272
Mora,NM,35.9742,-105.33
Moraga,CA,37.79937,-122.01167
Moran,KS,37.9342,-95.1647
Moran,MI,46.0441,-85.0078
Moran,TX,32.5549,-99.1656
Moran,WY,43.9509,-110.5532
Morann,PA,40.7864,-78.367
Morattico,VA,37.7928,-76.6093
Moravia,IA,40.8825,-92.8534
Moravia,NY,42.7355,-76.399
Moravian Falls,NC,36.0788,-81.1781
Moreauville,LA,31.0988,-91.8748
Morehead,KY,38.199,-83.4436
Morehead City,NC,34.7253,-76.7531
Morehouse,MO,36.8504,-89.6847
Moreland,GA,33.2734,-84.7566
Moreland,ID,43.2226,-112.4423
Morenci,AZ,33.0787,-109.3654
Morenci,MI,41.7386,-84.2192
Moreno Valley,CA,33.92894,-117.22626
Moretown,VT,44.2596,-72.7494
Morgan,GA,31.5374,-84.5994
Morgan,MN,44.3926,-94.9218
Morgan,PA,40.3542,-80.1398
Morgan,TX,32.0195,-97.5608
Morgan,UT,41.0678,-111.7163
Morgan,VT,44.8787,-71.9714
Morgan City,LA,29.69615,-91.26235
Morgan City,MS,33.3807,-90.3504
Morgan Hill,CA,37.1439,-121.66115
Morgan Mill,TX,32.3882,-98.1673
Morganfield,KY,37.6869,-87.9439
Morganton,GA,34.8714,-84.2115
Morganton,NC,35.74265,-81.69975
Morgantown,IN,39.3628,-86.2803
Morgantown,KY,37.2002,-86.6859
Morgantown,PA,40.1552,-75.8998
Morgantown,WV,39.62651,-79.95849
Morganville,KS,39.4607,-97.2467
Morganville,NJ,40.3529,-74.2779
Morganza,LA,30.7245,-91.5959
Morganza,MD,38.3754,-76.6955
Moriah,NY,44.0438,-73.5079
Moriah Center,NY,44.0612,-73.5098
Moriarty,NM,34.9889,-106.0609
Moriches,NY,40.8095,-72.8229
Morland,KS,39.3229,-100.0733
Morley,IA,42.006,-91.2459
Morley,MI,43.506,-85.4473
Morley,MO,37.0411,-89.6076
Mormon Lake,AZ,34.9083,-111.463
Morning Sun,IA,41.0984,-91.2581
Morning View,KY,38.8394,-84.5069
Moro,AR,34.803,-91.006
Moro,IL,38.9318,-89.9618
Moro,OR,45.4853,-120.6957
Morocco,IN,40.9645,-87.4187
Morongo Valley,CA,34.0606,-116.5656
Moroni,UT,39.525,-111.5905
Morral,OH,40.6954,-83.2046
Morrice,MI,42.8385,-84.1768
Morrill,KS,39.9356,-95.712
Morrill,ME,44.4107,-69.1471
Morrill,NE,41.9681,-103.9182
Morrilton,AR,35.1692,-92.7354
Morris,AL,33.7392,-86.7726
Morris,CT,41.6881,-73.1765
Morris,GA,31.8343,-84.9255
Morris,IL,41.3672,-88.4178
Morris,IN,39.2814,-85.1739
Morris,MN,45.5921,-95.9172
Morris,NY,42.5478,-75.2448
Morris,OK,35.6619,-95.8319
Morris,PA,41.5475,-77.292
Morris Chapel,TN,35.3026,-88.3176
Morris Plains,NJ,40.8445,-74.4824
Morris Run,PA,41.6775,-77.0152
Morrisdale,PA,41.0001,-78.2357
Morrison,CO,39.6125,-105.1746
Morrison,IA,42.3433,-92.6738
Morrison,IL,41.8167,-89.969
Morrison,MO,38.606,-91.658
Morrison,OK,36.2902,-97.0228
Morrison,TN,35.6029,-85.9197
Morrisonville,IL,39.4153,-89.4541
Morrisonville,NY,44.6894,-73.5772
Morrisonville,WI,43.2773,-89.3564
Morriston,FL,29.2813,-82.4917
Morristown,AZ,33.8567,-112.6232
Morristown,IN,39.6675,-85.6934
Morristown,MN,44.2342,-93.4525
Morristown,NJ,40.81977,-74.5157
Morristown,NY,44.5843,-75.6453
Morristown,OH,40.0631,-81.0743
Morristown,SD,45.9386,-101.7232
Morristown,TN,36.21178,-83.28445
Morrisville,MO,37.4686,-93.4275
Morrisville,NC,35.8344,-78.8466
Morrisville,NY,42.9108,-75.6487
Morrisville,PA,40.2084,-74.8291
Morrisville,VT,44.5543,-72.6026
Morro Bay,CA,35.37265,-120.8473
Morrow,AR,35.8654,-94.4432
Morrow,GA,33.5428,-84.338
Morrow,LA,30.8299,-92.0426
Morrow,OH,39.3476,-84.1181
Morrowville,KS,39.8616,-97.1825
Morse,LA,30.1298,-92.4767
Morse,TX,36.0596,-101.4729
Morse Bluff,NE,41.4178,-96.7862
Morse Mill,MO,38.2809,-90.6521
Morton,IL,40.6148,-89.4604
Morton,MN,44.5662,-95.0268
Morton,MS,32.4029,-89.5949
Morton,NY,43.3281,-77.9953
Morton,PA,39.9063,-75.3238
Morton,TX,33.7251,-102.7594
Morton,WA,46.5581,-122.2496
Morton Grove,IL,42.0431,-87.7899
Mortons Gap,KY,37.249,-87.4615
Morven,GA,30.9416,-83.4993
Morven,NC,34.8511,-80.0025
Mosby,MO,39.3149,-94.2939
Mosby,MT,46.9005,-107.7891
Mosca,CO,37.6358,-105.8069
Moscow,AR,34.1465,-91.7951
Moscow,IA,41.5646,-91.0859
Moscow,ID,46.73165,-116.99495
Moscow,KS,37.3172,-101.2427
Moscow,MI,42.0548,-84.5039
Moscow,OH,38.8583,-84.1958
Moscow,PA,41.3432,-75.5301
Moscow,TN,35.0588,-89.3595
Moscow,TX,30.9179,-94.8544
Moscow,VT,44.442,-72.7188
Moscow Mills,MO,38.9482,-90.9138
Moseley,VA,37.426,-77.7585
Moselle,MS,31.4836,-89.3206
Moses Lake,WA,47.1374,-119.2891
Moshannon,PA,41.0342,-78.0095
Mosheim,TN,36.1839,-82.9674
Mosherville,MI,42.0603,-84.6594
Mosier,OR,45.6508,-121.379
Mosinee,WI,44.7997,-89.6845
Mosquero,NM,35.8041,-103.9021
Moss,MS,31.8152,-89.1778
Moss,TN,36.5966,-85.6772
Moss Beach,CA,37.531,-122.5068
Moss Landing,CA,36.8175,-121.7773
Moss Point,MS,30.48605,-88.508
Mossville,IL,40.818,-89.568
Mossy Head,FL,30.7432,-86.3149
Mossyrock,WA,46.5131,-122.4789
Motley,MN,46.2881,-94.5638
Mott,ND,46.3696,-102.327
Mottville,NY,42.9745,-76.4408
Moulton,AL,34.5058,-87.2224
Moulton,IA,40.6866,-92.6833
Moulton,TX,29.57,-97.1031
Moultonborough,NH,43.7281,-71.3922
Moultrie,GA,31.1458,-83.7462
Mound,MN,44.9382,-93.6561
Mound,TX,31.3514,-97.6444
Mound Bayou,MS,33.886,-90.7302
Mound City,IL,37.0865,-89.1637
Mound City,KS,38.156,-94.8186
Mound City,MO,40.1362,-95.2138
Mound City,SD,45.6786,-100.0479
Mound Valley,KS,37.2091,-95.4247
Moundridge,KS,38.206,-97.5088
Mounds,IL,37.1188,-89.2001
Mounds,OK,35.8896,-96.0887
Moundsville,WV,39.9148,-80.731
Moundville,AL,32.9108,-87.5935
Moundville,MO,37.7476,-94.4496
Mount Aetna,PA,40.4187,-76.2944
Mount Airy,GA,34.5678,-83.4713
Mount Airy,LA,30.0575,-90.6369
Mount Airy,MD,39.3881,-77.1723
Mount Airy,NC,36.5007,-80.6119
Mount Alto,WV,38.8639,-81.8784
Mount Angel,OR,45.0737,-122.7856
Mount Arlington,NJ,40.9283,-74.6363
Mount Auburn,IA,42.255,-92.0927
Mount Auburn,IL,39.769,-89.2489
Mount Aukum,CA,38.55,-120.7304
Mount Ayr,IA,40.7142,-94.2321
Mount Ayr,IN,40.9521,-87.2986
Mount Baldy,CA,34.2361,-117.6601
Mount Berry,GA,34.2804,-85.1821
Mount Bethel,PA,40.9008,-75.1115
Mount Blanchard,OH,40.8929,-83.5553
Mount Braddock,PA,39.9321,-79.6522
Mount Calm,TX,31.7575,-96.8944
Mount Calvary,WI,43.8142,-88.2399
Mount Carbon,WV,38.1399,-81.2931
Mount Carmel,IL,38.4147,-87.7911
Mount Carmel,PA,40.7955,-76.4195
Mount Carmel,SC,34.0065,-82.5324
Mount Carmel,TN,36.5629,-82.6532
Mount Carmel,UT,37.2472,-112.6644
Mount Carroll,IL,42.1053,-89.9845
Mount Clare,WV,39.2107,-80.2899
Mount Clemens,MI,42.59755,-82.88015
Mount Cory,OH,40.9437,-83.8093
Mount Crawford,VA,38.3457,-78.8957
Mount Croghan,SC,34.7439,-80.2428
Mount Desert,ME,44.3347,-68.3087
Mount Dora,FL,28.79255,-81.64875
Mount Eaton,OH,40.6949,-81.7026
Mount Eden,KY,38.0352,-85.1641
Mount Enterprise,TX,31.9125,-94.6235
Mount Ephraim,NJ,39.8827,-75.0929
Mount Erie,IL,38.5222,-88.2185
Mount Freedom,NJ,40.8055,-74.5738
Mount Gay,WV,37.8415,-82.0087
Mount Gilead,NC,35.2274,-79.9871
Mount Gilead,OH,40.5384,-82.8062
Mount Gretna,PA,40.2476,-76.4711
Mount Hamilton,CA,37.3511,-121.6384
Mount Hermon,CA,37.0511,-122.0575
Mount Hermon,KY,36.7723,-85.8195
Mount Hermon,LA,30.9536,-90.2769
Mount Holly,AR,33.3085,-92.9443
Mount Holly,NC,35.3119,-81.0306
Mount Holly,NJ,40.0086,-74.7896
Mount Holly,VA,38.1182,-76.6805
Mount Holly,VT,43.4487,-72.7956
Mount Holly Springs,PA,40.1115,-77.1902
Mount Hood Parkdale,OR,45.4929,-121.5983
Mount Hope,AL,34.4793,-87.4769
Mount Hope,KS,37.8684,-97.6591
Mount Hope,OH,40.6223,-81.7825
Mount Hope,WI,42.9689,-90.8665
Mount Hope,WV,37.8856,-81.1863
Mount Horeb,WI,43.002,-89.7414
Mount Ida,AR,34.5612,-93.5749
Mount Jackson,VA,38.7857,-78.6803
Mount Jewett,PA,41.7247,-78.6446
Mount Joy,PA,40.1083,-76.5103
Mount Judea,AR,35.9407,-93.0654
Mount Juliet,TN,36.1949,-86.51045
Mount Kisco,NY,41.205,-73.7299
Mount Laguna,CA,32.8676,-116.4206
Mount Laurel,NJ,39.9478,-74.9036
Mount Lemmon,AZ,32.3763,-110.7605
Mount Liberty,OH,40.3467,-82.6302
Mount Lookout,WV,38.1821,-80.9108
Mount Marion,NY,42.0357,-74.0002
Mount Meigs,AL,32.2334,-86.2085
Mount Morris,IL,42.0479,-89.4346
Mount Morris,MI,43.116,-83.6895
Mount Morris,NY,42.6835,-77.8664
Mount Morris,PA,39.774,-80.0246
Mount Mourne,NC,35.5432,-80.8473
Mount Nebo,WV,38.1653,-80.7976
Mount Olive,AL,33.6768,-86.8717
Mount Olive,IL,39.0705,-89.7448
Mount Olive,MS,31.7613,-89.6551
Mount Olive,NC,35.2109,-78.0983
Mount Olive,WV,38.2379,-81.2334
Mount Olivet,KY,38.5218,-84.048
Mount Orab,OH,39.0454,-83.948
Mount Perry,OH,39.8788,-82.188
Mount Pleasant,AR,35.9759,-91.785
Mount Pleasant,IA,40.9646,-91.5614
Mount Pleasant,MI,43.6022,-84.82277
Mount Pleasant,MS,34.9536,-89.523
Mount Pleasant,NC,35.4146,-80.4171
Mount Pleasant,OH,40.1753,-80.7979
Mount Pleasant,PA,40.1742,-79.5134
Mount Pleasant,SC,32.83627,-79.82937
Mount Pleasant,TN,35.5301,-87.2037
Mount Pleasant,TX,33.16505,-94.9689
Mount Pleasant,UT,39.5232,-111.5039
Mount Pleasant Mills,PA,40.7237,-77.0135
Mount Pocono,PA,41.1216,-75.3529
Mount Prospect,IL,42.0624,-87.9377
Mount Pulaski,IL,40.0045,-89.2935
Mount Rainier,MD,38.9431,-76.9652
Mount Royal,NJ,39.8097,-75.2082
Mount Saint Francis,IN,38.2985,-85.897
Mount Saint Joseph,OH,39.0965,-84.6431
Mount Savage,MD,39.6991,-78.8739
Mount Shasta,CA,41.3174,-122.324
Mount Sherman,KY,37.426,-85.6191
Mount Sidney,VA,38.2612,-78.973
Mount Sinai,NY,40.9271,-73.0127
Mount Solon,VA,38.3328,-79.1028
Mount Sterling,IA,40.6458,-91.9027
Mount Sterling,IL,39.9803,-90.7414
Mount Sterling,KY,38.0548,-83.9388
Mount Sterling,MO,38.4956,-91.6515
Mount Sterling,OH,39.7175,-83.2806
Mount Sterling,WI,43.3153,-90.9287
Mount Storm,WV,39.2652,-79.2255
Mount Summit,IN,40.0042,-85.3851
Mount Tabor,NJ,40.8711,-74.4777
Mount Tremper,NY,42.0435,-74.2485
Mount Ulla,NC,35.6389,-80.7239
Mount Union,IA,41.0374,-91.4138
Mount Union,PA,40.3901,-77.8637
Mount Upton,NY,42.4081,-75.4003
Mount Vernon,AL,31.0974,-88.035
Mount Vernon,AR,35.2265,-92.124
Mount Vernon,GA,32.184,-82.5867
Mount Vernon,IA,41.9287,-91.4274
Mount Vernon,IL,38.317,-88.9105
Mount Vernon,IN,37.9506,-87.8569
Mount Vernon,KY,37.3983,-84.3379
Mount Vernon,ME,44.4993,-69.9903
Mount Vernon,MO,37.1045,-93.7976
Mount Vernon,NY,40.91305,-73.83177
Mount Vernon,OH,40.3849,-82.4873
Mount Vernon,OR,44.4171,-119.1121
Mount Vernon,SD,43.7204,-98.2633
Mount Vernon,TX,33.1702,-95.2181
Mount Vernon,VA,38.7192,-77.1073
Mount Vernon,WA,48.39975,-122.17425
Mount Victoria,MD,38.3436,-76.8846
Mount Victory,OH,40.5232,-83.4942
Mount Vision,NY,42.6068,-75.1264
Mount Washington,KY,38.0452,-85.5586
Mount Washington,NH,44.6956,-71.3874
Mount Wilson,CA,34.2264,-118.0662
Mount Wolf,PA,40.0711,-76.6966
Mount Zion,GA,33.643,-85.1818
Mount Zion,WV,38.8286,-81.1322
Mountain,ND,48.6931,-97.8841
Mountain,WI,45.1991,-88.4583
Mountain Center,CA,33.7042,-116.7259
Mountain City,GA,34.9181,-83.3854
Mountain City,NV,41.8385,-115.9654
Mountain City,TN,36.4657,-81.814
Mountain Dale,NY,41.6918,-74.5358
Mountain Grove,MO,37.1626,-92.2839
Mountain Home,AR,36.33325,-92.38025
Mountain Home,ID,43.1392,-115.6963
Mountain Home,NC,35.3711,-82.4938
Mountain Home,TN,36.3107,-82.3732
Mountain Home,TX,30.1725,-99.485
Mountain Home,UT,40.3922,-110.4291
Mountain Home Afb,ID,43.7914,-116.4012
Mountain Iron,MN,47.5133,-92.6243
Mountain Lake,MN,43.939,-94.9273
Mountain Lakes,NJ,40.8904,-74.4415
Mountain Park,OK,34.7032,-98.9591
Mountain Pass,CA,35.4703,-115.545
Mountain Pine,AR,34.5976,-93.1539
Mountain Ranch,CA,38.2328,-120.4994
Mountain Rest,SC,34.8541,-83.1134
Mountain Top,PA,41.135,-75.9376
Mountain View,AR,35.8208,-92.0389
Mountain View,CA,37.38978,-122.08258
Mountain View,HI,19.5506,-155.0864
Mountain View,MO,36.9892,-91.7099
Mountain View,OK,35.0654,-98.7307
Mountain View,WY,41.2335,-110.3372
Mountain Village,AK,62.1123,-163.6644
Mountainair,NM,34.5158,-106.2577
Mountainburg,AR,35.6464,-94.1497
Mountainhome,PA,41.1737,-75.271
Mountainside,NJ,40.6785,-74.3588
Mountainville,NY,41.4009,-74.0785
Mountlake Terrace,WA,47.7933,-122.3076
Mountville,PA,40.0427,-76.4277
Mountville,SC,34.3408,-81.9584
Mousie,KY,37.4331,-82.9018
Mouth Of Wilson,VA,36.6104,-81.3955
Mouthcard,KY,37.3815,-82.2727
Moville,IA,42.4819,-96.0656
Moweaqua,IL,39.6248,-89.019
Mowrystown,OH,39.0388,-83.7505
Moxahala,OH,39.6626,-82.1363
Moxee,WA,46.5542,-120.3685
Moyers,OK,34.3386,-95.6639
Moyie Springs,ID,48.7464,-116.1796
Moyock,NC,36.4871,-76.1146
Mozelle,KY,37.0037,-83.4135
Mozier,IL,39.2925,-90.7493
Mt Zion,IL,39.7705,-88.8659
Mud Butte,SD,45.031,-102.8031
Muddy,IL,37.765,-88.5167
Muenster,TX,33.6595,-97.3624
Muir,MI,43.0439,-84.9391
Muir,PA,40.5926,-76.5161
Mukilteo,WA,47.9199,-122.3019
Mukwonago,WI,42.8821,-88.3451
Mulberry,AR,35.5172,-93.9885
Mulberry,FL,27.902,-82.0015
Mulberry,IN,40.3433,-86.6613
Mulberry,KS,37.5442,-94.6839
Mulberry,TN,35.1941,-86.4217
Mulberry Grove,IL,38.9311,-89.2463
Muldoon,TX,29.7993,-97.1006
Muldraugh,KY,37.9371,-85.9918
Muldrow,OK,35.402,-94.6332
Mule Creek,NM,33.1071,-108.9032
Muleshoe,TX,34.2193,-102.7496
Mulga,AL,33.5363,-87.051
Mulhall,OK,36.0537,-97.4098
Mulino,OR,45.213,-122.5351
Mulkeytown,IL,37.9687,-89.1159
Mullan,ID,47.4709,-115.7926
Mullen,NE,42.0163,-101.0542
Mullens,WV,37.5842,-81.389
Mullett Lake,MI,45.5595,-84.5221
Mullica Hill,NJ,39.7252,-75.2065
Mulliken,MI,42.7377,-84.8979
Mullin,TX,31.5748,-98.6635
Mullins,SC,34.2044,-79.2542
Mullinville,KS,37.5716,-99.4639
Mulvane,KS,37.4764,-97.232
Mumford,NY,42.9928,-77.8603
Mumford,TX,30.7344,-96.565
Muncie,IL,40.1165,-87.8447
Muncie,IN,40.19759,-85.40324
Muncy,PA,41.2137,-76.7633
Muncy Valley,PA,41.3426,-76.5852
Munday,TX,33.4561,-99.6326
Munday,WV,39.0054,-81.2062
Mundelein,IL,42.2636,-88.0048
Munden,KS,39.9272,-97.5403
Munds Park,AZ,34.9412,-111.641
Munford,AL,33.541,-85.9363
Munford,TN,35.459,-89.8197
Munfordville,KY,37.2898,-85.9201
Munger,MI,43.5286,-83.7672
Munich,ND,48.6694,-98.8355
Munising,MI,46.3994,-86.6983
Munith,MI,42.3703,-84.2485
Munnsville,NY,42.9863,-75.594
Munroe Falls,OH,41.142,-81.4376
Munson,PA,40.9468,-78.1718
Munster,IN,41.5544,-87.5011
Murchison,TX,32.3257,-95.7737
Murdo,SD,43.8961,-100.7121
Murdock,FL,26.902,-82.0
Murdock,IL,39.8009,-88.0784
Murdock,KS,37.6099,-97.9503
Murdock,MN,45.2161,-95.4049
Murdock,NE,40.919,-96.2848
Murfreesboro,AR,34.1017,-93.7109
Murfreesboro,NC,36.4319,-77.1027
Murfreesboro,TN,35.8414,-86.41423
Murphy,ID,42.8481,-116.6371
Murphy,NC,35.1312,-84.0388
Murphy,OR,42.308,-123.3273
Murphys,CA,38.1345,-120.4516
Murphysboro,IL,37.7655,-89.3317
Murray,IA,41.0376,-93.953
Murray,ID,47.6271,-115.8585
Murray,KY,36.6099,-88.3032
Murray,NE,40.92,-95.9227
Murray City,OH,39.5055,-82.1711
Murrayville,GA,34.4342,-83.8949
Murrayville,IL,39.5723,-90.2379
Murrells Inlet,SC,33.5507,-79.0528
Murrieta,CA,33.562,-117.222
Murrysville,PA,40.4467,-79.6842
Murtaugh,ID,42.4776,-114.1606
Muscadine,AL,33.7529,-85.3789
Muscatine,IA,41.4304,-91.0509
Muscle Shoals,AL,34.75045,-87.64895
Muscoda,WI,43.2074,-90.457
Muscotah,KS,39.5388,-95.5175
Muse,OK,34.6641,-94.719
Muse,PA,40.2928,-80.2003
Musella,GA,32.8202,-84.0456
Muses Mills,KY,38.3501,-83.5271
Muskego,WI,42.9047,-88.1214
Muskegon,MI,43.22837,-86.23963
Muskogee,OK,35.73703,-95.384
Musselshell,MT,46.5186,-108.0912
Mustang,OK,35.3885,-97.7309
Mustoe,VA,38.386,-79.5592
Mutual,OK,36.214,-99.1145
Myakka City,FL,27.3648,-82.1849
Myers Flat,CA,40.2841,-123.7945
Myerstown,PA,40.3789,-76.3143
Myersville,MD,39.5282,-77.5513
Mylo,ND,48.6329,-99.5957
Myra,KY,37.2898,-82.5999
Myra,TX,33.6178,-97.309
Myra,WV,38.2198,-82.1351
Myrtle,MO,36.5217,-91.2706
Myrtle,MS,34.5402,-89.1157
Myrtle Beach,SC,33.701,-78.94449
Myrtle Creek,OR,43.0162,-123.2851
Myrtle Point,OR,43.0667,-124.1213
Myrtlewood,AL,32.2516,-87.9494
Mystic,CT,41.3616,-71.9774
Mystic,GA,31.6209,-83.2498
Mystic,IA,40.7883,-92.9284
Myton,UT,40.194,-110.0481
Naalehu,HI,19.0668,-155.6575
Nabb,IN,38.6128,-85.5217
Naches,WA,46.8058,-120.9921
Nachusa,IL,41.8316,-89.3896
Naco,AZ,31.3373,-109.9413
Nacogdoches,TX,31.65168,-94.6163
Nada,TX,29.405,-96.3864
Nadeau,MI,45.6089,-87.5529
Nageezi,NM,36.1598,-107.7664
Nags Head,NC,35.8865,-75.6038
Nahant,MA,42.4261,-70.9277
Nahcotta,WA,46.4984,-124.0335
Nahma,MI,45.8424,-86.6558
Nahunta,GA,31.1827,-81.9722
Nakina,NC,34.1153,-78.657
Naknek,AK,58.783,-156.8992
Nalcrest,FL,27.8557,-81.4309
Nallen,WV,38.1107,-80.877
Nampa,ID,43.60268,-116.61212
Nanafalia,AL,32.1129,-87.9881
Nancy,KY,37.0631,-84.7192
Nanjemoy,MD,38.4462,-77.1983
Nankin,OH,40.9206,-82.2817
Nanticoke,MD,38.2672,-75.9021
Nanticoke,PA,41.1963,-76.0044
Nantucket,MA,41.27515,-70.0696
Nanty Glo,PA,40.4704,-78.8375
Nanuet,NY,41.0977,-74.0109
Naoma,WV,37.8676,-81.4873
Napa,CA,38.34747,-122.27533
Napakiak,AK,60.6967,-161.9519
Napanoch,NY,41.759,-74.3804
Napavine,WA,46.5745,-122.9082
Naper,NE,42.9521,-99.071
Naperville,IL,41.76968,-88.1449
Napier,WV,38.7909,-80.5887
Naples,FL,26.17363,-81.72928
Naples,ID,48.6049,-116.3196
Naples,ME,43.9681,-70.5988
Naples,NC,35.3817,-82.4813
Naples,NY,42.6404,-77.3901
Naples,TX,33.1912,-94.6891
Napoleon,IN,39.2048,-85.327
Napoleon,MI,42.1643,-84.2458
Napoleon,MO,39.114,-94.0709
Napoleon,ND,46.4867,-99.7725
Napoleon,OH,41.391,-84.1433
Napoleonville,LA,29.9288,-91.0266
Naponee,NE,40.1258,-99.1277
Nappanee,IN,41.4493,-85.9945
Nara Visa,NM,35.618,-103.1317
Narberth,PA,40.0177,-75.2594
Nardin,OK,36.8155,-97.4325
Narka,KS,39.9582,-97.4243
Narragansett,RI,41.4353,-71.4616
Narrows,VA,37.3198,-80.8548
Narrowsburg,NY,41.5921,-75.0107
Naruna,VA,37.2458,-79.1335
Narvon,PA,40.1252,-75.9756
Naselle,WA,46.3528,-123.8044
Nash,OK,36.6961,-98.0258
Nash,TX,33.4344,-94.1219
Nashoba,OK,34.5072,-95.2075
Nashotah,WI,43.1118,-88.4089
Nashport,OH,40.0386,-82.0998
Nashua,IA,42.9528,-92.5298
Nashua,MN,46.0537,-96.316
Nashua,MT,48.1322,-106.3564
Nashua,NH,42.7592,-71.48232
Nashville,AR,33.9576,-93.8707
Nashville,GA,31.2074,-83.2319
Nashville,IL,38.3352,-89.3841
Nashville,IN,39.2367,-86.222
Nashville,KS,37.4344,-98.4171
Nashville,MI,42.5937,-85.122
Nashville,NC,35.9843,-77.9595
Nashville,OH,40.5956,-82.113
Nashville,TN,36.16646,-86.78566
Nashwauk,MN,47.42,-93.2168
Nason,IL,38.1654,-88.9676
Nassau,DE,38.7521,-75.1877
Nassau,NY,42.5271,-73.6118
Nassawadox,VA,37.4728,-75.858
Natalbany,LA,30.5519,-90.4859
Natalia,TX,29.2117,-98.8552
Natchez,LA,31.6615,-93.0241
Natchez,MS,31.52673,-91.3906
Natchitoches,LA,31.7523,-93.08327
Nathalie,VA,36.9356,-78.972
Nathrop,CO,38.7103,-106.1166
Natick,MA,42.2875,-71.3574
National City,CA,32.6765,-117.09445
National City,MI,44.3137,-83.6839
National Mine,MI,46.6041,-87.6148
National Park,NJ,39.8664,-75.1794
National Stock Yards,IL,38.6516,-90.1639
Natoma,KS,39.2013,-98.9829
Natrona,WY,43.0297,-106.8092
Natrona Heights,PA,40.6421,-79.7273
Natural Bridge,AL,34.0934,-87.6008
Natural Bridge,NY,44.063,-75.5039
Natural Bridge,VA,37.6606,-79.533
Natural Bridge Station,VA,37.598,-79.525
Natural Dam,AR,35.6743,-94.4124
Naturita,CO,38.2183,-108.5687
Naubinway,MI,46.126,-85.4462
Naugatuck,CT,41.492,-73.0493
Naugatuck,WV,37.7898,-82.349
Nauvoo,AL,33.9299,-87.4324
Nauvoo,IL,40.5261,-91.3318
Navajo,NM,35.8942,-109.0226
Navajo Dam,NM,36.8689,-107.6528
Naval Air Station Jrb,TX,32.7254,-97.3208
Naval Anacost Annex,DC,38.8951,-77.0364
Navarre,FL,30.4212,-86.8926
Navarre,MN,45.0159,-93.4719
Navarre,OH,40.7204,-81.5338
Navarro,CA,39.185,-123.5268
Navasota,TX,30.3576,-96.0594
Navesink,NJ,40.4023,-74.0273
Naylor,GA,30.8985,-83.1224
Naylor,MO,36.5843,-90.6124
Naytahwaush,MN,47.2601,-95.6283
Nazareth,KY,37.8472,-85.4694
Nazareth,MI,42.2454,-85.5299
Nazareth,PA,40.745,-75.3199
Nazareth,TX,34.5444,-102.1069
Nazlini,AZ,35.8964,-109.4487
Neah Bay,WA,48.328,-124.6151
Neal,KS,37.8329,-96.0818
Neapolis,OH,41.492,-83.8706
Neavitt,MD,38.7246,-76.2824
Nebo,IL,39.4202,-90.7692
Nebo,KY,37.3683,-87.6865
Nebo,NC,35.6732,-81.9056
Nebo,WV,38.6271,-81.0257
Nebraska City,NE,40.6747,-95.8619
Necedah,WI,44.0345,-90.06
Neche,ND,48.9796,-97.5427
Neches,TX,31.8668,-95.4958
Neck City,MO,37.257,-94.4444
Nederland,CO,39.9703,-105.4813
Nederland,TX,29.9716,-94.0012
Nedrow,NY,42.9559,-76.1529
Needham,AL,31.9879,-88.3367
Needham,IN,39.5605,-85.9656
Needham,MA,42.2798,-71.2501
Needham Heights,MA,42.2945,-71.2328
Needles,CA,34.7824,-114.5871
Needmore,PA,39.8713,-78.1439
Needville,TX,29.4117,-95.8273
Neely,MS,31.1793,-88.7198
Neelyton,PA,40.1371,-77.858
Neelyville,MO,36.571,-90.4995
Neenah,WI,44.18345,-88.4709
Neeses,SC,33.5318,-81.1232
Neffs,OH,40.0284,-80.8245
Neffs,PA,40.6967,-75.6116
Negaunee,MI,46.5007,-87.5829
Negley,OH,40.7579,-80.553
Negreet,LA,31.4693,-93.5749
Nehalem,OR,45.7216,-123.9049
Nehawka,NE,40.833,-95.993
Neihart,MT,46.9391,-110.7328
Neillsville,WI,44.5494,-90.6112
Neilton,WA,47.3877,-123.8903
Nekoma,KS,38.4372,-99.4234
Nekoma,ND,48.5772,-98.3704
Nekoosa,WI,44.282,-89.8814
Neligh,NE,42.1389,-98.0151
Nellis,WV,38.153,-81.7321
Nellis Afb,NV,36.2395,-115.0257
Nelliston,NY,42.9379,-74.6117
Nellysford,VA,37.902,-78.9004
Nelson,CA,39.5522,-121.7644
Nelson,GA,34.382,-84.371
Nelson,MN,45.9356,-95.2398
Nelson,MO,39.0104,-93.0311
Nelson,NE,40.2011,-98.0684
Nelson,NH,42.9906,-72.1309
Nelson,PA,41.9787,-77.2419
Nelson,VA,36.5586,-78.671
Nelson,WI,44.4295,-92.0007
Nelsonia,VA,37.8169,-75.5832
Nelsonville,OH,39.4556,-82.2309
Nelsonville,WI,44.495,-89.3098
Nemacolin,PA,39.8779,-79.9258
Nemaha,IA,42.518,-95.0939
Nemaha,NE,40.3198,-95.6913
Nemo,SD,44.2097,-103.5449
Nemo,TX,32.2713,-97.6567
Nemours,WV,37.3015,-81.3043
Nenana,AK,64.5577,-149.0867
Nenzel,NE,42.9278,-101.1029
Neodesha,KS,37.4257,-95.6765
Neoga,IL,39.322,-88.4503
Neola,IA,41.4564,-95.6794
Neola,UT,40.45,-110.0181
Neon,KY,37.1876,-82.711
Neopit,WI,44.9808,-88.8309
Neosho,MO,36.8706,-94.3862
Neosho,WI,43.2978,-88.5205
Neosho Falls,KS,37.9669,-95.5497
Neosho Rapids,KS,38.3948,-96.0168
Neotsu,OR,44.9988,-123.9843
Nephi,UT,39.6923,-111.8359
Neponset,IL,41.2905,-89.7944
Neptune,NJ,40.20485,-74.04965
Neptune Beach,FL,30.3155,-81.4051
Nerinx,KY,37.6603,-85.3932
Nerstrand,MN,44.3538,-93.0855
Nesbit,MS,34.8992,-90.0122
Nesconset,NY,40.8462,-73.1482
Nescopeck,PA,41.0469,-76.1981
Neshanic Station,NJ,40.5293,-74.7401
Neshkoro,WI,43.8989,-89.2336
Neskowin,OR,45.097,-123.9434
Nesmith,SC,33.6625,-79.5589
Nespelem,WA,48.1434,-119.0094
Nesquehoning,PA,40.8626,-75.8239
Ness City,KS,38.4388,-99.9029
Netarts,OR,45.434,-123.9458
Netawaka,KS,39.6063,-95.727
Netcong,NJ,40.8985,-74.6985
Nett Lake,MN,48.111,-93.0941
Nettie,WV,38.209,-80.6953
Nettleton,MS,34.0821,-88.6052
Nevada,IA,42.019,-93.4462
Nevada,MO,37.8409,-94.3571
Nevada,OH,40.8259,-83.1266
Nevada,TX,33.0593,-96.3877
Nevada City,CA,39.3017,-120.9717
Neversink,NY,41.8492,-74.6127
Neville,OH,38.8101,-84.2122
Nevis,MN,46.9319,-94.846
New Albany,IN,38.29725,-85.8231
New Albany,KS,37.569,-95.9379
New Albany,MS,34.4851,-89.0031
New Albany,OH,40.0847,-82.7988
New Albany,PA,41.5987,-76.4398
New Albin,IA,43.4899,-91.2942
New Alexandria,PA,40.3987,-79.422
New Almaden,CA,37.1771,-121.8207
New Athens,IL,38.316,-89.8728
New Athens,OH,40.1839,-80.9959
New Auburn,MN,44.6735,-94.2293
New Auburn,WI,45.2356,-91.5197
New Augusta,MS,31.2026,-89.0367
New Baden,IL,38.5315,-89.6922
New Baden,TX,31.051,-96.4291
New Baltimore,MI,42.6834,-82.798
New Baltimore,NY,42.4442,-73.7882
New Baltimore,PA,39.9828,-78.7719
New Bavaria,OH,41.2037,-84.1683
New Bedford,IL,41.5122,-89.7199
New Bedford,MA,41.64518,-70.9317
New Bedford,PA,41.0973,-80.5048
New Berlin,IL,39.7681,-89.855
New Berlin,NY,42.6224,-75.3474
New Berlin,PA,40.8802,-76.9861
New Berlin,WI,42.9781,-88.12495
New Berlinville,PA,40.3397,-75.6302
New Bern,NC,35.10926,-77.05796
New Bethlehem,PA,40.9999,-79.3527
New Blaine,AR,35.3189,-93.4446
New Bloomfield,MO,38.71,-92.083
New Bloomfield,PA,40.4193,-77.1938
New Bloomington,OH,40.6073,-83.3224
New Boston,IL,41.2153,-90.9879
New Boston,MI,42.1449,-83.3589
New Boston,MO,39.9332,-92.916
New Boston,NH,42.9722,-71.6864
New Boston,TX,33.4619,-94.4375
New Braintree,MA,42.3198,-72.1306
New Braunfels,TX,29.72135,-98.13038
New Bremen,OH,40.4389,-84.3821
New Brighton,PA,40.7393,-80.2972
New Britain,CT,41.66955,-72.78508
New Brockton,AL,31.369,-85.9404
New Brunswick,NJ,40.48108,-74.44284
New Buffalo,MI,41.7927,-86.746
New Buffalo,PA,40.4543,-76.9697
New Burnside,IL,37.578,-88.7454
New Cambria,KS,38.896,-97.523
New Cambria,MO,39.7551,-92.7695
New Canaan,CT,41.151,-73.4944
New Caney,TX,30.1579,-95.198
New Canton,IL,39.6342,-91.0886
New Canton,VA,37.6645,-78.3112
New Carlisle,IN,41.7051,-86.4838
New Carlisle,OH,39.93,-84.0217
New Castle,AL,33.649,-86.7686
New Castle,CO,39.5709,-107.5428
New Castle,DE,39.6065,-75.60493
New Castle,IN,39.9208,-85.3663
New Castle,KY,38.4374,-85.1756
New Castle,NH,43.0681,-70.7199
New Castle,PA,40.99218,-80.33162
New Castle,VA,37.4871,-80.1704
New Century,KS,38.8249,-94.8992
New Church,VA,37.9525,-75.5112
New City,NY,41.1472,-73.9962
New Columbia,PA,41.0541,-76.9019
New Concord,KY,36.55,-88.0955
New Concord,OH,40.0088,-81.7387
New Creek,WV,39.3612,-79.0452
New Cumberland,PA,40.2151,-76.8689
New Cumberland,WV,40.5228,-80.5901
New Cuyama,CA,34.9967,-119.8238
New Deal,TX,33.7296,-101.8355
New Derry,PA,40.3494,-79.3225
New Douglas,IL,38.9676,-89.7392
New Durham,NH,43.443,-71.1408
New Eagle,PA,40.2066,-79.9534
New Edinburg,AR,33.7588,-92.1939
New Effington,SD,45.8659,-96.915
New Egypt,NJ,40.0713,-74.5067
New Ellenton,SC,33.413,-81.69
New England,ND,46.5128,-102.8358
New Enterprise,PA,40.2,-78.4259
New Era,MI,43.5556,-86.3448
New Fairfield,CT,41.473,-73.4978
New Florence,MO,38.9023,-91.4909
New Florence,PA,40.3823,-79.0968
New Franken,WI,44.5592,-87.8235
New Franklin,MO,39.02,-92.7386
New Freedom,PA,39.7423,-76.6841
New Freeport,PA,39.7507,-80.4542
New Galilee,PA,40.8569,-80.3939
New Geneva,PA,39.7884,-79.9092
New Germantown,PA,40.309,-77.5697
New Germany,MN,44.8994,-93.9701
New Glarus,WI,42.8143,-89.6437
New Gloucester,ME,43.9608,-70.2974
New Goshen,IN,39.5803,-87.4616
New Gretna,NJ,39.5923,-74.451
New Hampshire,OH,40.5563,-83.9514
New Hampton,IA,43.056,-92.3131
New Hampton,MO,40.2444,-94.1786
New Hampton,NH,43.6184,-71.6435
New Hampton,NY,41.3627,-74.4435
New Harbor,ME,43.8605,-69.5079
New Harmony,IN,38.1245,-87.9172
New Harmony,UT,37.455,-113.268
New Hartford,CT,41.8468,-73.0104
New Hartford,IA,42.5831,-92.6164
New Hartford,NY,43.0654,-75.2906
New Haven,CT,41.31473,-72.92733
New Haven,IL,37.8999,-88.1285
New Haven,IN,41.0699,-85.0117
New Haven,KY,37.6438,-85.547
New Haven,MI,42.7651,-82.80105
New Haven,MO,38.574,-91.2291
New Haven,NY,43.4834,-76.315
New Haven,OH,41.035,-82.677
New Haven,VT,44.1126,-73.1735
New Haven,WV,38.9863,-81.9652
New Hill,NC,35.6809,-78.9365
New Holland,IL,40.1682,-89.5604
New Holland,OH,39.5589,-83.2504
New Holland,PA,40.1005,-76.0801
New Holland,SD,43.4291,-98.6069
New Holstein,WI,44.00625,-88.1571
New Home,TX,33.3451,-101.9203
New Hope,AL,34.5494,-86.3961
New Hope,KY,37.632,-85.5083
New Hope,PA,40.3556,-74.9839
New Hope,VA,38.1979,-78.9059
New Hudson,MI,42.5076,-83.6342
New Hyde Park,NY,40.7448,-73.6889
New Iberia,LA,30.00967,-91.7961
New Ipswich,NH,42.7511,-71.8703
New Johnsonville,TN,36.0088,-87.9547
New Kensington,PA,40.5657,-79.73885
New Kent,VA,37.553,-77.0742
New Kingston,NY,42.2094,-74.6837
New Kingstown,PA,40.2306,-77.0794
New Knoxville,OH,40.5039,-84.3118
New Laguna,NM,35.0409,-107.422
New Lebanon,NY,42.4759,-73.3773
New Lebanon,OH,39.7398,-84.3956
New Leipzig,ND,46.3823,-101.9619
New Lenox,IL,41.5067,-87.9631
New Lexington,OH,39.7174,-82.2019
New Liberty,IA,41.7132,-90.8599
New Liberty,KY,38.6277,-84.8756
New Limerick,ME,46.1004,-68.0034
New Lisbon,IN,39.8634,-85.263
New Lisbon,NJ,39.9582,-74.6279
New Lisbon,NY,42.5904,-75.1957
New Lisbon,WI,43.8877,-90.1524
New Llano,LA,31.1149,-93.2716
New London,CT,41.3507,-72.1062
New London,IA,40.9161,-91.3986
New London,MN,45.2949,-94.948
New London,MO,39.5917,-91.396
New London,NC,35.4285,-80.2057
New London,NH,43.4145,-71.9857
New London,OH,41.0906,-82.3966
New London,PA,39.7261,-75.7857
New London,TX,32.2542,-94.9322
New London,WI,44.3928,-88.7554
New Lothrop,MI,43.1388,-83.9851
New Madison,OH,39.9687,-84.7222
New Madrid,MO,36.6073,-89.5366
New Manchester,WV,40.5315,-80.5801
New Market,AL,34.9,-86.4487
New Market,IA,40.7422,-94.8917
New Market,IN,39.9524,-86.9206
New Market,MD,39.4096,-77.2759
New Market,TN,36.081,-83.5673
New Market,VA,38.6606,-78.6714
New Marshfield,OH,39.3228,-82.2594
New Martinsville,WV,39.6588,-80.8565
New Matamoras,OH,39.5288,-81.094
New Meadows,ID,44.994,-116.2874
New Melle,MO,38.7163,-90.8751
New Memphis,IL,38.4857,-89.6816
New Middletown,IN,38.1645,-86.051
New Middletown,OH,40.9646,-80.5534
New Midway,MD,39.5645,-77.2947
New Milford,CT,41.5817,-73.4128
New Milford,NJ,40.9331,-74.0195
New Milford,NY,41.2345,-74.4138
New Milford,PA,41.8664,-75.7171
New Millport,PA,40.8652,-78.5237
New Milton,WV,39.1899,-80.7076
New Munich,MN,45.6297,-94.7519
New Munster,WI,42.5746,-88.2326
New Orleans,LA,29.95705,-90.07036
New Oxford,PA,39.8775,-77.0643
New Palestine,IN,39.7233,-85.9052
New Paltz,NY,41.7464,-74.1092
New Paris,IN,41.4917,-85.8338
New Paris,OH,39.8617,-84.7793
New Paris,PA,40.1254,-78.6184
New Park,PA,39.76,-76.5042
New Philadelphia,OH,40.4845,-81.4358
New Philadelphia,PA,40.7195,-76.1158
New Pine Creek,OR,41.9941,-120.2972
New Plymouth,ID,43.959,-116.8048
New Plymouth,OH,39.3884,-82.3892
New Point,IN,39.3083,-85.3297
New Point,VA,37.3438,-76.2878
New Port Richey,FL,28.24726,-82.69154
New Portland,ME,44.90465,-70.0599
New Prague,MN,44.5402,-93.5805
New Preston Marble Dale,CT,41.6903,-73.3103
New Providence,IA,42.2693,-93.1753
New Providence,NJ,40.7004,-74.4023
New Providence,PA,39.9098,-76.2243
New Raymer,CO,40.6851,-103.839
New Richland,MN,43.8937,-93.4995
New Richmond,IN,40.1812,-86.9789
New Richmond,OH,38.9537,-84.2379
New Richmond,WI,45.123,-92.5366
New Richmond,WV,37.5701,-81.4887
New Riegel,OH,41.0514,-83.3185
New Ringgold,PA,40.7149,-75.9484
New River,AZ,33.9235,-112.1279
New River,VA,37.0964,-80.6081
New Roads,LA,30.7014,-91.4421
New Rochelle,NY,40.91935,-73.78435
New Rockford,ND,47.7174,-98.8987
New Ross,IN,39.9883,-86.7528
New Rumley,OH,40.4017,-81.0309
New Russia,NY,44.1595,-73.6059
New Salem,IL,39.6996,-90.844
New Salem,MA,42.5146,-72.3062
New Salem,ND,46.806,-101.4291
New Salem,PA,39.9242,-79.8356
New Salisbury,IN,38.3399,-86.0887
New Sarpy,LA,29.9817,-90.3859
New Sharon,IA,41.464,-92.6848
New Sharon,ME,44.6458,-70.0139
New Site,MS,34.5315,-88.3875
New Smyrna Beach,FL,29.02257,-80.92463
New Springfield,OH,40.9265,-80.5856
New Stanton,PA,40.2192,-79.6095
New Straitsville,OH,39.5869,-82.2488
New Stuyahok,AK,59.4882,-157.2905
New Suffolk,NY,40.9915,-72.4759
New Summerfield,TX,31.9807,-95.0938
New Sweden,ME,46.9559,-68.1154
New Tazewell,TN,36.43725,-83.619
New Town,MA,42.4464,-71.4594
New Town,ND,47.9718,-102.4716
New Trenton,IN,39.31,-84.9007
New Tripoli,PA,40.6545,-75.7417
New Troy,MI,41.8744,-86.549
New Ulm,MN,44.3044,-94.4644
New Ulm,TX,29.9134,-96.4961
New Underwood,SD,44.0874,-102.8136
New Vernon,NJ,40.7347,-74.4845
New Vienna,IA,42.5678,-91.0976
New Vienna,OH,39.3321,-83.6882
New Vineyard,ME,44.7967,-70.122
New Virginia,IA,41.1883,-93.6976
New Washington,IN,38.5575,-85.4599
New Washington,OH,40.9571,-82.8504
New Waterford,OH,40.8489,-80.6209
New Waverly,IN,40.7621,-86.1936
New Waverly,TX,30.5354,-95.4532
New Weston,OH,40.3349,-84.6308
New Wilmington,PA,41.1291,-80.32885
New Windsor,IL,41.1987,-90.4598
New Windsor,MD,39.5162,-77.1034
New Windsor,NY,41.4724,-74.0566
New Woodstock,NY,42.8441,-75.8635
New York,NY,40.75919,-73.98172
New York Mills,MN,46.5559,-95.4047
New York Mills,NY,43.1,-75.2937
New Zion,SC,33.7957,-80.0148
Newalla,OK,35.3734,-97.1971
Newark,AR,35.7118,-91.4394
Newark,CA,37.5368,-122.032
Newark,DE,39.62017,-75.6645
Newark,IL,41.5267,-88.527
Newark,MD,38.2489,-75.2893
Newark,MO,39.9931,-91.973
Newark,NJ,40.74623,-74.19819
Newark,NY,43.0519,-77.0946
Newark,OH,40.0752,-82.42953
Newark,TX,33.007,-97.4923
Newark Valley,NY,42.2281,-76.1625
Newaygo,MI,43.4198,-85.7594
Newberg,OR,45.3099,-122.9685
Newbern,AL,32.5515,-87.5615
Newbern,TN,36.1009,-89.2514
Newbern,VA,37.0692,-80.6891
Newberry,FL,29.6609,-82.5852
Newberry,IN,38.9229,-87.0081
Newberry,MI,46.3438,-85.515
Newberry,SC,34.2847,-81.6157
Newberry Springs,CA,34.885,-116.7464
Newborn,GA,33.5149,-83.7072
Newburg,MD,38.3298,-76.9175
Newburg,MO,37.9008,-91.8807
Newburg,ND,48.6982,-100.9681
Newburg,PA,40.1333,-77.5669
Newburg,WI,43.4338,-88.0623
Newburg,WV,39.4027,-79.828
Newburgh,IN,38.01305,-87.3195
Newburgh,NY,41.51185,-74.02095
Newbury,MA,42.7835,-70.8474
Newbury,NH,43.3217,-72.0118
Newbury,OH,41.475,-81.2345
Newbury,VT,44.0683,-72.1187
Newbury Park,CA,34.1808,-118.92325
Newburyport,MA,42.813,-70.8847
Newcastle,CA,38.8763,-121.143
Newcastle,ME,44.0499,-69.5331
Newcastle,NE,42.6207,-96.8709
Newcastle,OK,35.2453,-97.6216
Newcastle,TX,33.1901,-98.7446
Newcastle,UT,37.6924,-113.6272
Newcastle,WY,43.8511,-104.2262
Newcomb,MD,38.7518,-76.178
Newcomb,NM,36.2847,-108.7059
Newcomb,NY,43.95785,-74.14805
Newcomb,TN,36.5428,-84.1798
Newcomerstown,OH,40.2739,-81.594
Newdale,ID,43.8881,-111.6042
Newell,IA,42.6157,-94.9946
Newell,NC,35.2768,-80.7165
Newell,PA,40.0751,-79.8943
Newell,SD,44.741,-103.3914
Newell,WV,40.614,-80.6011
Newellton,LA,32.0656,-91.2578
Newfane,NY,43.2724,-78.707
Newfane,VT,42.9704,-72.6781
Newfield,ME,43.6584,-70.8689
Newfield,NJ,39.5553,-75.0276
Newfield,NY,42.3621,-76.592
Newfields,NH,43.0374,-70.9782
Newfolden,MN,48.2895,-96.255
Newfoundland,NJ,41.0647,-74.4359
Newfoundland,PA,41.3041,-75.3384
Newhall,CA,34.3821,-118.52695
Newhall,IA,41.9927,-91.9779
Newhall,WV,37.2637,-81.6187
Newhebron,MS,31.73,-90.0153
Newhope,AR,34.2273,-93.8905
Newington,CT,41.7389,-72.7242
Newington,GA,32.581,-81.4826
Newington,VA,38.7384,-77.185
Newkirk,NM,35.0847,-104.2433
Newkirk,OK,36.84,-97.0561
Newland,NC,36.059,-81.9303
Newman,CA,37.3097,-121.0805
Newman,IL,39.7848,-88.0001
Newman Grove,NE,41.7498,-97.774
Newman Lake,WA,47.7274,-117.064
Newmanstown,PA,40.3495,-76.2133
Newmarket,NH,43.0726,-70.9553
Newnan,GA,33.36945,-84.77545
Newport,AR,35.5988,-91.2571
Newport,IN,39.8842,-87.4086
Newport,KY,39.00252,-84.41432
Newport,ME,44.8393,-69.2675
Newport,MI,41.9766,-83.2804
Newport,MN,44.8725,-92.9986
Newport,NC,34.7551,-76.9069
Newport,NE,42.6001,-99.3359
Newport,NH,43.3532,-72.1838
Newport,NJ,39.2832,-75.1716
Newport,NY,43.18,-74.9861
Newport,OH,39.3971,-81.2402
Newport,OR,44.6487,-124.0509
Newport,PA,40.4827,-77.1659
Newport,RI,41.4933,-71.31305
Newport,TN,35.9607,-83.1952
Newport,VA,37.3069,-80.5099
Newport,VT,44.9393,-72.2065
Newport,WA,48.1695,-117.1508
Newport Beach,CA,33.62093,-117.89705
Newport Center,VT,44.9442,-72.2974
Newport Coast,CA,33.5943,-117.8334
Newport News,VA,37.11892,-76.50235
Newry,ME,44.6895,-71.0112
Newry,PA,40.3937,-78.4356
Newry,SC,34.7247,-82.9106
Newsoms,VA,36.6148,-77.1069
Newton,AL,31.3311,-85.5992
Newton,GA,31.3164,-84.3367
Newton,IA,41.6992,-93.0455
Newton,IL,38.9847,-88.1704
Newton,KS,38.0451,-97.3435
Newton,MA,42.3528,-71.1875
Newton,MS,32.3244,-89.184
Newton,NC,35.6498,-81.2425
Newton,NH,42.8678,-71.042
Newton,NJ,41.0695,-74.8069
Newton,TX,30.8351,-93.7497
Newton,UT,41.8627,-111.9908
Newton,WI,43.9836,-87.7848
Newton,WV,38.606,-81.1623
Newton Center,MA,42.3341,-71.1833
Newton Falls,NY,44.2177,-74.9423
Newton Falls,OH,41.191,-80.9701
Newton Grove,NC,35.2301,-78.3594
Newton Hamilton,PA,40.3931,-77.8316
Newton Highlands,MA,42.3168,-71.2084
Newton Junction,NH,42.8619,-71.04
Newton Lower Falls,MA,42.3299,-71.2562
Newton Upper Falls,MA,42.3129,-71.2195
Newtonia,MO,36.8767,-94.1855
Newtonsville,OH,39.182,-84.0863
Newtonville,MA,42.352,-71.2084
Newtonville,NJ,39.5645,-74.859
Newtonville,NY,42.725,-73.7643
Newtown,CT,41.3931,-73.3167
Newtown,IN,40.2035,-87.147
Newtown,MO,40.3612,-93.3073
Newtown,PA,40.263,-74.9555
Newtown,VA,37.9226,-77.1449
Newtown,WV,37.7431,-82.108
Newtown Square,PA,39.9863,-75.407
Newville,AL,31.4403,-85.3287
Newville,PA,40.1855,-77.4114
Ney,OH,41.3781,-84.5269
Nezperce,ID,46.2475,-116.2393
Niagara,ND,47.9848,-97.8334
Niagara,WI,45.7653,-88.0309
Niagara Falls,NY,43.09664,-79.02746
Niagara University,NY,43.138,-79.0342
Niangua,MO,37.3985,-92.7763
Niantic,CT,41.3253,-72.2108
Niantic,IL,39.8582,-89.1701
Nicasio,CA,38.0546,-122.6964
Nice,CA,39.1194,-122.8315
Niceville,FL,30.58905,-86.53835
Nicholasville,KY,37.8735,-84.57205
Nicholls,GA,31.4498,-82.6032
Nichols,FL,27.8903,-82.0315
Nichols,IA,41.4766,-91.2931
Nichols,NY,42.0301,-76.354
Nichols,SC,34.2426,-79.1625
Nichols,WI,44.5668,-88.4582
Nicholson,GA,34.097,-83.421
Nicholson,MS,30.5637,-89.5578
Nicholson,PA,41.6412,-75.7641
Nicholville,NY,44.703,-74.6805
Nickelsville,VA,36.7502,-82.4202
Nickerson,KS,38.1412,-98.0674
Nickerson,NE,41.5491,-96.4441
Nicktown,PA,40.6016,-78.8114
Nicolaus,CA,38.8657,-121.557
Nicollet,MN,44.2724,-94.1867
Nicoma Park,OK,35.4928,-97.3276
Nielsville,MN,47.5373,-96.7574
Nightmute,AK,60.4794,-164.7239
Nikiski,AK,60.7007,-151.2766
Nikolai,AK,63.0133,-154.375
Nikolski,AK,52.9381,-168.8678
Niland,CA,33.3784,-115.6965
Niles,IL,42.0312,-87.8112
Niles,MI,41.8202,-86.2368
Niles,OH,41.1824,-80.7558
Nilwood,IL,39.398,-89.8045
Nimitz,WV,37.6286,-80.9446
Ninde,VA,38.2712,-77.0561
Nine Mile Falls,WA,47.8019,-117.5894
Ninety Six,SC,34.1652,-82.0292
Nineveh,IN,39.3656,-86.0976
Nineveh,NY,42.1625,-75.5484
Nineveh,PA,39.9615,-80.3078
Ninilchik,AK,60.0108,-151.6396
Ninnekah,OK,34.9143,-97.9333
Ninole,HI,19.935,-155.1668
Niobe,NY,42.0126,-79.4495
Niobrara,NE,42.7391,-97.9248
Niota,IL,40.5978,-91.2991
Niota,TN,35.5819,-84.5721
Niotaze,KS,37.037,-96.0121
Nipomo,CA,35.0298,-120.4894
Nipton,CA,35.4667,-115.2722
Nisland,SD,44.6665,-103.5402
Nisswa,MN,46.4929,-94.2976
Nisula,MI,46.7748,-88.8799
Nitro,WV,38.4193,-81.8293
Niverville,NY,42.44,-73.6663
Niwot,CO,40.1039,-105.1708
Nixa,MO,37.0512,-93.2972
Nixon,NV,39.8272,-119.3605
Nixon,TX,29.3016,-97.7529
Noatak,AK,67.5711,-162.9653
Noble,IL,38.7119,-88.219
Noble,LA,31.6938,-93.7167
Noble,MO,36.7441,-92.5769
Noble,OK,35.1417,-97.3409
Nobleboro,ME,44.0943,-69.4828
Noblesville,IN,40.0635,-86.04137
Nobleton,FL,28.6436,-82.2638
Nocatee,FL,27.1603,-81.8823
Nocona,TX,33.7982,-97.727
Nodaway,IA,40.954,-94.8731
Noel,MO,36.5417,-94.4906
Nogal,NM,33.4996,-105.7036
Nogales,AZ,31.48033,-110.9207
Nokesville,VA,38.70045,-77.567
Nokomis,FL,27.1412,-82.45815
Nokomis,IL,39.3036,-89.2853
Nolan,TX,32.2919,-100.2107
Nolanville,TX,31.0833,-97.5941
Nolensville,TN,35.9307,-86.6829
Noma,FL,30.9821,-85.6185
Nome,AK,64.5011,-165.4064
Nome,ND,46.6748,-97.7911
Nome,TX,30.0015,-94.4189
Nonantum,MA,42.3626,-71.2023
Nondalton,AK,59.9736,-154.8458
Nooksack,WA,48.9276,-122.3215
Noonan,ND,48.8856,-103.0098
Noorvik,AK,66.8364,-161.0441
Nora,IL,42.4558,-89.9454
Nora,VA,37.0182,-82.35
Nora Springs,IA,43.1479,-93.0002
Norborne,MO,39.3299,-93.6761
Norcatur,KS,39.8447,-100.2007
Norco,CA,33.9247,-117.5517
Norco,LA,30.0057,-90.4198
Norcross,GA,33.94506,-84.09898
Norcross,MN,45.8858,-96.1342
Norden,CA,39.318,-120.356
Nordheim,TX,28.9142,-97.5946
Nordland,WA,48.0432,-122.6926
Nordman,ID,48.6339,-116.9473
Norene,TN,36.1562,-86.3049
Norfolk,CT,41.9854,-73.1992
Norfolk,MA,42.1177,-71.3269
Norfolk,NE,42.0306,-97.41995
Norfolk,NY,44.8424,-74.9577
Norfolk,VA,36.89677,-76.25842
Norfork,AR,36.20805,-92.27865
Norge,VA,37.3688,-76.7705
Norlina,NC,36.4754,-78.1895
Norma,NJ,39.4998,-75.082
Normal,AL,34.789,-86.5719
Normal,IL,40.51135,-88.99315
Normalville,PA,40.0418,-79.4151
Norman,AR,34.4596,-93.6743
Norman,IN,38.9526,-86.275
Norman,NC,35.1704,-79.7228
Norman,OK,35.21382,-97.41365
Norman Park,GA,31.2462,-83.6549
Normandy,TN,35.4296,-86.2557
Normandy Beach,NJ,40.0026,-74.0604
Normangee,TX,31.0705,-96.125
Normanna,TX,28.5278,-97.7831
Normantown,WV,38.8802,-80.9419
Norphlet,AR,33.316,-92.6629
Norridgewock,ME,44.6899,-69.8306
Norris,IL,40.6259,-90.0323
Norris,MT,45.5323,-111.6943
Norris,SC,34.7648,-82.7567
Norris,SD,43.4662,-101.1517
Norris,TN,36.2005,-84.0858
Norris City,IL,37.9773,-88.3243
Norristown,GA,32.5041,-82.4848
Norristown,PA,40.162,-75.3553
North,SC,33.6211,-81.0601
North,VA,37.4401,-76.4238
North Adams,MA,42.6955,-73.08
North Adams,MI,41.9715,-84.5208
North Amherst,MA,42.4104,-72.5309
North Andover,MA,42.6826,-71.109
North Anson,ME,44.8797,-69.9119
North Apollo,PA,40.593,-79.5581
North Arlington,NJ,40.7898,-74.1343
North Attleboro,MA,41.98045,-71.3313
North Augusta,SC,33.54323,-81.95977
North Aurora,IL,41.8089,-88.3274
North Babylon,NY,40.7321,-73.3236
North Baltimore,OH,41.1867,-83.6806
North Bangor,NY,44.8532,-74.4191
North Bay,NY,43.2364,-75.7769
North Beach,MD,38.7119,-76.5367
North Bend,NE,41.4689,-96.7813
North Bend,OH,39.1536,-84.7273
North Bend,OR,43.4327,-124.2131
North Bend,PA,41.4083,-77.6641
North Bend,WA,47.4755,-121.7571
North Bennington,VT,42.9304,-73.2426
North Benton,OH,40.9876,-81.0162
North Bergen,NJ,40.7939,-74.0258
North Berwick,ME,43.3254,-70.7212
North Billerica,MA,42.5757,-71.2902
North Blenheim,NY,42.4899,-74.4282
North Bloomfield,OH,41.4569,-80.8068
North Bonneville,WA,45.6373,-121.9712
North Boston,NY,42.6856,-78.7767
North Branch,MI,43.2069,-83.2267
North Branch,MN,45.5114,-92.9802
North Branch,NY,41.8142,-74.9824
North Branford,CT,41.3323,-72.7809
North Bridgton,ME,44.0987,-70.6987
North Brookfield,MA,42.2665,-72.0821
North Brookfield,NY,42.8501,-75.3815
North Brunswick,NJ,40.4538,-74.4823
North Buena Vista,IA,42.6783,-90.9518
North Canton,CT,41.8997,-72.8907
North Canton,OH,40.7989,-81.3784
North Carrollton,MS,33.5324,-89.9001
North Carver,MA,41.9169,-70.8013
North Charleston,SC,32.87774,-80.01786
North Chatham,MA,41.703,-69.9666
North Chatham,NY,42.4705,-73.63
North Chelmsford,MA,42.6347,-71.3908
North Chicago,IL,42.379,-87.8165
North Chili,NY,43.1186,-77.8005
North Clarendon,VT,43.5522,-72.9561
North Collins,NY,42.5896,-78.9107
North Concord,VT,44.5501,-71.7867
North Conway,NH,44.0336,-71.1238
North Creek,NY,43.6978,-73.986
North Dartmouth,MA,41.6338,-70.9958
North Dighton,MA,41.8529,-71.1485
North East,MD,39.6045,-75.9538
North East,PA,42.2008,-79.8332
North Eastham,MA,41.8243,-69.9818
North Easton,MA,42.06175,-71.0997
North Egremont,MA,42.1986,-73.4462
North English,IA,41.5241,-92.0893
North Evans,NY,42.697,-78.9414
North Fairfield,OH,41.103,-82.5998
North Falmouth,MA,41.6417,-70.623
North Ferrisburgh,VT,44.2595,-73.2112
North Fork,CA,37.2125,-119.5143
North Fork,ID,45.4242,-114.0419
North Fort Myers,FL,26.69867,-81.8787
North Franklin,CT,41.6161,-72.1425
North Freedom,WI,43.4106,-89.849
North Garden,VA,37.9336,-78.6351
North Georgetown,OH,40.8436,-80.9794
North Grafton,MA,42.2297,-71.7037
North Granby,CT,42.0219,-72.8409
North Granville,NY,43.4525,-73.341
North Greece,NY,43.2578,-77.7351
North Grosvenordale,CT,41.9784,-71.8997
North Hampton,NH,42.9776,-70.8267
North Hampton,OH,39.9893,-83.9389
North Hartland,VT,43.5967,-72.3526
North Hatfield,MA,42.4112,-72.6223
North Haven,CT,41.3822,-72.8585
North Haven,ME,44.1436,-68.8667
North Haverhill,NH,44.0978,-72.0191
North Henderson,IL,41.1006,-90.4736
North Hero,VT,44.8353,-73.2778
North Highlands,CA,38.6707,-121.3781
North Hills,CA,34.2365,-118.48025
North Hollywood,CA,34.17436,-118.37975
North Hoosick,NY,42.9261,-73.3464
North Houston,TX,29.834,-95.4342
North Hudson,NY,43.9869,-73.7121
North Hyde Park,VT,44.6731,-72.5971
North Jackson,OH,41.088,-80.8623
North Java,NY,42.6776,-78.338
North Jay,ME,44.5473,-70.2381
North Judson,IN,41.215,-86.7759
North Kingstown,RI,41.5894,-71.4625
North Kingsville,OH,41.9046,-80.685
North Lake,WI,43.1561,-88.3707
North Lakewood,WA,48.152,-122.2074
North Las Vegas,NV,36.25226,-115.14526
North Lawrence,NY,44.775,-74.6653
North Lawrence,OH,40.8387,-81.6299
North Lewisburg,OH,40.2229,-83.5615
North Liberty,IA,41.7443,-91.6061
North Liberty,IN,41.5425,-86.4133
North Lima,OH,40.9649,-80.6549
North Little Rock,AR,34.78602,-92.2857
North Loup,NE,41.4972,-98.7858
North Manchester,IN,40.9986,-85.7842
North Marshfield,MA,42.1432,-70.7703
North Matewan,WV,37.6265,-82.1482
North Metro,GA,33.9792,-84.1263
North Miami,OK,36.9173,-94.8797
North Miami Beach,FL,25.9449,-80.1391
North Middletown,KY,38.1464,-84.1077
North Monmouth,ME,44.2753,-70.0367
North Montpelier,VT,44.2595,-72.585
North Myrtle Beach,SC,33.8221,-78.67353
North Newton,KS,38.0743,-97.3473
North Norwich,NY,42.6036,-75.5282
North Olmsted,OH,41.4201,-81.9131
North Oxford,MA,42.1655,-71.886
North Palm Beach,FL,26.8289,-80.0603
North Palm Springs,CA,33.9228,-116.5431
North Pembroke,MA,42.0932,-70.7925
North Pitcher,NY,42.6372,-75.8164
North Plains,OR,45.6686,-123.0281
North Platte,NE,41.0895,-100.76075
North Pole,AK,64.7805,-147.3694
North Pomfret,VT,43.7204,-72.4943
North Port,FL,27.06647,-82.1927
North Powder,OR,45.0317,-117.9337
North Pownal,VT,42.8098,-73.2534
North Prairie,WI,42.9385,-88.395
North Providence,RI,41.8547,-71.4735
North Reading,MA,42.5762,-71.09433
North Richland Hills,TX,32.8614,-97.2174
North Ridgeville,OH,41.3964,-82.0033
North Rim,AZ,36.2105,-112.0613
North River,NY,43.7237,-74.0873
North Robinson,OH,40.7934,-82.8566
North Rose,NY,43.1964,-76.9152
North Royalton,OH,41.3232,-81.7457
North Salem,IN,39.8671,-86.6388
North Salem,NH,42.837,-71.2206
North Salem,NY,41.3414,-73.5929
North Salt Lake,UT,40.8446,-111.9191
North San Juan,CA,39.3765,-121.0891
North Sandwich,NH,43.8452,-71.385
North Scituate,MA,42.219,-70.7856
North Scituate,RI,41.8439,-71.6242
North Sioux City,SD,42.5249,-96.5074
North Smithfield,RI,41.9724,-71.5508
North Spring,WV,37.5682,-81.8254
North Springfield,PA,41.9999,-80.4258
North Springfield,VT,43.338,-72.5277
North Star,MI,43.2484,-84.5433
North Star,OH,40.3243,-84.5737
North Stonington,CT,41.4531,-71.8727
North Stratford,NH,44.7149,-71.5644
North Street,MI,43.0349,-82.5748
North Sutton,NH,43.3653,-71.9341
North Tazewell,VA,37.1756,-81.5399
North Thetford,VT,43.8431,-72.1856
North Tonawanda,NY,43.0498,-78.851
North Troy,VT,44.9378,-72.4334
North Truro,MA,42.0338,-70.0875
North Turner,ME,44.358,-70.2558
North Uxbridge,MA,42.0876,-71.6412
North Vassalboro,ME,44.4862,-69.6225
North Vernon,IN,39.0018,-85.6272
North Versailles,PA,40.3762,-79.8124
North Wales,PA,40.21375,-75.26735
North Walpole,NH,43.1428,-72.4483
North Waltham,MA,42.3621,-71.2055
North Washington,IA,43.1174,-92.4144
North Washington,PA,41.0472,-79.8089
North Waterboro,ME,43.64,-70.7298
North Waterford,ME,44.2317,-70.7687
North Webster,IN,41.3326,-85.7103
North Westchester,CT,41.5809,-72.4012
North Weymouth,MA,42.2459,-70.9467
North Wilkesboro,NC,36.22005,-81.0873
North Windham,CT,41.7451,-72.1601
North Woodstock,NH,44.0354,-71.6863
North Yarmouth,ME,43.838,-70.2001
North Zulch,TX,30.9285,-96.0925
Northampton,MA,42.3366,-72.63583
Northampton,PA,40.6998,-75.4874
Northboro,IA,40.6127,-95.3096
Northborough,MA,42.3182,-71.6464
Northbridge,MA,42.1494,-71.6564
Northbrook,IL,42.12645,-87.83775
Northeast Harbor,ME,44.2941,-68.2849
Northern Cambria,PA,40.6661,-78.792
Northfield,CT,41.7077,-73.109
Northfield,MA,42.6887,-72.451
Northfield,MN,44.4587,-93.1668
Northfield,NJ,39.3703,-74.5552
Northfield,OH,41.3208,-81.5429
Northfield,VT,44.1512,-72.6565
Northfield Falls,VT,44.172,-72.6509
Northford,CT,41.3962,-72.7809
Northfork,WV,37.4194,-81.4058
Northome,MN,47.844,-94.2043
Northpoint,PA,40.9037,-79.1257
Northport,AL,33.2996,-87.5789
Northport,MI,45.1157,-85.6173
Northport,NY,40.9051,-73.3309
Northport,WA,48.9247,-117.7931
Northridge,CA,34.23087,-118.53543
Northrop,MN,43.7353,-94.4357
Northumberland,PA,40.9044,-76.7908
Northvale,NJ,41.0086,-73.9389
Northville,MI,42.4174,-83.4886
Northville,NY,43.2662,-74.2288
Northville,SD,45.1611,-98.6589
Northway,AK,62.9617,-141.9372
Northwood,IA,43.4506,-93.2419
Northwood,ND,47.7591,-97.6038
Northwood,NH,43.207,-71.2004
Northwood,OH,41.608,-83.4806
Norton,KS,39.8407,-99.8878
Norton,MA,41.9718,-71.1894
Norton,TX,31.8795,-100.1315
Norton,VA,36.9378,-82.6249
Norton,VT,44.9888,-71.7884
Norton,WV,38.9318,-79.9656
Nortonville,KS,39.4095,-95.3236
Nortonville,KY,37.1834,-87.4605
Norvell,MI,42.1582,-84.1838
Norvelt,PA,40.216,-79.4872
Norwalk,CA,33.90333,-118.08173
Norwalk,CT,41.16702,-73.40386
Norwalk,IA,41.4861,-93.6573
Norwalk,OH,41.2403,-82.6078
Norwalk,WI,43.8128,-90.6801
Norway,IA,41.8992,-91.892
Norway,KS,39.8279,-97.6509
Norway,ME,44.2127,-70.5601
Norway,MI,45.7862,-87.9047
Norway,SC,33.4534,-81.1097
Norwell,MA,42.1596,-70.8217
Norwich,CT,41.5371,-72.0849
Norwich,KS,37.4501,-97.8662
Norwich,ND,48.2491,-100.9712
Norwich,NY,42.5414,-75.5274
Norwich,OH,39.9934,-81.8024
Norwich,VT,43.7404,-72.3016
Norwood,CO,38.1104,-108.2845
Norwood,GA,33.4789,-82.7356
Norwood,LA,30.9518,-91.0629
Norwood,MA,42.1868,-71.2033
Norwood,MN,44.793,-93.82017
Norwood,MO,37.0687,-92.4082
Norwood,NC,35.2275,-80.1433
Norwood,NJ,40.9952,-73.9582
Norwood,NY,44.7472,-74.9992
Norwood,PA,39.887,-75.2972
Norwood,VA,37.6432,-78.8089
Norwood Young America,MN,44.7736,-93.9216
Notasulga,AL,32.5437,-85.6871
Noti,OR,44.0992,-123.4684
Notre Dame,IN,41.7002,-86.2379
Notrees,TX,31.8599,-102.7413
Nottawa,MI,41.9189,-85.4489
Nottingham,MD,39.3914,-76.4871
Nottingham,NH,43.1196,-71.111
Nottingham,PA,39.7441,-76.0356
Nottoway,VA,37.1161,-78.0578
Notus,ID,43.7259,-116.7997
Nova,OH,41.0282,-82.3384
Novato,CA,38.10832,-122.56752
Novelty,MO,40.0125,-92.2082
Novelty,OH,41.48555,-81.33745
Novi,MI,42.47602,-83.48305
Novice,TX,31.9781,-99.6809
Novinger,MO,40.2685,-92.7172
Nowata,OK,36.6946,-95.6404
Noxapater,MS,32.9789,-89.1221
Noxen,PA,41.4181,-76.046
Noxon,MT,48.0768,-115.8582
Noyes,MN,48.9975,-97.2045
Nu Mine,PA,40.8478,-79.4516
Nubieber,CA,41.0957,-121.183
Nucla,CO,38.2682,-108.5476
Nuevo,CA,33.8123,-117.1048
Nuiqsut,AK,70.1927,-150.9971
Nulato,AK,64.7194,-158.1031
Numidia,PA,40.8806,-76.4022
Nunam Iqua,AK,62.5309,-164.8496
Nunapitchuk,AK,60.8969,-162.4594
Nunda,NY,42.5867,-77.918
Nunda,SD,44.1525,-96.9942
Nunez,GA,32.4759,-82.3726
Nunica,MI,43.0883,-86.1028
Nunn,CO,40.7265,-104.785
Nunnelly,TN,35.8763,-87.5067
Nuremberg,PA,40.9395,-76.1716
Nursery,TX,28.9543,-97.0906
Nutley,NJ,40.8185,-74.1589
Nutrioso,AZ,33.9531,-109.2092
Nutting Lake,MA,42.5379,-71.2689
Nuttsville,VA,37.7935,-76.5508
Nyack,NY,41.0914,-73.9252
Nye,MT,45.441,-109.8271
Nyssa,OR,43.8604,-117.0251
O Brien,FL,30.0381,-82.93
O Brien,OR,42.0879,-123.689
O Brien,TX,33.3749,-99.8473
O Fallon,IL,38.5718,-89.8957
O Fallon,MO,38.7876,-90.73615
O Kean,AR,36.1797,-90.8241
O Neals,CA,37.1639,-119.6652
Oacoma,SD,43.7975,-99.3947
Oak,NE,40.2378,-97.903
Oak Bluffs,MA,41.4543,-70.562
Oak Brook,IL,41.8371,-87.9638
Oak City,NC,35.9597,-77.3004
Oak City,UT,39.3729,-112.3288
Oak Creek,CO,40.2567,-106.9296
Oak Creek,WI,42.8892,-87.9027
Oak Forest,IL,41.6077,-87.7542
Oak Grove,AR,36.4613,-93.4321
Oak Grove,KY,36.6652,-87.4255
Oak Grove,LA,32.8731,-91.4302
Oak Grove,MO,38.9985,-94.1399
Oak Hall,VA,37.9233,-75.54685
Oak Harbor,OH,41.5236,-83.1278
Oak Harbor,WA,48.32765,-122.65345
Oak Hill,AL,31.947,-87.0745
Oak Hill,FL,28.87,-80.8551
Oak Hill,NY,42.4098,-74.1524
Oak Hill,OH,38.8916,-82.5883
Oak Hill,WV,37.9723,-81.1487
Oak Island,MN,49.3135,-94.8492
Oak Island,NC,33.9161,-78.1255
Oak Lawn,IL,41.7631,-87.71945
Oak Park,CA,34.185,-118.7669
Oak Park,IL,41.88465,-87.79008
Oak Park,MI,42.4662,-83.184
Oak Park,MN,45.7022,-93.8164
Oak Ridge,LA,32.6243,-91.7618
Oak Ridge,MO,37.5258,-89.7508
Oak Ridge,NC,36.1673,-79.9804
Oak Ridge,NJ,41.0302,-74.5198
Oak Ridge,PA,41.0076,-79.2959
Oak Ridge,TN,36.06095,-84.22905
Oak Run,CA,40.6863,-122.0409
Oak Vale,MS,31.442,-89.9827
Oak View,CA,34.402,-119.2982
Oakboro,NC,35.246,-80.3413
Oakdale,CA,37.7741,-120.8377
Oakdale,CT,41.4706,-72.1904
Oakdale,IL,38.2573,-89.596
Oakdale,LA,30.8172,-92.664
Oakdale,NE,42.0697,-97.9692
Oakdale,NY,40.7382,-73.1297
Oakdale,PA,40.4033,-80.1842
Oakdale,TN,36.01,-84.5753
Oakdale,WI,43.9715,-90.3612
Oakes,ND,46.1095,-98.2257
Oakesdale,WA,47.1282,-117.2427
Oakfield,GA,31.7798,-83.9706
Oakfield,ME,46.1088,-68.1298
Oakfield,NY,43.0717,-78.2702
Oakfield,TN,35.7242,-88.7801
Oakfield,WI,43.6864,-88.5569
Oakford,IL,40.0994,-89.9601
Oakford,IN,40.4127,-86.1015
Oakham,MA,42.348,-72.0513
Oakhurst,CA,37.3476,-119.6449
Oakhurst,NJ,40.2648,-74.0184
Oakhurst,OK,36.0731,-96.0621
Oakhurst,TX,30.7126,-95.3095
Oakland,AR,36.4442,-92.5832
Oakland,CA,37.79771,-122.24091
Oakland,FL,28.5547,-81.6322
Oakland,IA,41.312,-95.379
Oakland,IL,39.6516,-88.0253
Oakland,KY,36.9985,-86.2501
Oakland,MD,39.4339,-79.3167
Oakland,ME,44.5173,-69.7401
Oakland,MI,42.7732,-83.1711
Oakland,MS,34.0756,-89.8877
Oakland,NE,41.8384,-96.4671
Oakland,NJ,41.0294,-74.2338
Oakland,OR,43.453,-123.3558
Oakland,RI,41.9573,-71.6478
Oakland,TN,35.229,-89.5151
Oakland,TX,29.6016,-96.83
Oakland City,IN,38.3361,-87.3519
Oakland Gardens,NY,40.7428,-73.7588
Oakland Mills,PA,40.6147,-77.3192
Oakley,CA,37.994,-121.7036
Oakley,ID,42.194,-113.872
Oakley,KS,39.1121,-100.858
Oakley,MI,43.1505,-84.2094
Oakley,UT,40.7243,-111.2456
Oaklyn,NJ,39.908,-75.0849
Oakman,AL,33.7002,-87.3686
Oakman,GA,34.569,-84.7119
Oakmont,PA,40.5196,-79.8369
Oakpark,VA,38.3674,-78.1628
Oakridge,OR,43.7376,-122.4377
Oaks,OK,36.1662,-94.8547
Oaks,PA,40.1318,-75.4596
Oaks Corners,NY,42.9319,-77.0118
Oakton,VA,38.8852,-77.3233
Oaktown,IN,38.8579,-87.3879
Oakville,CA,38.4379,-122.3991
Oakville,CT,41.5909,-73.0873
Oakville,IA,41.1003,-91.0439
Oakville,IN,40.0792,-85.39
Oakville,TX,28.4492,-98.1019
Oakville,WA,46.8434,-123.2493
Oakwood,GA,34.2372,-83.894
Oakwood,IL,40.1167,-87.7825
Oakwood,OH,41.0908,-84.3969
Oakwood,OK,35.9328,-98.7065
Oakwood,TX,31.5849,-95.8491
Oakwood,VA,37.2138,-81.9917
Oark,AR,35.7095,-93.5585
Oatman,AZ,35.0285,-114.3837
Oberlin,KS,39.8275,-100.5314
Oberlin,LA,30.6162,-92.7527
Oberlin,OH,41.2899,-82.2229
Obernburg,NY,41.8448,-75.0071
Oberon,ND,47.9487,-99.1401
Obion,TN,36.2657,-89.2805
Oblong,IL,39.001,-87.895
Obrien,CA,40.7352,-122.1944
Ocala,FL,29.1703,-82.14891
Ocate,NM,36.1037,-105.066
Occidental,CA,38.4087,-122.9954
Occoquan,VA,38.6816,-77.2605
Ocean Beach,NY,40.6443,-73.1613
Ocean Bluff,MA,42.0972,-70.6516
Ocean City,MD,38.3365,-75.0849
Ocean City,NJ,39.2709,-74.5875
Ocean Gate,NJ,39.926,-74.1351
Ocean Grove,NJ,40.2116,-74.0093
Ocean Isle Beach,NC,33.8913,-78.4298
Ocean Park,ME,43.5006,-70.3862
Ocean Park,WA,46.5029,-124.0436
Ocean Shores,WA,46.9737,-124.1563
Ocean Springs,MS,30.42585,-88.80395
Ocean View,DE,38.5617,-75.0966
Ocean View,HI,19.1002,-155.7258
Ocean View,NJ,39.2154,-74.7075
Oceana,WV,37.7407,-81.5831
Oceano,CA,35.10115,-120.60955
Oceanport,NJ,40.3157,-74.0164
Oceanside,CA,33.20404,-117.35156
Oceanside,NY,40.6362,-73.6375
Oceanside,OR,45.4549,-123.965
Oceanville,NJ,39.4712,-74.4604
Oceola,OH,40.8357,-83.1029
Ochelata,OK,36.5947,-95.9691
Ocheyedan,IA,43.391,-95.5204
Ochlocknee,GA,30.9742,-84.055
Ochopee,FL,25.8734,-81.1599
Ocilla,GA,31.5929,-83.2565
Ocklawaha,FL,29.062,-81.8954
Ocoee,FL,28.5837,-81.5326
Ocoee,TN,35.1025,-84.7136
Oconee,GA,32.8554,-82.9499
Oconee,IL,39.2884,-89.0836
Oconomowoc,WI,43.1095,-88.4862
Oconto,NE,41.1411,-99.7632
Oconto,WI,44.8914,-87.8917
Oconto Falls,WI,44.8755,-88.1555
Ocotillo,CA,32.7387,-115.9942
Ocracoke,NC,35.1397,-75.8931
Odanah,WI,46.5608,-90.6197
Odd,WV,37.593,-81.1872
Odebolt,IA,42.3095,-95.2501
Odell,IL,41.0238,-88.5156
Odell,NE,40.0451,-96.8019
Odell,OR,45.6437,-121.5367
Odell,TX,34.3452,-99.4196
Odem,TX,27.9403,-97.5838
Oden,AR,34.61515,-93.799
Oden,MI,45.4236,-84.8281
Odenton,MD,39.0762,-76.6996
Odenville,AL,33.6756,-86.409
Odessa,DE,39.4592,-75.6536
Odessa,FL,28.1421,-82.5905
Odessa,MN,45.2597,-96.3289
Odessa,MO,38.9829,-93.9757
Odessa,NE,40.7017,-99.2568
Odessa,NY,42.3609,-76.7717
Odessa,TX,31.84828,-102.37662
Odessa,WA,47.3395,-118.6983
Odin,IL,38.6088,-89.0552
Odin,MN,43.8824,-94.774
Odon,IN,38.8187,-86.9752
Odonnell,TX,32.9773,-101.8271
Odum,GA,31.6999,-81.9943
Oelrichs,SD,43.1551,-103.2162
Oelwein,IA,42.6811,-91.9131
Offerle,KS,37.8828,-99.5498
Offerman,GA,31.4126,-82.1155
Offutt Afb,NE,41.2563,-95.9404
Ogallah,KS,38.9914,-99.7323
Ogallala,NE,41.1275,-101.7107
Ogden,AR,33.5826,-94.0427
Ogden,IA,42.0351,-94.0063
Ogden,IL,40.1401,-87.9665
Ogden,KS,39.1153,-96.7101
Ogden,UT,41.23951,-111.96541
Ogdensburg,NJ,41.0767,-74.5982
Ogdensburg,NY,44.6902,-75.4774
Ogdensburg,WI,44.4268,-88.9932
Ogema,MN,47.1029,-95.9151
Ogema,WI,45.4392,-90.2565
Ogilvie,MN,45.8476,-93.4359
Oglala,SD,43.1886,-102.7396
Oglesby,IL,41.2928,-89.0553
Oglesby,TX,31.4438,-97.5501
Oglethorpe,GA,32.2842,-84.083
Ogunquit,ME,43.2541,-70.6094
Ohatchee,AL,33.7788,-86.0254
Ohio,IL,41.5371,-89.4574
Ohio City,CO,38.5908,-106.6028
Ohio City,OH,40.7854,-84.6731
Ohiopyle,PA,39.8507,-79.523
Ohiowa,NE,40.4065,-97.4427
Ohkay Owingeh,NM,36.0508,-106.069
Ohlman,IL,39.3434,-89.2191
Oil City,LA,32.7451,-93.9838
Oil City,PA,41.4319,-79.6916
Oil Springs,KY,37.8101,-82.9424
Oil Trough,AR,35.6131,-91.4703
Oilmont,MT,48.74,-111.8409
Oilton,OK,36.0685,-96.5958
Oilton,TX,27.4685,-98.9586
Oilville,VA,37.704,-77.7853
Ojai,CA,34.44655,-119.2497
Ojibwa,WI,45.7854,-91.1109
Ojo Caliente,NM,36.3313,-106.0028
Ojo Feliz,NM,36.0578,-105.1183
Okabena,MN,43.723,-95.3381
Okahumpka,FL,28.7545,-81.9151
Okanogan,WA,48.3513,-119.6046
Okarche,OK,35.7502,-97.93
Okatie,SC,32.3301,-80.8435
Okaton,SD,43.8861,-100.8918
Okauchee,WI,43.113,-88.4323
Okawville,IL,38.4319,-89.523
Okay,OK,35.8507,-95.3183
Okeana,OH,39.3537,-84.7761
Okeechobee,FL,27.28813,-80.87207
Okeene,OK,36.1165,-98.3254
Okemah,OK,35.4647,-96.3287
Okemos,MI,42.65225,-84.39535
Oketo,KS,39.9598,-96.6235
Oklahoma City,OK,35.49495,-97.48864
Oklaunion,TX,34.1295,-99.1429
Oklee,MN,47.8286,-95.8617
Okmulgee,OK,35.6288,-95.9697
Okoboji,IA,43.3889,-95.1369
Okolona,AR,34.0551,-93.2897
Okolona,MS,33.9694,-88.7638
Okolona,OH,41.3267,-84.1117
Okreek,SD,43.3633,-100.3809
Oktaha,OK,35.625,-95.4856
Ola,AR,35.0309,-93.2136
Ola,ID,44.2418,-116.2732
Olalla,WA,47.4241,-122.5745
Olancha,CA,36.23,-117.9552
Olanta,PA,40.9056,-78.5001
Olanta,SC,33.9285,-79.9153
Olar,SC,33.1836,-81.164
Olathe,CO,38.5976,-107.9921
Olathe,KS,38.8899,-94.8149
Olaton,KY,37.5259,-86.6875
Olcott,NY,43.3378,-78.7148
Old Appleton,MO,37.5975,-89.703
Old Bethpage,NY,40.765,-73.4575
Old Bridge,NJ,40.398,-74.3236
Old Chatham,NY,42.4357,-73.5545
Old Fields,WV,39.1502,-78.9509
Old Forge,NY,43.7435,-74.8935
Old Forge,PA,41.3701,-75.7391
Old Fort,NC,35.6169,-82.1686
Old Fort,OH,41.2395,-83.1479
Old Fort,TN,35.2829,-85.2568
Old Glory,TX,33.1298,-100.0559
Old Greenwich,CT,41.0354,-73.5673
Old Harbor,AK,57.2028,-153.3039
Old Hickory,TN,36.2416,-86.6117
Old Lyme,CT,41.3347,-72.3086
Old Mission,MI,44.9559,-85.49
Old Monroe,MO,38.9346,-90.7782
Old Mystic,CT,41.3882,-71.9495
Old Ocean,TX,29.08,-95.7497
Old Orchard Beach,ME,43.5254,-70.3883
Old Saybrook,CT,41.2913,-72.385
Old Station,CA,40.6256,-121.4585
Old Town,FL,29.6699,-83.005
Old Town,ME,44.943,-68.675
Old Washington,OH,40.0392,-81.4522
Old Westbury,NY,40.7882,-73.5875
Old Zionsville,PA,40.4865,-75.5202
Olden,TX,32.4421,-98.7342
Oldenburg,IN,39.3862,-85.2385
Oldfield,MO,36.9404,-92.9528
Oldham,SD,44.2457,-97.2696
Oldhams,VA,38.0181,-76.6861
Olds,IA,41.1342,-91.5449
Oldsmar,FL,28.046,-82.6848
Oldtown,ID,48.1552,-116.9781
Oldtown,MD,39.5846,-78.6044
Oldwick,NJ,40.6726,-74.7474
Olean,MO,38.4109,-92.5294
Olean,NY,42.0821,-78.426
Olema,CA,38.0467,-122.7699
Oley,PA,40.3833,-75.7706
Olga,WA,48.6195,-122.8355
Olin,IA,41.9954,-91.1409
Olin,NC,35.9593,-80.8511
Olive,MT,45.5506,-105.528
Olive Branch,IL,37.1674,-89.3537
Olive Branch,MS,34.9441,-89.8544
Olive Hill,KY,38.3001,-83.1741
Olivebridge,NY,41.875,-74.2734
Oliveburg,PA,40.9926,-79.0291
Olivehill,TN,35.2667,-88.039
Olivehurst,CA,39.0861,-121.5497
Oliver,GA,32.5281,-81.5332
Oliver,PA,39.9183,-79.7158
Oliver Springs,TN,36.0366,-84.3486
Olivet,MI,42.4459,-84.8973
Olivet,SD,43.2928,-97.7184
Olivia,MN,44.7706,-94.9727
Olivia,NC,35.3596,-79.1097
Olla,LA,31.8734,-92.2214
Ollie,IA,41.2001,-92.1354
Olmito,TX,26.0353,-97.5496
Olmitz,KS,38.5167,-98.9365
Olmstead,KY,36.7595,-86.9804
Olmsted,IL,37.1935,-89.0933
Olmsted Falls,OH,41.3734,-81.9158
Olmstedville,NY,43.7799,-73.9335
Olney,IL,38.7334,-88.0809
Olney,MD,39.1539,-77.0708
Olney,MO,39.0839,-91.2432
Olney,MT,48.5455,-114.592
Olney,TX,33.3601,-98.7427
Olney Springs,CO,38.2019,-103.941
Olpe,KS,38.2578,-96.1891
Olsburg,KS,39.4125,-96.6002
Olton,TX,34.1844,-102.1414
Olustee,FL,30.2041,-82.4287
Olustee,OK,34.5496,-99.4287
Olympia,KY,38.0849,-83.7008
Olympia,WA,47.04497,-122.90219
Olympia Fields,IL,41.5134,-87.6742
Olympic Valley,CA,39.1752,-120.1954
Olyphant,PA,41.4663,-75.59885
Omaha,AR,36.4612,-93.1888
Omaha,GA,32.1176,-84.9711
Omaha,IL,37.8904,-88.2865
Omaha,NE,41.25625,-96.00621
Omaha,TX,33.1808,-94.7639
Omak,WA,48.4143,-119.5272
Omar,WV,37.7557,-81.9996
Omega,GA,31.33,-83.5974
Omega,OK,35.8507,-98.1863
Omena,MI,45.0556,-85.589
Omer,MI,44.0499,-83.843
Omro,WI,44.0357,-88.7519
Ona,FL,27.4127,-81.928
Ona,WV,38.4529,-82.2181
Onaga,KS,39.4889,-96.17
Onaka,SD,45.1965,-99.4551
Onalaska,TX,30.8225,-95.1056
Onalaska,WA,46.573,-122.7075
Onalaska,WI,43.8974,-91.2314
Onamia,MN,46.0902,-93.6867
Onancock,VA,37.7102,-75.7528
Onarga,IL,40.712,-87.9958
Onawa,IA,42.037,-96.1072
Onaway,MI,45.3365,-84.2123
Oneco,CT,41.6937,-71.8084
Oneco,FL,27.4475,-82.5462
Onego,WV,38.8017,-79.4507
Oneida,AR,34.4542,-90.7684
Oneida,IL,41.0832,-90.2391
Oneida,KS,39.8639,-95.9392
Oneida,KY,37.2695,-83.6491
Oneida,NY,43.0862,-75.6508
Oneida,PA,40.911,-76.1223
Oneida,TN,36.5053,-84.5293
Oneida,WI,44.5166,-88.1859
Oneill,NE,42.4857,-98.6456
Onekama,MI,44.3646,-86.21
Onemo,VA,37.3985,-76.2941
Oneonta,AL,33.9259,-86.4741
Oneonta,NY,42.4625,-75.0491
Ong,NE,40.3968,-97.861
Onia,AR,35.9403,-92.3459
Onida,SD,44.7125,-100.0957
Onley,VA,37.6704,-75.6992
Only,TN,35.8679,-87.6655
Ono,PA,40.4029,-76.5347
Onondaga,MI,42.4487,-84.5535
Onset,MA,41.7476,-70.6582
Onslow,IA,42.107,-91.0151
Onsted,MI,42.0295,-84.1839
Ontario,CA,34.0574,-117.64038
Ontario,NY,43.2291,-77.3088
Ontario,OH,40.7729,-82.5321
Ontario,OR,44.0416,-116.9783
Ontario,WI,43.7172,-90.6205
Ontario Center,NY,43.2259,-77.3058
Ontonagon,MI,46.8275,-89.3485
Onward,IN,40.6947,-86.1951
Onyx,CA,35.6824,-118.0959
Ookala,HI,20.0119,-155.2747
Oolitic,IN,38.8938,-86.5246
Oologah,OK,36.4482,-95.7047
Ooltewah,TN,35.0781,-85.0635
Oostburg,WI,43.6229,-87.797
Opa Locka,FL,25.92865,-80.2624
Opal,WY,41.7795,-110.276
Opdyke,IL,38.275,-88.775
Opelika,AL,32.61145,-85.3544
Opelousas,LA,30.52395,-92.0856
Opheim,MT,48.8702,-106.3658
Ophelia,VA,37.9094,-76.2934
Ophiem,IL,41.2525,-90.3876
Ophir,CO,37.8569,-107.8326
Ophir,OR,42.5632,-124.3829
Opolis,KS,37.342,-94.6199
Opp,AL,31.2799,-86.2571
Oquawka,IL,40.9442,-90.9302
Oquossoc,ME,44.9664,-70.7737
Ora,IN,41.1756,-86.5543
Oracle,AZ,32.6005,-110.7961
Oradell,NJ,40.9535,-74.0335
Oral,SD,43.3876,-103.1832
Oran,IA,42.7012,-92.0762
Oran,MO,37.087,-89.6734
Orange,CA,33.80354,-117.8241
Orange,CT,41.2815,-73.0287
Orange,MA,42.6129,-72.2924
Orange,NJ,40.7805,-74.24035
Orange,TX,30.1138,-93.81447
Orange,VA,38.2192,-78.0461
Orange Beach,AL,30.281,-87.5815
Orange City,FL,28.9471,-81.2991
Orange City,IA,43.0185,-96.0565
Orange Cove,CA,36.6255,-119.3204
Orange Grove,TX,27.9487,-97.9838
Orange Lake,FL,29.4236,-82.2168
Orange Park,FL,30.156,-81.7366
Orange Springs,FL,29.4856,-81.9589
Orangeburg,NY,41.0442,-73.9609
Orangeburg,SC,33.51443,-80.86607
Orangefield,TX,30.0631,-93.8599
Orangevale,CA,38.6845,-121.2256
Orangeville,IL,42.4728,-89.6448
Orangeville,OH,41.3252,-80.5336
Orangeville,PA,41.1016,-76.381
Orangeville,UT,39.2302,-111.0518
Oraville,IL,37.8651,-89.3834
Orbisonia,PA,40.2389,-77.9069
Orcas,WA,48.5979,-122.9446
Orchard,CO,40.3639,-104.0973
Orchard,IA,43.2355,-92.72
Orchard,NE,42.3399,-98.2409
Orchard,TX,29.5948,-95.9727
Orchard Hill,GA,33.2657,-84.299
Orchard Park,NY,42.7639,-78.7518
Ord,NE,41.5962,-98.9418
Orderville,UT,37.2744,-112.642
Ordinary,VA,37.3122,-76.5188
Ordway,CO,38.2095,-103.8003
Ore City,TX,32.7856,-94.7514
Oreana,IL,39.9351,-88.8547
Orefield,PA,40.6248,-75.5974
Oregon,IL,42.0095,-89.3444
Oregon,MO,39.9809,-95.1234
Oregon,OH,41.6418,-83.4714
Oregon,WI,42.9295,-89.387
Oregon City,OR,45.3377,-122.57
Oregon House,CA,39.3459,-121.2663
Oregonia,OH,39.4145,-84.0511
Oreland,PA,40.1132,-75.1869
Orem,UT,40.26735,-111.65568
Orestes,IN,40.2715,-85.7281
Orford,NH,43.8941,-72.0978
Orfordville,WI,42.6278,-89.2533
Organ,NM,32.4259,-106.6136
Orgas,WV,38.0492,-81.5688
Orick,CA,41.3596,-124.0317
Orient,IA,41.2192,-94.3705
Orient,IL,37.9182,-88.9767
Orient,ME,45.8911,-67.8471
Orient,NY,41.1437,-72.2879
Orient,OH,39.7954,-83.1543
Orient,SD,44.8343,-99.1058
Orient,WA,48.866,-118.2028
Oriental,NC,35.0364,-76.7015
Orinda,CA,37.8787,-122.1728
Orion,IL,41.3634,-90.3849
Oriska,ND,46.9433,-97.7853
Oriskany,NY,43.1524,-75.3434
Oriskany,VA,37.6165,-79.9837
Oriskany Falls,NY,42.9576,-75.4838
Orkney Springs,VA,38.7937,-78.8111
Orla,TX,31.864,-103.9297
Orland,CA,39.7314,-122.2534
Orland,IN,41.7309,-85.1465
Orland,ME,44.5458,-68.7313
Orland Park,IL,41.6106,-87.8661
Orlando,FL,28.51778,-81.30747
Orlando,KY,37.3734,-84.2528
Orlando,OK,36.142,-97.396
Orlando,WV,38.8712,-80.5937
Orlean,VA,38.7416,-77.9774
Orleans,CA,41.3115,-123.5399
Orleans,IN,38.6535,-86.4532
Orleans,MA,41.7792,-69.9822
Orleans,MI,43.0895,-85.1165
Orleans,NE,40.1484,-99.4572
Orleans,VT,44.8238,-72.102
Orlinda,TN,36.611,-86.699
Orma,WV,38.7481,-81.0998
Ormond Beach,FL,29.29427,-81.0646
Ormsby,MN,43.8616,-94.6873
Oro Grande,CA,34.6178,-117.3327
Orofino,ID,46.4952,-116.2404
Orogrande,NM,32.3712,-106.0844
Orondo,WA,47.6969,-120.1721
Orono,ME,44.94465,-68.6753
Oronoco,MN,44.1489,-92.485
Oronogo,MO,37.2717,-94.4865
Orosi,CA,36.5464,-119.2815
Orovada,NV,41.6654,-117.9083
Oroville,CA,39.54655,-121.52245
Oroville,WA,48.9397,-119.4032
Orr,MN,48.1439,-92.8561
Orrick,MO,39.2116,-94.1239
Orrington,ME,44.7263,-68.7876
Orrs Island,ME,43.7727,-69.9668
Orrstown,PA,40.0731,-77.6398
Orrtanna,PA,39.881,-77.3806
Orrum,NC,34.4473,-79.031
Orrville,AL,32.2949,-87.2214
Orrville,OH,40.8458,-81.7741
Orson,PA,41.8137,-75.448
Orting,WA,47.0822,-122.186
Ortley,SD,45.2657,-97.1925
Ortonville,MI,42.8409,-83.4288
Ortonville,MN,45.3296,-96.4596
Orviston,PA,40.9722,-77.7602
Orwell,NY,43.5628,-75.9968
Orwell,OH,41.5293,-80.8208
Orwell,VT,43.7837,-73.2949
Orwigsburg,PA,40.6431,-76.084
Osage,IA,43.2872,-92.8144
Osage,MN,46.9329,-95.2353
Osage,OK,36.2832,-96.3774
Osage,WV,39.6587,-80.0076
Osage,WY,43.999,-104.4226
Osage Beach,MO,38.138,-92.6664
Osage City,KS,38.6269,-95.8303
Osakis,MN,45.8768,-95.1332
Osawatomie,KS,38.4888,-94.962
Osborn,MO,39.7912,-94.3974
Osborne,KS,39.4194,-98.6961
Osburn,ID,47.5211,-116.021
Oscar,LA,30.5983,-91.4577
Oscar,OK,34.0313,-97.6481
Osceola,AR,35.7019,-89.9798
Osceola,IA,41.0295,-93.7712
Osceola,IN,41.6695,-86.087
Osceola,MO,38.0286,-93.7536
Osceola,NE,41.1966,-97.5571
Osceola,PA,41.9848,-77.354
Osceola,WI,45.3218,-92.6971
Osceola Mills,PA,40.8722,-78.2757
Osco,IL,41.3637,-90.2681
Oscoda,MI,44.4465,-83.3619
Osgood,IN,39.1573,-85.2938
Osgood,OH,40.3406,-84.4963
Oshkosh,NE,41.405,-102.3444
Oshkosh,WI,44.03684,-88.59328
Oshtemo,MI,42.2589,-85.6775
Oskaloosa,IA,41.2942,-92.6439
Oskaloosa,KS,39.2152,-95.3135
Oslo,MN,48.2066,-97.1163
Osmond,NE,42.3539,-97.582
Osnabrock,ND,48.6689,-98.1512
Osprey,FL,27.1838,-82.4853
Osseo,MI,41.8384,-84.5974
Osseo,MN,45.1239,-93.4307
Osseo,WI,44.5599,-91.2191
Ossian,IA,43.1379,-91.7734
Ossian,IN,40.8806,-85.157
Ossineke,MI,44.9104,-83.4592
Ossining,NY,41.1673,-73.8538
Ossipee,NH,43.6945,-71.1129
Osteen,FL,28.8426,-81.1562
Osterburg,PA,40.1695,-78.5203
Osterville,MA,41.63,-70.3837
Ostrander,MN,43.5972,-92.4157
Ostrander,OH,40.274,-83.1978
Oswegatchie,NY,44.1933,-75.0659
Oswego,IL,41.6849,-88.3453
Oswego,KS,37.1823,-95.1335
Oswego,NY,43.4394,-76.4613
Osyka,MS,31.0217,-90.479
Otego,NY,42.4133,-75.2079
Othello,WA,46.8527,-118.9932
Otho,IA,42.4031,-94.1388
Otis,CO,40.203,-102.9392
Otis,KS,38.5353,-99.0534
Otis,LA,31.2077,-92.7392
Otis,MA,42.1931,-73.0918
Otis,OR,45.0138,-123.9332
Otis Orchards,WA,47.7027,-117.1121
Otisco,IN,38.5423,-85.6647
Otisville,MI,43.1706,-83.5172
Otisville,NY,41.4818,-74.5294
Otley,IA,41.4518,-93.0348
Oto,IA,42.2646,-95.8616
Otoe,NE,40.7355,-96.1329
Otsego,MI,42.4723,-85.7035
Ottawa,IL,41.3526,-88.8416
Ottawa,KS,38.6142,-95.2745
Ottawa,OH,41.0192,-84.0472
Ottawa,WV,37.9587,-81.8165
Ottawa Lake,MI,41.7683,-83.6856
Otter,MT,45.0903,-106.1499
Otter Creek,FL,29.3109,-82.7945
Otter Lake,MI,43.2183,-83.4242
Otter Rock,OR,44.7588,-124.0633
Otterbein,IN,40.517,-87.1225
Ottertail,MN,46.4177,-95.5436
Otterville,MO,38.7161,-93.0108
Ottine,TX,29.5952,-97.5911
Otto,NC,35.0515,-83.3854
Otto,NY,42.3575,-78.8073
Otto,WY,44.4056,-108.3047
Ottosen,IA,42.8764,-94.3786
Ottoville,OH,40.9323,-84.3388
Ottsville,PA,40.4592,-75.157
Ottumwa,IA,41.0309,-92.4098
Otway,OH,38.852,-83.2222
Otwell,IN,38.4662,-87.0985
Ouaquaga,NY,42.1262,-75.6471
Ouray,CO,38.0258,-107.6726
Outing,MN,46.8375,-93.9443
Outlook,MT,48.8817,-104.7415
Outlook,WA,46.3525,-120.097
Ouzinkie,AK,57.9236,-152.5022
Ovalo,TX,32.1553,-99.8229
Ovando,MT,47.0067,-113.0905
Overbrook,KS,38.7922,-95.5616
Overbrook,OK,34.0539,-97.1324
Overgaard,AZ,34.4086,-110.56
Overland Park,KS,38.91398,-94.72895
Overpeck,OH,39.4518,-84.5152
Overton,NE,40.7519,-99.5278
Overton,NV,36.5703,-114.4732
Overton,TX,32.269,-94.9529
Ovett,MS,31.4738,-89.0396
Ovid,CO,40.9459,-102.3874
Ovid,MI,42.9969,-84.3649
Ovid,NY,42.6898,-76.7941
Oviedo,FL,28.6856,-81.1811
Owaneco,IL,39.4775,-89.1951
Owanka,SD,44.0631,-102.5628
Owasso,OK,36.2863,-95.8222
Owatonna,MN,44.0805,-93.2191
Owego,NY,42.1138,-76.2528
Owen,WI,44.9578,-90.5469
Owendale,MI,43.7206,-83.2307
Owens Cross Roads,AL,34.6215,-86.4644
Owensboro,KY,37.74955,-87.11532
Owensburg,IN,38.9253,-86.7742
Owensville,IN,38.2744,-87.7091
Owensville,MO,38.3511,-91.4867
Owensville,OH,39.1232,-84.135
Owenton,KY,38.4986,-84.8086
Owings,MD,38.6955,-76.6061
Owings Mills,MD,39.4269,-76.7769
Owingsville,KY,38.1532,-83.7564
Owls Head,ME,44.0732,-69.0894
Owls Head,NY,44.7308,-74.1342
Owosso,MI,42.9934,-84.1595
Owyhee,NV,41.9477,-116.0987
Oxbow,ME,46.402,-68.5218
Oxbow,NY,44.2873,-75.623
Oxbow,OR,44.9749,-116.8629
Oxford,AL,33.5815,-85.8328
Oxford,AR,36.2114,-91.9258
Oxford,CT,41.4202,-73.1296
Oxford,FL,28.9059,-82.0612
Oxford,GA,33.6706,-83.874
Oxford,IA,41.6507,-91.7724
Oxford,IN,40.5217,-87.2526
Oxford,KS,37.2653,-97.1761
Oxford,MA,42.1129,-71.8687
Oxford,MD,38.6864,-76.1538
Oxford,ME,44.1118,-70.5098
Oxford,MI,42.8244,-83.2417
Oxford,MS,34.3308,-89.4835
Oxford,NC,36.3313,-78.6134
Oxford,NE,40.256,-99.6302
Oxford,NJ,40.8105,-75.0019
Oxford,NY,42.4379,-75.5673
Oxford,OH,39.507,-84.7452
Oxford,PA,39.7827,-75.9815
Oxford,WI,43.7799,-89.5632
Oxford Junction,IA,41.9854,-90.9543
Oxly,MO,36.5874,-90.692
Oxnard,CA,34.15174,-119.17006
Oxon Hill,MD,38.8071,-76.98975
Oyens,IA,42.8199,-96.0566
Oyster,VA,37.3074,-75.9269
Oyster Bay,NY,40.866,-73.5272
Oysterville,WA,46.549,-124.0282
Ozan,AR,33.9028,-93.7714
Ozark,AL,31.4491,-85.64205
Ozark,AR,35.5246,-93.8374
Ozark,IL,37.5367,-88.7688
Ozark,MO,37.0169,-93.2022
Ozawkie,KS,39.2136,-95.4404
Ozona,FL,28.067,-82.7784
Ozona,TX,30.7164,-101.2388
Ozone,AR,35.6575,-93.4311
Ozone Park,NY,40.68035,-73.8481
Paauilo,HI,20.0271,-155.3697
Pablo,MT,47.6002,-114.119
Pace,MS,33.7915,-90.857
Pachuta,MS,32.0217,-88.8851
Pacific,MO,38.4922,-90.748
Pacific,WA,47.2666,-122.2435
Pacific Beach,WA,47.2195,-124.1915
Pacific City,OR,45.205,-123.959
Pacific Grove,CA,36.6167,-121.922
Pacific Junction,IA,41.0271,-95.8046
Pacific Palisades,CA,34.0481,-118.5265
Pacifica,CA,37.6196,-122.4816
Packwaukee,WI,43.7644,-89.4576
Packwood,IA,41.1228,-92.0664
Packwood,WA,46.65,-121.6553
Pacoima,CA,34.2602,-118.42493
Pacolet,SC,34.9017,-81.7587
Pacolet Mills,SC,34.9226,-81.7426
Paden,OK,35.5182,-96.5719
Paden City,WV,39.6044,-80.9265
Padroni,CO,40.8842,-103.3728
Paducah,KY,37.0619,-88.65637
Paducah,TX,34.0217,-100.2986
Paeonian Springs,VA,39.1603,-77.6097
Page,AZ,36.9147,-111.4558
Page,ND,47.1515,-97.5967
Page,NE,42.4119,-98.3964
Page,WV,38.0529,-81.2698
Pageland,SC,34.7722,-80.3966
Pageton,WV,37.3493,-81.4654
Pagosa Springs,CO,37.26085,-107.02415
Paguate,NM,35.1387,-107.3789
Pahala,HI,19.2079,-155.4815
Pahoa,HI,19.5089,-154.9231
Pahokee,FL,26.8142,-80.6629
Pahrump,NV,36.18933,-115.99193
Paia,HI,20.9154,-156.3802
Paicines,CA,36.4985,-120.9744
Paige,TX,30.1858,-97.1198
Paincourtville,LA,29.9902,-91.0588
Painesdale,MI,47.0404,-88.6704
Painesville,OH,41.7079,-81.199
Paint Bank,VA,37.5745,-80.2544
Paint Lick,KY,37.6092,-84.4269
Paint Rock,AL,34.7031,-86.3068
Paint Rock,TX,31.5048,-99.9139
Painted Post,NY,42.171,-77.1194
Painter,VA,37.5828,-75.8066
Paintsville,KY,37.8242,-82.7945
Paisley,FL,28.9993,-81.503
Paisley,OR,42.7031,-120.5532
Pala,CA,33.3777,-117.0717
Palacios,TX,28.715,-96.2154
Palatine,IL,42.11237,-88.0281
Palatine Bridge,NY,42.9221,-74.5708
Palatka,FL,29.65315,-81.64855
Palco,KS,39.2531,-99.5593
Palenville,NY,42.1729,-74.0167
Palermo,CA,39.4361,-121.5454
Palermo,ME,44.3843,-69.4334
Palermo,ND,48.3396,-102.24
Palestine,AR,34.9663,-90.9049
Palestine,IL,39.0028,-87.6157
Palestine,OH,40.0503,-84.7457
Palestine,TX,31.76805,-95.64538
Palestine,WV,38.9741,-81.428
Palisade,CO,39.1032,-108.368
Palisade,MN,46.6895,-93.5627
Palisade,NE,40.3387,-101.1295
Palisades,NY,41.0103,-73.925
Palisades,WA,47.419,-119.9145
Palisades Park,NJ,40.8462,-73.9954
Pall Mall,TN,36.5781,-85.0384
Palm,PA,40.4317,-75.5331
Palm Bay,FL,28.01931,-80.63397
Palm Beach,FL,26.7206,-80.0388
Palm Beach Gardens,FL,26.8234,-80.1387
Palm City,FL,27.1667,-80.2789
Palm Coast,FL,29.51196,-81.23938
Palm Desert,CA,33.71745,-116.3755
Palm Harbor,FL,28.08145,-82.73597
Palm Springs,CA,33.80143,-116.5292
Palmdale,CA,34.55787,-118.06518
Palmdale,FL,26.9464,-81.3091
Palmer,AK,61.6303,-148.9872
Palmer,IA,42.6419,-94.5432
Palmer,IL,39.4699,-89.3733
Palmer,KS,39.6192,-97.1122
Palmer,MA,42.1762,-72.3288
Palmer,MI,46.4416,-87.5764
Palmer,NE,41.1788,-98.2411
Palmer,TN,35.3741,-85.5643
Palmer,TX,32.4387,-96.6794
Palmer Lake,CO,39.1205,-104.9148
Palmerdale,AL,33.7387,-86.6461
Palmersville,TN,36.3948,-88.6142
Palmerton,PA,40.817,-75.6011
Palmetto,FL,27.53215,-82.56765
Palmetto,GA,33.5242,-84.679
Palmetto,LA,30.7065,-91.9114
Palms,MI,43.6257,-82.7017
Palmyra,IL,39.4227,-90.0311
Palmyra,IN,38.4105,-86.0888
Palmyra,ME,44.8576,-69.3811
Palmyra,MI,41.8729,-83.9263
Palmyra,MO,39.7913,-91.5368
Palmyra,NE,40.705,-96.3999
Palmyra,NJ,40.0037,-75.0257
Palmyra,NY,43.0622,-77.2218
Palmyra,PA,40.3011,-76.5886
Palmyra,TN,36.4176,-87.4914
Palmyra,VA,37.8931,-78.3386
Palmyra,WI,42.8793,-88.5903
Palo,IA,42.0365,-91.7877
Palo,MI,43.1125,-84.9856
Palo Alto,CA,37.44113,-122.14768
Palo Cedro,CA,40.5767,-122.2398
Palo Pinto,TX,32.7673,-98.2987
Palo Verde,AZ,33.3481,-112.6774
Palo Verde,CA,33.3696,-114.7355
Paloma,IL,40.0366,-91.2053
Palomar Mountain,CA,33.3228,-116.8786
Palos Heights,IL,41.6621,-87.7927
Palos Hills,IL,41.7004,-87.8263
Palos Park,IL,41.6624,-87.8521
Palos Verdes Peninsula,CA,33.7669,-118.3806
Palouse,WA,46.9076,-117.0855
Paluxy,TX,32.2707,-97.9075
Pampa,TX,35.5357,-100.95695
Pamplico,SC,33.9922,-79.5929
Pamplin,VA,37.2653,-78.6517
Pana,IL,39.3971,-89.1048
Panaca,NV,37.7905,-114.3894
Panacea,FL,30.0153,-84.3912
Panama,IA,41.7288,-95.487
Panama,IL,39.0317,-89.5237
Panama,NE,40.5998,-96.5129
Panama,NY,42.057,-79.4815
Panama,OK,35.1535,-94.6709
Panama City,FL,30.1958,-85.66421
Panama City Beach,FL,30.2556,-85.8621
Pandora,OH,40.9509,-83.9521
Pandora,TX,29.2484,-97.8287
Pangburn,AR,35.4216,-91.796
Panguitch,UT,37.8078,-112.4369
Panhandle,TX,35.3808,-101.4304
Panna Maria,TX,28.9562,-97.8982
Panola,AL,32.8726,-88.2374
Panola,OK,34.9287,-95.2133
Panola,TX,32.3579,-94.0913
Panora,IA,41.6967,-94.3606
Panorama City,CA,34.22545,-118.4484
Pansey,AL,31.1403,-85.1573
Pantego,NC,35.6201,-76.6988
Panther,WV,37.4834,-81.896
Panther Burn,MS,33.0662,-90.8684
Paola,KS,38.572,-94.8937
Paoli,CO,40.6106,-102.4722
Paoli,IN,38.5507,-86.449
Paoli,OK,34.8285,-97.2608
Paoli,PA,40.0426,-75.4827
Paonia,CO,38.865,-107.5985
Papaaloa,HI,19.9751,-155.2203
Papaikou,HI,19.7916,-155.0984
Papillion,NE,41.14695,-96.0251
Papineau,IL,40.967,-87.7161
Parachute,CO,39.4519,-108.0529
Paradis,LA,29.877,-90.4352
Paradise,CA,39.7355,-121.631
Paradise,KS,39.0756,-98.9207
Paradise,MI,46.5951,-85.0973
Paradise,MT,47.3878,-114.799
Paradise,PA,39.9852,-76.1081
Paradise,TX,33.0826,-97.6974
Paradise,UT,41.56,-111.8297
Paradise Inn,WA,47.0662,-122.1132
Paradise Valley,AZ,33.5494,-111.9565
Paradise Valley,NV,41.5057,-117.5728
Paradox,CO,38.3711,-108.9698
Paradox,NY,43.8914,-73.645
Paragon,IN,39.4042,-86.5779
Paragonah,UT,37.8917,-112.774
Paragould,AR,36.0592,-90.5112
Paramount,CA,33.8969,-118.1632
Paramus,NJ,40.9479,-74.0752
Parchman,MS,33.9179,-90.4965
Pardeeville,WI,43.534,-89.3265
Paris,AR,35.2941,-93.7265
Paris,ID,42.2242,-111.4208
Paris,IL,39.6132,-87.6976
Paris,KY,38.20905,-84.249
Paris,ME,44.2641,-70.4985
Paris,MI,43.7677,-85.5213
Paris,MO,39.4932,-92.0113
Paris,MS,34.1787,-89.4598
Paris,OH,40.8014,-81.154
Paris,TN,36.3005,-88.3093
Paris,TX,33.6665,-95.52797
Paris,VA,39.0048,-77.9546
Paris Crossing,IN,38.8558,-85.7487
Parish,NY,43.4153,-76.1
Parishville,NY,44.5927,-74.7941
Park,KS,39.0788,-100.3469
Park City,KY,37.0939,-86.0464
Park City,MT,45.6329,-108.9293
Park City,UT,40.67443,-111.51843
Park Falls,WI,45.9363,-90.4246
Park Forest,IL,41.479,-87.6828
Park Hall,MD,38.2177,-76.4429
Park Hill,OK,35.7977,-94.9822
Park Hills,MO,37.8498,-90.4885
Park Rapids,MN,46.9377,-95.0383
Park Ridge,IL,42.0122,-87.8417
Park Ridge,NJ,41.0343,-74.0396
Park River,ND,48.4039,-97.7439
Park Valley,UT,41.8551,-113.3478
Parkdale,AR,33.1213,-91.5428
Parker,AZ,34.15,-114.2891
Parker,CO,39.49985,-104.78315
Parker,ID,43.9594,-111.7577
Parker,KS,38.3303,-94.9871
Parker,PA,41.1009,-79.6889
Parker,SD,43.402,-97.1333
Parker,WA,46.501,-120.4653
Parker City,IN,40.1938,-85.1963
Parker Dam,CA,34.2872,-114.143
Parker Ford,PA,40.1995,-75.5838
Parkers Lake,KY,36.8347,-84.4436
Parkers Prairie,MN,46.153,-95.3289
Parkersburg,IA,42.5714,-92.7688
Parkersburg,IL,38.59,-88.0647
Parkersburg,WV,39.24356,-81.51306
Parkesburg,PA,39.9654,-75.926
Parkhill,PA,40.3612,-78.8709
Parkin,AR,35.2586,-90.5564
Parkman,OH,41.3706,-81.0651
Parkman,WY,44.965,-107.3254
Parks,AR,34.8003,-93.9509
Parks,AZ,35.2563,-111.95
Parks,NE,40.1398,-101.7399
Parksley,VA,37.7744,-75.6386
Parkston,SD,43.3978,-97.9678
Parksville,KY,37.5778,-84.9281
Parksville,NY,41.8517,-74.7359
Parksville,SC,33.7854,-82.2111
Parkton,MD,39.6422,-76.6737
Parkton,NC,34.9006,-78.9969
Parkville,MD,39.3876,-76.5418
Parlier,CA,36.6103,-119.5375
Parlin,CO,38.5371,-106.6352
Parlin,NJ,40.4587,-74.305
Parma,ID,43.7896,-116.9401
Parma,MI,42.2739,-84.5999
Parma,MO,36.5856,-89.819
Parmele,NC,35.8165,-77.3141
Parmelee,SD,43.3117,-101.0081
Parnell,IA,41.5702,-92.0052
Parnell,MO,40.44,-94.6233
Paron,AR,34.7853,-92.7482
Parowan,UT,37.8449,-112.8323
Parris Island,SC,32.3281,-80.6915
Parrish,AL,33.7213,-87.2658
Parrish,FL,27.5572,-82.396
Parrott,GA,31.8939,-84.5112
Parrott,VA,37.2048,-80.6205
Parrottsville,TN,35.9983,-83.0736
Parryville,PA,40.8181,-75.6727
Parshall,CO,39.9539,-106.093
Parshall,ND,47.956,-102.1427
Parsippany,NJ,40.8621,-74.4117
Parsons,KS,37.3389,-95.2693
Parsons,TN,35.6664,-88.1195
Parsons,WV,39.096,-79.6787
Parsonsburg,MD,38.3914,-75.4737
Parsonsfield,ME,43.745,-70.9092
Parthenon,AR,35.9451,-93.2677
Partlow,VA,38.0641,-77.6586
Partridge,KS,37.9671,-98.0798
Partridge,KY,37.0129,-82.8795
Pasadena,CA,34.14879,-118.14176
Pasadena,MD,39.0474,-76.54495
Pasadena,TX,29.6566,-95.15742
Pascagoula,MS,30.38098,-88.56634
Pasco,WA,46.2421,-119.09935
Pascoag,RI,41.9627,-71.7099
Paskenta,CA,39.8772,-122.5814
Paso Robles,CA,35.6984,-120.6969
Pass Christian,MS,30.3989,-89.2843
Passadumkeag,ME,45.1815,-68.5871
Passaic,NJ,40.8601,-74.1283
Passumpsic,VT,44.3767,-72.0276
Patagonia,AZ,31.5353,-110.6968
Pataskala,OH,40.0009,-82.6687
Patch Grove,WI,42.9422,-90.9646
Patchogue,NY,40.7609,-72.9871
Pateros,WA,48.034,-119.9785
Paterson,NJ,40.93684,-74.19486
Paterson,WA,45.9911,-119.7559
Pathfork,KY,36.7521,-83.4629
Patoka,IL,38.7549,-89.0942
Patoka,IN,38.4143,-87.5958
Paton,IA,42.1658,-94.273
Patrick,SC,34.5598,-80.065
Patrick Afb,FL,28.1743,-80.584
Patrick Springs,VA,36.6744,-80.1388
Patricksburg,IN,39.3165,-86.9562
Patriot,IN,38.8537,-84.8515
Patriot,OH,38.777,-82.4275
Patten,ME,46.0132,-68.4647
Patterson,AR,35.2588,-91.237
Patterson,CA,37.4826,-121.1648
Patterson,GA,31.3903,-82.1274
Patterson,IA,41.3499,-93.8803
Patterson,IL,39.4806,-90.4829
Patterson,LA,29.6967,-91.2812
Patterson,MO,37.1884,-90.5507
Patterson,NC,35.9973,-81.5626
Patterson,NY,41.4888,-73.5815
Pattersonville,NY,42.8499,-74.1231
Pattison,MS,31.851,-90.8283
Pattison,TX,29.8173,-96.0073
Patton,CA,34.1358,-117.2239
Patton,MO,37.4733,-90.05
Patton,PA,40.623,-78.635
Pattonsburg,MO,40.0428,-94.1343
Pattonville,TX,33.5702,-95.3908
Patuxent River,MD,38.2791,-76.4381
Paul,ID,42.624,-113.7971
Paul Smiths,NY,44.445,-74.2664
Paulden,AZ,35.0313,-112.5441
Paulding,MS,32.0167,-89.0584
Paulding,OH,41.141,-84.5722
Paulina,LA,30.0352,-90.7374
Paulina,OR,44.2102,-119.7828
Pauline,SC,34.7855,-81.8492
Paullina,IA,42.9703,-95.7083
Pauls Valley,OK,34.7385,-97.2195
Paulsboro,NJ,39.8312,-75.2242
Pauma Valley,CA,33.3063,-116.9596
Paupack,PA,41.3962,-75.1963
Pavilion,NY,42.9102,-78.0269
Pavillion,WY,43.3623,-108.6998
Pavo,GA,30.9401,-83.7409
Paw Creek,NC,35.26,-80.8042
Paw Paw,IL,41.6852,-88.9674
Paw Paw,MI,42.2349,-85.9005
Paw Paw,WV,39.4923,-78.4586
Pawcatuck,CT,41.3735,-71.8478
Pawhuska,OK,36.6904,-96.3121
Pawlet,VT,43.3587,-73.1444
Pawleys Island,SC,33.4508,-79.1341
Pawling,NY,41.5749,-73.5948
Pawnee,IL,39.6086,-89.5678
Pawnee,OK,36.3362,-96.7923
Pawnee,TX,28.6526,-97.9921
Pawnee City,NE,40.1093,-96.1509
Pawnee Rock,KS,38.2782,-98.9814
Pawtucket,RI,41.87183,-71.37193
Pax,WV,37.911,-81.2648
Paxico,KS,39.0803,-96.1818
Paxinos,PA,40.8448,-76.635
Paxton,FL,30.9709,-86.3111
Paxton,IL,40.4565,-88.099
Paxton,IN,39.0212,-87.3886
Paxton,MA,42.3066,-71.9202
Paxton,NE,41.1268,-101.3585
Paxtonville,PA,40.7725,-77.0833
Payette,ID,44.0782,-116.9203
Payne,OH,41.0807,-84.7341
Paynes Creek,CA,40.3514,-121.765
Paynesville,MN,45.3988,-94.7157
Paynesville,WV,37.3315,-81.8915
Payneville,KY,38.0301,-86.4082
Payson,AZ,34.23865,-111.2878
Payson,IL,39.8153,-91.2627
Payson,UT,40.0449,-111.7321
Pe Ell,WA,46.5829,-123.3147
Pea Ridge,AR,36.4539,-94.118
Peabody,KS,38.1737,-97.1184
Peabody,MA,42.584,-70.92015
Peace Dale,RI,41.4512,-71.4987
Peace Valley,MO,36.8091,-91.6938
Peach Bottom,PA,39.7705,-76.1791
Peach Creek,WV,37.8752,-81.9826
Peach Glen,PA,39.8948,-77.2135
Peach Orchard,AR,36.283,-90.6702
Peach Springs,AZ,35.5378,-113.4202
Peacham,VT,44.3289,-72.169
Peachland,NC,35.0054,-80.2829
Peachtree City,GA,33.395,-84.5831
Peachtree Corners,GA,33.9701,-84.2216
Peak,SC,34.2386,-81.3271
Peaks Island,ME,43.6589,-70.194
Peapack,NJ,40.7079,-74.6541
Pearblossom,CA,34.4225,-117.9055
Pearce,AZ,31.8885,-109.6119
Pearcy,AR,34.4351,-93.242
Pearisburg,VA,37.3041,-80.7267
Pearl,IL,39.4441,-90.638
Pearl,MS,32.2675,-90.11085
Pearl City,HI,21.4084,-157.9652
Pearl City,IL,42.261,-89.8393
Pearl River,LA,30.3944,-89.7732
Pearl River,NY,41.0629,-74.0159
Pearland,TX,29.5383,-95.28237
Pearlington,MS,30.2508,-89.6011
Pearsall,TX,28.8923,-99.0944
Pearson,GA,31.3106,-82.8591
Pearson,WI,45.3641,-89.0165
Pease,MN,45.6974,-93.6465
Peaster,TX,32.8721,-97.8667
Pebble Beach,CA,36.5907,-121.942
Pecan Gap,TX,33.4196,-95.8262
Pecatonica,IL,42.3051,-89.3472
Peck,ID,46.4807,-116.4114
Peck,KS,37.5054,-97.3408
Peck,MI,43.2694,-82.8193
Pecks Mill,WV,37.9298,-81.9654
Peckville,PA,41.4821,-75.5899
Peconic,NY,41.0392,-72.4666
Pecos,NM,35.571,-105.6701
Pecos,TX,31.4467,-103.5791
Peculiar,MO,38.7165,-94.4405
Pedricktown,NJ,39.7435,-75.412
Pedro,OH,38.6503,-82.6477
Pedro Bay,AK,59.8681,-154.0757
Peebles,OH,38.9869,-83.3687
Peekskill,NY,41.2892,-73.9184
Peel,AR,36.435,-92.7615
Peerless,MT,48.7808,-105.8006
Peetz,CO,40.9519,-103.1166
Peever,SD,45.5206,-97.0012
Peggs,OK,36.1154,-95.1199
Peggy,TX,28.7397,-98.1786
Pegram,TN,36.1129,-87.0316
Pekin,IL,40.5652,-89.6384
Pekin,IN,38.4931,-86.017
Pekin,ND,47.7696,-98.326
Pelahatchie,MS,32.318,-89.7913
Pelham,AL,33.2932,-86.768
Pelham,GA,31.1272,-84.1564
Pelham,NC,36.4899,-79.4736
Pelham,NH,42.7288,-71.3046
Pelham,NY,40.9045,-73.8073
Pelham,TN,35.314,-85.8441
Pelican,AK,57.9608,-136.2275
Pelican,LA,31.8966,-93.5634
Pelican Lake,WI,45.5049,-89.1817
Pelican Rapids,MN,46.5994,-96.0662
Pelion,SC,33.7766,-81.2502
Pelkie,MI,46.7949,-88.6251
Pell City,AL,33.5926,-86.3399
Pell Lake,WI,42.54,-88.3582
Pella,IA,41.4082,-92.9172
Pellston,MI,45.5703,-84.8425
Pellville,KY,37.7523,-86.8136
Pelsor,AR,35.7854,-93.0812
Pelzer,SC,34.6461,-82.4673
Pemaquid,ME,43.8924,-69.5289
Pemberton,MN,44.0077,-93.7833
Pemberton,NJ,39.9712,-74.6676
Pemberton,OH,40.2952,-84.0323
Pemberville,OH,41.4023,-83.4736
Pembina,ND,48.859,-97.2886
Pembine,WI,45.6074,-87.9704
Pembroke,GA,32.1812,-81.6656
Pembroke,KY,36.7759,-87.3556
Pembroke,MA,42.0621,-70.8044
Pembroke,ME,44.9654,-67.2002
Pembroke,NC,34.6902,-79.1834
Pembroke,VA,37.3312,-80.5975
Pembroke Pines,FL,26.0108,-80.2844
Pembroke Township,IL,41.0646,-87.5917
Pen Argyl,PA,40.8518,-75.2701
Pena Blanca,NM,35.5709,-106.3381
Penasco,NM,36.1763,-105.7105
Pence Springs,WV,37.6621,-80.7202
Pencil Bluff,AR,34.6399,-93.7429
Pender,NE,42.1177,-96.7189
Pendergrass,GA,34.1796,-83.6634
Pendleton,IN,39.9975,-85.7466
Pendleton,KY,38.4809,-85.317
Pendleton,NC,36.4937,-77.1911
Pendleton,OR,45.6605,-118.7831
Pendleton,SC,34.6369,-82.7406
Pendleton,TX,31.1952,-97.3486
Pendroy,MT,48.0879,-112.3261
Penelope,TX,31.8551,-96.9372
Penfield,IL,40.3101,-87.957
Penfield,NY,43.1396,-77.456
Penfield,PA,41.2085,-78.5791
Pengilly,MN,47.3151,-93.1937
Penhook,VA,36.9201,-79.6645
Peninsula,OH,41.2256,-81.54
Penitas,TX,26.278,-98.4469
Penland,NC,35.9219,-82.1107
Penn,ND,48.2271,-99.0655
Penn,PA,40.3301,-79.6413
Penn Laird,VA,38.375,-78.7795
Penn Run,PA,40.6213,-78.9943
Penn Valley,CA,39.2019,-121.2026
Penn Yan,NY,42.6645,-77.0569
Pennellville,NY,43.2609,-76.2395
Penney Farms,FL,29.9849,-81.8022
Penngrove,CA,38.3153,-122.6483
Pennington,AL,32.2094,-88.049
Pennington,MN,47.4651,-94.4834
Pennington,NJ,40.3339,-74.7944
Pennington,TX,31.1953,-95.2469
Pennington Gap,VA,36.7508,-83.0223
Pennock,MN,45.131,-95.1753
Penns Creek,PA,40.8598,-77.0553
Penns Grove,NJ,39.6994,-75.4495
Penns Park,PA,40.269,-75.0094
Pennsauken,NJ,39.9723,-75.0607
Pennsboro,WV,39.2791,-81.0019
Pennsburg,PA,40.3911,-75.4866
Pennsville,NJ,39.6491,-75.5155
Pennsylvania Furnace,PA,40.71,-77.996
Pennville,IN,40.5082,-85.1492
Penobscot,ME,44.4645,-68.7111
Penokee,KS,39.3482,-99.9719
Penrose,CO,38.4336,-105.0113
Penrose,NC,35.2524,-82.6222
Penryn,CA,38.8567,-121.1791
Penryn,PA,40.0185,-76.2976
Pensacola,FL,30.43519,-87.25164
Pentress,WV,39.5785,-80.093
Pentwater,MI,43.8237,-86.3868
Penwell,TX,31.7334,-102.5879
Peoa,UT,40.7247,-111.3419
Peoria,AZ,33.61497,-112.22968
Peoria,IL,40.72513,-89.64068
Peoria Heights,IL,40.7473,-89.574
Peosta,IA,42.4435,-90.8094
Peotone,IL,41.3361,-87.7897
Pep,NM,33.8362,-103.3355
Pep,TX,33.8104,-102.5656
Pepeekeo,HI,19.8353,-155.113
Pepin,WI,44.4587,-92.1394
Pepperell,MA,42.6689,-71.5934
Pequabuck,CT,41.6699,-72.9915
Pequannock,NJ,40.9473,-74.296
Pequea,PA,39.9058,-76.3209
Pequot Lakes,MN,46.6257,-94.2684
Peralta,NM,34.8332,-106.6872
Percival,IA,40.7401,-95.8093
Percy,IL,38.0126,-89.617
Perdido,AL,31.0403,-87.6667
Perdue Hill,AL,31.5141,-87.4933
Perham,ME,46.8816,-68.2391
Perham,MN,46.6031,-95.5818
Peridot,AZ,33.3103,-110.4554
Perkasie,PA,40.3765,-75.2648
Perkins,GA,32.9129,-81.8538
Perkins,MI,45.9925,-87.0792
Perkins,MO,37.0948,-89.7754
Perkins,OK,35.9768,-97.0441
Perkinston,MS,30.7669,-89.14
Perkinsville,NY,42.5398,-77.6283
Perkinsville,VT,43.3879,-72.5038
Perkiomenville,PA,40.3157,-75.5022
Perks,IL,37.3113,-89.0831
Perley,MN,47.1831,-96.7777
Perote,AL,32.0928,-85.7046
Perrin,TX,33.034,-98.0692
Perrinton,MI,43.1649,-84.666
Perris,CA,33.7903,-117.24795
Perronville,MI,45.841,-87.4816
Perry,AR,35.0443,-92.7958
Perry,FL,30.06665,-83.6377
Perry,GA,32.4605,-83.7283
Perry,IA,41.8397,-94.1022
Perry,IL,39.7823,-90.7471
Perry,KS,39.0875,-95.3731
Perry,LA,29.9485,-92.1571
Perry,ME,44.9888,-67.0929
Perry,MI,42.82,-84.2313
Perry,MO,39.4207,-91.6641
Perry,NY,42.7229,-78.0059
Perry,OH,41.7679,-81.1433
Perry,OK,36.2875,-97.2842
Perry Hall,MD,39.401,-76.451
Perry Park,KY,38.5218,-85.0139
Perry Point,MD,39.553,-76.0725
Perryman,MD,39.4716,-76.2117
Perryopolis,PA,40.0646,-79.7756
Perrysburg,NY,42.4723,-78.9981
Perrysburg,OH,41.54995,-83.60995
Perrysville,IN,40.0737,-87.4648
Perrysville,OH,40.6606,-82.3213
Perryton,TX,36.3748,-100.8156
Perryville,AK,55.9453,-159.2593
Perryville,AR,34.9701,-92.8472
Perryville,KY,37.6375,-84.9665
Perryville,MD,39.5649,-76.0592
Perryville,MO,37.7174,-89.8737
Pershing,IN,39.8613,-85.1474
Persia,IA,41.5647,-95.5658
Perth,ND,48.7546,-99.4384
Perth Amboy,NJ,40.4738,-74.34635
Peru,IA,41.2145,-93.9437
Peru,IL,41.333,-89.1265
Peru,IN,40.7492,-86.068
Peru,KS,37.0568,-96.1404
Peru,ME,44.4944,-70.4435
Peru,NE,40.4766,-95.7312
Peru,NY,44.5851,-73.5293
Peru,VT,43.2565,-72.8868
Pescadero,CA,37.2065,-122.3649
Peshastin,WA,47.5458,-120.5961
Peshtigo,WI,45.048,-87.8103
Pesotum,IL,39.9151,-88.2743
Petaca,NM,36.5084,-106.0106
Petal,MS,31.3472,-89.2222
Petaluma,CA,38.24262,-122.64357
Peterboro,NY,42.9686,-75.6794
Peterborough,NH,42.8856,-71.947
Peterman,AL,31.59,-87.26
Petersburg,AK,56.8271,-133.1607
Petersburg,IL,40.0117,-89.8482
Petersburg,IN,38.4789,-87.2883
Petersburg,KY,39.0416,-84.8371
Petersburg,MI,41.8757,-83.6877
Petersburg,ND,47.998,-97.984
Petersburg,NE,41.859,-98.0848
Petersburg,NY,42.7495,-73.3401
Petersburg,OH,40.9049,-80.54
Petersburg,PA,40.603,-77.9984
Petersburg,TN,35.2924,-86.6447
Petersburg,TX,33.8768,-101.6046
Petersburg,VA,37.19967,-77.41987
Petersburg,WV,38.9908,-79.1293
Petersham,MA,42.4898,-72.1893
Peterson,AL,33.3066,-87.4532
Peterson,IA,42.9328,-95.3377
Peterson,MN,43.7769,-91.8443
Peterstown,WV,37.4147,-80.7686
Petoskey,MI,45.3559,-84.9133
Petrey,AL,31.8488,-86.2077
Petrified Forest Natl Pk,AZ,35.2375,-109.5229
Petroleum,IN,40.6114,-85.1526
Petroleum,WV,39.1741,-81.2406
Petrolia,CA,40.2868,-124.2271
Petrolia,PA,41.0442,-79.7711
Petrolia,TX,34.0132,-98.2323
Petros,TN,36.0959,-84.4424
Pettibone,ND,47.12,-99.5279
Pettigrew,AR,35.8346,-93.6181
Pettisville,OH,41.5306,-84.2297
Pettus,TX,28.6164,-97.8082
Petty,TX,33.6098,-95.7891
Pevely,MO,38.2799,-90.4111
Pewamo,MI,43.0007,-84.8492
Pewaukee,WI,43.0788,-88.2729
Pewee Valley,KY,38.3039,-85.4834
Peyton,CO,38.9541,-104.5472
Peytona,WV,38.125,-81.7018
Pfafftown,NC,36.1669,-80.3798
Pfeifer,KS,38.7153,-99.1718
Pflugerville,TX,30.44075,-97.62495
Pharr,TX,26.1771,-98.187
Pheba,MS,33.5961,-88.9518
Phelan,CA,34.4355,-117.54595
Phelps,KY,37.4987,-82.1584
Phelps,NY,42.9582,-77.0473
Phelps,WI,46.0645,-89.0815
Phenix,VA,37.0925,-78.7912
Phenix City,AL,32.46523,-85.0619
Phil Campbell,AL,34.347,-87.7154
Philadelphia,MO,39.8359,-91.7538
Philadelphia,MS,32.7572,-89.1154
Philadelphia,NY,44.1589,-75.7099
Philadelphia,PA,39.99076,-75.14261
Philadelphia,TN,35.6781,-84.4312
Philip,SD,44.055,-101.6876
Philipp,MS,33.7574,-90.2091
Philippi,WV,39.1613,-80.0492
Philipsburg,MT,46.3189,-113.3126
Philipsburg,PA,40.8863,-78.219
Phillips,ME,44.8375,-70.3601
Phillips,NE,40.8982,-98.2129
Phillips,WI,45.6975,-90.4041
Phillipsburg,KS,39.7623,-99.3328
Phillipsburg,MO,37.5832,-92.7416
Phillipsburg,NJ,40.7079,-75.1507
Phillipsburg,OH,39.9054,-84.4028
Phillipsport,NY,41.6515,-74.4362
Phillipsville,CA,40.2008,-123.7735
Philmont,NY,42.2485,-73.6463
Philo,CA,39.0657,-123.445
Philo,IL,40.0052,-88.1595
Philo,OH,39.8458,-81.9175
Philomath,OR,44.5488,-123.3923
Philomont,VA,39.058,-77.7434
Philpot,KY,37.7183,-86.9372
Phippsburg,CO,40.1907,-106.9735
Phippsburg,ME,43.7688,-69.815
Phlox,WI,45.0511,-89.0143
Phoenicia,NY,42.0848,-74.3154
Phoenix,AZ,33.49161,-112.07925
Phoenix,MD,39.4833,-76.5776
Phoenix,NY,43.2468,-76.3064
Phoenix,OR,42.2766,-122.8227
Phoenixville,PA,40.1267,-75.5272
Phyllis,KY,37.4484,-82.2985
Piasa,IL,39.1159,-90.1237
Picabo,ID,43.3101,-114.0861
Picacho,AZ,32.6686,-111.4549
Picacho,NM,33.3518,-105.145
Picatinny Arsenal,NJ,40.8673,-74.5783
Picayune,MS,30.5418,-89.691
Picher,OK,36.98,-94.8173
Pickens,AR,33.842,-91.5022
Pickens,MS,32.8905,-89.9737
Pickens,OK,34.3965,-95.0119
Pickens,SC,34.9024,-82.7058
Pickens,WV,38.6551,-80.2117
Pickerel,WI,45.3567,-88.9137
Pickering,MO,40.4591,-94.8411
Pickerington,OH,39.9061,-82.7563
Pickett,WI,43.9009,-88.7135
Pickford,MI,46.1559,-84.3663
Pickrell,NE,40.3821,-96.7344
Pickstown,SD,43.0673,-98.523
Pickton,TX,33.0519,-95.3851
Pickwick Dam,TN,35.0383,-88.2256
Pico Rivera,CA,33.98493,-118.0939
Picture Rocks,PA,41.2798,-76.713
Pie Town,NM,34.3243,-108.3682
Piedmont,AL,33.8389,-85.646
Piedmont,CA,37.8244,-122.2316
Piedmont,KS,37.6372,-96.3695
Piedmont,MO,37.1573,-90.699
Piedmont,OH,40.1507,-81.2145
Piedmont,OK,35.6695,-97.7431
Piedmont,SC,34.7244,-82.4702
Piedmont,SD,44.2287,-103.3688
Piedmont,WV,39.4799,-79.0489
Piedra,CA,36.8417,-119.3496
Pierce,CO,40.6359,-104.7638
Pierce,ID,46.4924,-115.8071
Pierce,NE,42.1943,-97.5256
Pierce,TX,29.2052,-96.1369
Pierce City,MO,36.973,-94.0024
Piercefield,NY,44.2343,-74.556
Pierceton,IN,41.2124,-85.7061
Pierceville,IN,39.1116,-85.2551
Pierceville,KS,37.906,-100.7523
Piercy,CA,39.9465,-123.7552
Piermont,NH,43.9906,-72.0813
Piermont,NY,41.0395,-73.9192
Pierpont,OH,41.7677,-80.5741
Pierpont,SD,45.496,-97.8128
Pierre,SD,44.3695,-100.3211
Pierre Part,LA,29.9476,-91.1885
Pierrepont Manor,NY,43.7334,-76.0543
Pierron,IL,38.78,-89.5981
Pierson,FL,29.2226,-81.4353
Pierson,IA,42.5335,-95.8922
Pierson,MI,43.3355,-85.5134
Pierz,MN,46.0081,-94.0853
Piffard,NY,42.8435,-77.8962
Pigeon,MI,43.8179,-83.2755
Pigeon Falls,WI,44.4249,-91.2074
Pigeon Forge,TN,35.83655,-83.55995
Piggott,AR,36.387,-90.1926
Pike,NH,44.0255,-72.0096
Pike,NY,42.5565,-78.1528
Pike Road,AL,32.3357,-86.0959
Pikesville,MD,39.37535,-76.72575
Piketon,OH,39.0437,-83.121
Pikeville,KY,37.4977,-82.51805
Pikeville,NC,35.4929,-77.9578
Pikeville,TN,35.6408,-85.2077
Pilger,NE,41.9761,-97.0779
Pilgrim,KY,37.7379,-82.4523
Pilgrims Knob,VA,37.2746,-81.9024
Pillager,MN,46.3607,-94.4895
Pillow,PA,40.6392,-76.8029
Pillsbury,ND,47.1862,-97.7605
Pilot,VA,37.0565,-80.3229
Pilot Grove,IA,40.7628,-91.5368
Pilot Grove,MO,38.8712,-92.9305
Pilot Hill,CA,38.8135,-121.0308
Pilot Knob,MO,37.625,-90.646
Pilot Mound,IA,42.1604,-94.0102
Pilot Mountain,NC,36.4109,-80.4921
Pilot Point,AK,57.5642,-157.5792
Pilot Point,TX,33.371,-96.9446
Pilot Rock,OR,45.4227,-118.8483
Pilot Station,AK,61.9462,-162.8747
Pilottown,LA,29.1816,-89.2576
Pima,AZ,32.9097,-109.856
Pimento,IN,39.2929,-87.3355
Pinch,WV,38.402,-81.4611
Pinckard,AL,31.3074,-85.5263
Pinckney,MI,42.4596,-83.9099
Pinckneyville,IL,38.0903,-89.3858
Pinconning,MI,43.8491,-84.0082
Pindall,AR,36.0675,-92.8864
Pine,AZ,34.3435,-111.5353
Pine,CO,39.4667,-105.3741
Pine Apple,AL,31.9265,-87.0047
Pine Beach,NJ,39.9347,-74.168
Pine Bluff,AR,34.20453,-92.01427
Pine Bluffs,WY,41.1788,-104.0666
Pine Brook,NJ,40.8742,-74.35
Pine Bush,NY,41.6178,-74.3263
Pine City,MN,45.8363,-92.9042
Pine City,NY,42.0419,-76.8815
Pine Forge,PA,40.2829,-75.6907
Pine Grove,CA,38.4049,-120.6544
Pine Grove,LA,30.7032,-90.7672
Pine Grove,PA,40.5671,-76.3269
Pine Grove,WV,39.5755,-80.6667
Pine Grove Mills,PA,40.7337,-77.8856
Pine Hall,NC,36.3482,-80.0495
Pine Hill,AL,31.9735,-87.5771
Pine Hill,NY,42.1331,-74.4802
Pine Island,MN,44.211,-92.6613
Pine Island,NY,41.2926,-74.4888
Pine Knot,KY,36.6807,-84.3984
Pine Lake,GA,33.7906,-84.2053
Pine Level,AL,32.0726,-86.0606
Pine Level,NC,35.5132,-78.2444
Pine Meadow,CT,41.8765,-72.967
Pine Mountain,GA,32.8735,-84.896
Pine Mountain Club,CA,34.8469,-119.1568
Pine Mountain Valley,GA,32.8226,-84.8204
Pine Plains,NY,41.9896,-73.6602
Pine Prairie,LA,30.7831,-92.4163
Pine Ridge,KY,37.7749,-83.6321
Pine Ridge,SD,43.1124,-102.5984
Pine River,MN,46.6938,-94.4477
Pine River,WI,44.1604,-89.0404
Pine Top,KY,37.2868,-82.8741
Pine Valley,CA,32.835,-116.5127
Pine Valley,NY,42.2348,-76.8652
Pine Valley,UT,37.3898,-113.5177
Pine Village,IN,40.4328,-87.2317
Pinebluff,NC,35.1007,-79.4663
Pinecliffe,CO,39.9319,-105.4283
Pinecrest,CA,38.1889,-119.9924
Pinedale,AZ,34.3003,-110.2457
Pinedale,WY,42.8543,-109.8561
Pinehill,NM,34.9992,-108.4112
Pinehurst,GA,32.1967,-83.7209
Pinehurst,ID,47.5018,-116.2647
Pinehurst,MA,42.5293,-71.2281
Pinehurst,NC,35.2023,-79.4628
Pinehurst,TX,30.1581,-95.6814
Pineland,FL,26.6583,-82.1434
Pineland,SC,32.5931,-81.1078
Pineland,TX,31.2418,-93.9754
Pinellas Park,FL,27.8662,-82.71617
Pineola,NC,36.0285,-81.8915
Pinesdale,MT,46.3329,-114.2235
Pinetop,AZ,34.1175,-109.9197
Pinetops,NC,35.7885,-77.6378
Pinetown,NC,35.5758,-76.8076
Pinetta,FL,30.5997,-83.3405
Pineview,GA,32.0907,-83.5158
Pineville,AR,36.1677,-92.1073
Pineville,KY,36.7159,-83.7668
Pineville,LA,31.30493,-92.39147
Pineville,MO,36.574,-94.377
Pineville,NC,35.0709,-80.8859
Pineville,PA,40.2962,-75.0057
Pineville,SC,33.4199,-80.0932
Pineville,WV,37.584,-81.5336
Pinewood,SC,33.7642,-80.4978
Piney Creek,NC,36.5276,-81.3019
Piney Flats,TN,36.4328,-82.319
Piney Fork,OH,40.2639,-80.8358
Piney Point,MD,38.1397,-76.5047
Piney River,VA,37.7051,-79.0231
Piney View,WV,37.8376,-81.1286
Piney Woods,MS,32.0627,-89.9929
Pingree,ID,43.1336,-112.6295
Pingree,ND,47.2038,-99.0144
Pink Hill,NC,35.0573,-77.6943
Pinnacle,NC,36.3339,-80.4391
Pinola,MS,31.8277,-90.0088
Pinole,CA,37.9969,-122.2875
Pinon,AZ,36.1002,-110.2211
Pinon,NM,32.6396,-105.4157
Pinon Hills,CA,34.4429,-117.6403
Pinopolis,SC,33.2241,-80.0398
Pinos Altos,NM,32.8614,-108.2192
Pinson,AL,33.7299,-86.6451
Pinson,TN,35.4781,-88.7304
Pinsonfork,KY,37.5466,-82.2621
Pinto,MD,39.5725,-78.844
Pioche,NV,37.8981,-114.3968
Pioneer,CA,38.4319,-120.5719
Pioneer,LA,32.7154,-91.4648
Pioneer,OH,41.6656,-84.5363
Pioneer,TN,36.4695,-84.2907
Pioneertown,CA,34.1887,-116.5048
Pipe Creek,TX,29.6796,-98.9484
Piper City,IL,40.7556,-88.1873
Pipersville,PA,40.4262,-75.1074
Pipestem,WV,37.5303,-80.9463
Pipestone,MN,43.9893,-96.2652
Pippa Passes,KY,37.3491,-82.8742
Piqua,KS,37.9228,-95.5353
Piqua,OH,40.1486,-84.2531
Pirtleville,AZ,31.3572,-109.5635
Piru,CA,34.4352,-118.7855
Piscataway,NJ,40.49075,-74.43815
Piseco,NY,43.4481,-74.5263
Pisek,ND,48.2971,-97.7029
Pisgah,AL,34.6809,-85.8478
Pisgah,IA,41.8214,-95.9192
Pisgah Forest,NC,35.2599,-82.6695
Pismo Beach,CA,35.1503,-120.64675
Pitcairn,PA,40.4048,-79.777
Pitcher,NY,42.5969,-75.8465
Pitkin,CO,38.6179,-106.5146
Pitkin,LA,30.933,-92.9548
Pitman,NJ,39.7312,-75.1297
Pitman,PA,40.7049,-76.5233
Pitsburg,OH,39.987,-84.4866
Pitts,GA,31.9425,-83.5579
Pittsboro,IN,39.8615,-86.4645
Pittsboro,MS,33.9443,-89.3376
Pittsboro,NC,35.7694,-79.1755
Pittsburg,CA,38.0031,-121.9172
Pittsburg,IL,37.8047,-88.8081
Pittsburg,KS,37.3951,-94.7105
Pittsburg,KY,37.1678,-84.1166
Pittsburg,MO,37.8442,-93.3356
Pittsburg,NH,45.0866,-71.3636
Pittsburg,OK,34.6975,-95.8439
Pittsburg,TX,32.9623,-94.9603
Pittsburgh,PA,40.44126,-80.00377
Pittsfield,IL,39.6013,-90.8073
Pittsfield,MA,42.41297,-73.2347
Pittsfield,ME,44.7871,-69.4022
Pittsfield,NH,43.2874,-71.333
Pittsfield,PA,41.8366,-79.4196
Pittsfield,VT,43.7723,-72.8129
Pittsford,MI,41.8963,-84.444
Pittsford,NY,43.0695,-77.5141
Pittsford,VT,43.7152,-73.0135
Pittston,PA,41.34003,-75.78503
Pittstown,NJ,40.5992,-74.9576
Pittsview,AL,32.1733,-85.1312
Pittsville,MD,38.3755,-75.4076
Pittsville,VA,36.9716,-79.4794
Pittsville,WI,44.4375,-90.1892
Pixley,CA,35.9553,-119.2564
Placedo,TX,28.6923,-96.8254
Placentia,CA,33.87865,-117.855
Placerville,CA,38.7195,-120.8046
Placerville,CO,38.0167,-108.0534
Placerville,ID,43.9633,-115.9759
Placida,FL,26.8323,-82.2648
Placitas,NM,35.3092,-106.5293
Plain,WI,43.2927,-90.0558
Plain City,OH,40.0974,-83.269
Plain Dealing,LA,32.9074,-93.6905
Plainfield,CT,41.6775,-71.922
Plainfield,IA,42.8503,-92.5116
Plainfield,IL,41.60697,-88.2125
Plainfield,IN,39.6893,-86.3919
Plainfield,MA,42.5144,-72.9183
Plainfield,NH,43.5519,-72.2704
Plainfield,NJ,40.6295,-74.38927
Plainfield,OH,40.2087,-81.7197
Plainfield,PA,40.203,-77.2848
Plainfield,VT,44.2622,-72.4224
Plainfield,WI,44.2091,-89.4559
Plains,GA,32.0339,-84.3586
Plains,KS,37.2701,-100.5732
Plains,MT,47.4734,-114.893
Plains,TX,33.1894,-102.8294
Plainsboro,NJ,40.3324,-74.5688
Plainview,AR,34.9668,-93.3099
Plainview,MN,44.1637,-92.1621
Plainview,NE,42.3467,-97.7786
Plainview,NY,40.7781,-73.4816
Plainview,TX,34.13255,-101.77645
Plainville,CT,41.6727,-72.8644
Plainville,GA,34.4145,-85.0312
Plainville,IL,39.8004,-91.1436
Plainville,IN,38.8062,-87.1522
Plainville,KS,39.2308,-99.3008
Plainville,MA,42.0124,-71.3275
Plainville,NY,43.1577,-76.447
Plainwell,MI,42.4544,-85.5994
Plaistow,NH,42.8356,-71.0934
Planada,CA,37.2908,-120.3185
Plankinton,SD,43.7373,-98.4694
Plano,IA,40.7751,-93.0386
Plano,IL,41.667,-88.5384
Plano,TX,33.0384,-96.71921
Plant City,FL,28.00878,-82.13232
Plantation,FL,26.1342,-80.2318
Plantersville,AL,32.6176,-86.9475
Plantersville,MS,34.2011,-88.6335
Plantersville,TX,30.2969,-95.8498
Plantsville,CT,41.5797,-72.899
Plaquemine,LA,30.27875,-91.24335
Platina,CA,40.376,-122.937
Platinum,AK,59.0131,-161.8164
Plato,MN,44.7657,-94.0506
Plato,MO,37.5122,-92.1709
Platte,SD,43.4251,-98.9479
Platte Center,NE,41.5375,-97.4884
Platte City,MO,39.3602,-94.789
Plattekill,NY,41.6412,-74.0781
Plattenville,LA,29.9974,-91.0232
Platter,OK,33.907,-96.535
Platteville,CO,40.2131,-104.8028
Platteville,WI,42.7393,-90.4854
Plattsburg,MO,39.5705,-94.4338
Plattsburgh,NY,44.68905,-73.4567
Plattsmouth,NE,40.9992,-95.9139
Plaucheville,LA,30.9365,-91.9847
Playa Del Rey,CA,33.87215,-118.368
Playa Vista,CA,33.9728,-118.4276
Playas,NM,32.055,-108.6291
Plaza,ND,48.0242,-101.9643
Pleasant City,OH,39.9095,-81.558
Pleasant Dale,NE,40.8133,-96.9513
Pleasant Garden,NC,35.9522,-79.7549
Pleasant Grove,AL,33.4883,-86.9766
Pleasant Grove,AR,35.8265,-91.8958
Pleasant Grove,CA,38.8115,-121.4982
Pleasant Grove,UT,40.372,-111.7333
Pleasant Hall,PA,40.0531,-77.6539
Pleasant Hill,CA,37.954,-122.0737
Pleasant Hill,IA,41.5839,-93.5199
Pleasant Hill,IL,39.4467,-90.877
Pleasant Hill,LA,31.8086,-93.5136
Pleasant Hill,MO,38.7859,-94.244
Pleasant Hill,NC,36.5212,-77.5192
Pleasant Hill,OH,40.0531,-84.3436
Pleasant Hill,OR,43.9458,-122.9285
Pleasant Hill,TN,35.9813,-85.1984
Pleasant Hope,MO,37.4615,-93.2617
Pleasant Lake,IN,41.5843,-85.0213
Pleasant Lake,MI,42.3903,-84.3428
Pleasant Mills,IN,40.7778,-84.8422
Pleasant Mount,PA,41.7322,-75.3989
Pleasant Plain,OH,39.2884,-84.0967
Pleasant Plains,AR,35.5893,-91.632
Pleasant Plains,IL,39.8331,-89.8686
Pleasant Prairie,WI,42.5293,-87.8855
Pleasant Ridge,MI,42.471,-83.1438
Pleasant Shade,TN,36.3462,-85.9189
Pleasant Unity,PA,40.2424,-79.4542
Pleasant Valley,IA,41.5746,-90.4213
Pleasant Valley,NY,41.747,-73.8143
Pleasant Valley,VA,38.3847,-78.8914
Pleasant View,CO,37.5888,-108.8095
Pleasant View,TN,36.3783,-87.0395
Pleasanton,CA,37.67655,-121.8856
Pleasanton,KS,38.1823,-94.7057
Pleasanton,NE,40.9818,-99.1283
Pleasanton,TX,28.9924,-98.4831
Pleasantville,IA,41.3738,-93.2712
Pleasantville,NJ,39.3876,-74.5149
Pleasantville,NY,41.135,-73.7845
Pleasantville,OH,39.8227,-82.5043
Pleasantville,PA,41.5867,-79.5685
Pleasureville,KY,38.3598,-85.1072
Pledger,TX,29.1825,-95.9086
Plentywood,MT,48.7788,-104.56
Plessis,NY,44.2774,-75.8496
Plevna,KS,37.9658,-98.2988
Plevna,MO,39.9765,-92.0852
Plevna,MT,46.4112,-104.5713
Plover,IA,42.8783,-94.6205
Plover,WI,44.4507,-89.5428
Pluckemin,NJ,40.6425,-74.6396
Plum,TX,29.9349,-96.9675
Plum Branch,SC,33.8329,-82.248
Plum City,WI,44.636,-92.1837
Plumerville,AR,35.1575,-92.6204
Plummer,ID,47.3278,-116.8662
Plummer,MN,47.9113,-95.9646
Plummers Landing,KY,38.3481,-83.7186
Plumsteadville,PA,40.388,-75.1425
Plumtree,NC,36.0441,-82.0037
Plumville,PA,40.7931,-79.1806
Plush,OR,42.5035,-119.8947
Plymouth,CA,38.4916,-120.8819
Plymouth,CT,41.6611,-73.0449
Plymouth,FL,28.6985,-81.5698
Plymouth,IA,43.246,-93.1226
Plymouth,IL,40.3236,-90.9672
Plymouth,IN,41.353,-86.3015
Plymouth,MA,41.94643,-70.67023
Plymouth,ME,44.7699,-69.2266
Plymouth,MI,42.3688,-83.4799
Plymouth,NC,35.8508,-76.7431
Plymouth,NE,40.3039,-97.0012
Plymouth,NH,43.757,-71.6881
Plymouth,NY,42.6336,-75.6172
Plymouth,OH,41.0003,-82.6635
Plymouth,PA,41.2458,-75.9481
Plymouth,UT,41.8831,-112.1388
Plymouth,VT,43.4987,-72.7107
Plymouth,WA,45.9301,-119.4023
Plymouth,WI,43.7526,-87.9779
Plymouth Meeting,PA,40.1077,-75.2796
Plympton,MA,41.9655,-70.8046
Poca,WV,38.4791,-81.7838
Pocahontas,AR,36.2829,-90.9968
Pocahontas,IA,42.7296,-94.6737
Pocahontas,IL,38.7846,-89.5247
Pocahontas,MO,37.5007,-89.6396
Pocahontas,TN,35.0315,-88.8116
Pocahontas,VA,37.3054,-81.3425
Pocasset,MA,41.6881,-70.6105
Pocasset,OK,35.1544,-97.979
Pocatello,ID,42.83113,-112.41983
Pocola,OK,35.2436,-94.476
Pocomoke City,MD,38.0714,-75.555
Pocono Lake,PA,41.1187,-75.5559
Pocono Lake Preserve,PA,41.0338,-75.308
Pocono Manor,PA,41.1001,-75.3588
Pocono Pines,PA,41.1054,-75.476
Pocono Summit,PA,41.1353,-75.4079
Pocopson,PA,39.9004,-75.6258
Poestenkill,NY,42.6918,-73.5627
Point,TX,32.9007,-95.8903
Point Arena,CA,38.9152,-123.6
Point Baker,AK,56.3528,-133.6211
Point Clear,AL,30.4741,-87.9192
Point Comfort,TX,28.6651,-96.5506
Point Harbor,NC,36.0781,-75.7983
Point Hope,AK,68.3486,-166.7347
Point Lay,AK,69.7439,-163.0084
Point Lookout,MO,36.6165,-93.2418
Point Lookout,NY,40.5905,-73.5808
Point Marion,PA,39.7351,-79.899
Point Mugu Nawc,CA,34.1134,-119.1124
Point Of Rocks,MD,39.2791,-77.5328
Point Of Rocks,WY,41.6802,-108.7857
Point Pleasant,PA,40.4226,-75.0663
Point Pleasant,WV,38.8632,-82.1132
Point Pleasant Beach,NJ,40.0806,-74.0595
Point Reyes Station,CA,38.0691,-122.8069
Point Roberts,WA,48.9879,-123.0555
Pointblank,TX,30.7593,-95.2295
Pointe A La Hache,LA,29.542,-89.7512
Pointe Aux Pins,MI,45.7549,-84.447
Points,WV,39.4401,-78.6103
Polacca,AZ,35.8617,-110.3875
Poland,IN,39.4462,-86.9631
Poland,ME,44.0474,-70.3899
Poland,NY,43.2115,-75.0731
Polaris,MT,45.3696,-113.1195
Polebridge,MT,48.8206,-114.3836
Polk,MO,37.7292,-93.2994
Polk,NE,41.0767,-97.7839
Polk,OH,40.9343,-82.2126
Polk,PA,41.3583,-79.9346
Polk City,FL,28.1987,-81.8083
Polk City,IA,41.7549,-93.6893
Polkton,NC,34.9823,-80.1538
Polkville,NC,35.3961,-81.6303
Pollard,AR,36.4317,-90.2751
Pollock,ID,45.3068,-116.3517
Pollock,LA,31.5,-92.4005
Pollock,MO,40.3385,-93.1115
Pollock,SD,45.889,-100.2875
Pollock Pines,CA,38.7708,-120.5427
Pollocksville,NC,35.0151,-77.2287
Pollok,TX,31.4291,-94.8254
Polo,IL,41.989,-89.5984
Polo,MO,39.5647,-94.0743
Polson,MT,47.6876,-114.1404
Polvadera,NM,34.2059,-106.9167
Pomaria,SC,34.3063,-81.45
Pomerene,AZ,31.9995,-110.2862
Pomeroy,IA,42.5511,-94.6839
Pomeroy,OH,39.0607,-82.0331
Pomeroy,PA,39.9643,-75.8866
Pomeroy,WA,46.4698,-117.5993
Pomfret,CT,41.889,-71.9682
Pomfret,MD,38.5855,-77.0093
Pomfret Center,CT,41.8697,-71.982
Pomona,CA,34.06113,-117.75543
Pomona,IL,37.6501,-89.3693
Pomona,KS,38.6153,-95.4489
Pomona,MO,36.8441,-91.9137
Pomona,NJ,39.4877,-74.5543
Pomona,NY,41.1901,-74.0436
Pomona Park,FL,29.5002,-81.5915
Pompano Beach,FL,26.25684,-80.1749
Pompeii,MI,43.1863,-84.6017
Pompey,NY,42.899,-76.016
Pompeys Pillar,MT,45.9838,-107.9154
Pompton Lakes,NJ,40.9993,-74.2876
Pompton Plains,NJ,40.9655,-74.3016
Ponca,AR,36.0242,-93.3646
Ponca,NE,42.5693,-96.7128
Ponca City,OK,36.70947,-97.08717
Ponce De Leon,FL,30.7041,-85.9546
Ponce De Leon,MO,36.8759,-93.3516
Poncha Springs,CO,38.5128,-106.0772
Ponchatoula,LA,30.4406,-90.4422
Pond Creek,OK,36.6643,-97.8019
Pond Eddy,NY,41.4511,-74.841
Pond Gap,WV,38.2904,-81.2866
Ponder,TX,33.1774,-97.2848
Ponderay,ID,48.3055,-116.5338
Ponderosa,NM,35.66,-106.6675
Ponemah,MN,48.0372,-94.917
Poneto,IN,40.6419,-85.2562
Ponsford,MN,47.0133,-95.3197
Ponte Vedra,FL,30.1204,-81.4128
Ponte Vedra Beach,FL,30.181,-81.37415
Pontiac,IL,40.8764,-88.6328
Pontiac,MI,42.64505,-83.2909
Pontiac,MO,36.5156,-92.6038
Pontotoc,MS,34.217,-88.9868
Pontotoc,TX,30.8906,-99.0212
Pony,MT,45.6585,-111.8944
Pool,WV,38.1637,-80.8643
Poole,KY,37.641,-87.6439
Pooler,GA,32.1149,-81.252
Poolesville,MD,39.1386,-77.4067
Poolville,TX,32.968,-97.8472
Pope,MS,34.1906,-90.0027
Pope Army Airfield,NC,35.0635,-78.8943
Pope Valley,CA,38.6152,-122.4278
Popejoy,IA,42.5974,-93.4279
Poplar,MT,48.1307,-105.187
Poplar,WI,46.5771,-91.8253
Poplar Bluff,MO,36.73935,-90.4118
Poplar Branch,NC,36.2737,-75.9097
Poplar Grove,AR,34.5394,-90.8813
Poplar Grove,IL,42.3594,-88.8428
Poplar Ridge,NY,42.7421,-76.6285
Poplarville,MS,30.8524,-89.5648
Poquonock,CT,41.9048,-72.6787
Poquoson,VA,37.1313,-76.3807
Porcupine,SD,43.2397,-102.331
Port Alexander,AK,56.2497,-134.6444
Port Allegany,PA,41.8169,-78.2799
Port Allen,LA,30.472,-91.2541
Port Alsworth,AK,60.2025,-154.3128
Port Angeles,WA,48.0811,-123.6781
Port Aransas,TX,27.7707,-97.1051
Port Arthur,TX,29.90045,-93.97223
Port Austin,MI,44.0223,-82.9984
Port Barre,LA,30.5478,-91.9286
Port Bolivar,TX,29.4266,-94.6861
Port Byron,IL,41.6013,-90.3263
Port Byron,NY,43.0427,-76.6449
Port Carbon,PA,40.6977,-76.166
Port Charlotte,FL,26.98863,-82.14955
Port Chester,NY,41.0222,-73.6798
Port Clinton,OH,41.512,-82.9377
Port Clinton,PA,40.5818,-76.0267
Port Clyde,ME,43.9273,-69.2528
Port Costa,CA,38.046,-122.1866
Port Crane,NY,42.1958,-75.7591
Port Deposit,MD,39.6151,-76.0633
Port Edwards,WI,44.3497,-89.8652
Port Elizabeth,NJ,39.3131,-74.9807
Port Ewen,NY,41.8948,-73.9767
Port Gamble,WA,47.8543,-122.5838
Port Gibson,MS,31.961,-90.984
Port Gibson,NY,43.0345,-77.1575
Port Hadlock,WA,48.0345,-122.7682
Port Haywood,VA,37.386,-76.3172
Port Heiden,AK,56.9643,-158.5664
Port Henry,NY,44.0465,-73.4705
Port Hope,MI,43.928,-82.7529
Port Hueneme,CA,34.1552,-119.1962
Port Hueneme Cbc Base,CA,34.1621,-119.2074
Port Huron,MI,42.98335,-82.4424
Port Isabel,TX,26.0539,-97.3125
Port Jefferson,NY,40.9457,-73.0611
Port Jefferson,OH,40.3307,-84.0926
Port Jefferson Station,NY,40.9136,-73.0464
Port Jervis,NY,41.3786,-74.6691
Port Kent,NY,44.5264,-73.4092
Port Lavaca,TX,28.6011,-96.6259
Port Leyden,NY,43.5802,-75.3263
Port Lions,AK,57.8675,-152.8822
Port Ludlow,WA,47.9222,-122.6896
Port Mansfield,TX,26.5548,-97.425
Port Matilda,PA,40.8018,-78.0788
Port Monmouth,NJ,40.4289,-74.1083
Port Murray,NJ,40.7906,-74.9167
Port Neches,TX,29.977,-93.9626
Port Norris,NJ,39.2563,-75.0506
Port O Connor,TX,28.4483,-96.4058
Port Orange,FL,29.13802,-81.00272
Port Orchard,WA,47.5067,-122.61905
Port Orford,OR,42.7572,-124.4913
Port Penn,DE,39.5129,-75.5852
Port Reading,NJ,40.5709,-74.2466
Port Republic,MD,38.4952,-76.5349
Port Republic,NJ,39.5272,-74.4903
Port Republic,VA,38.3226,-78.7886
Port Richey,FL,28.2864,-82.7061
Port Royal,KY,38.4941,-85.1242
Port Royal,PA,40.5107,-77.431
Port Royal,SC,32.3874,-80.6844
Port Royal,VA,38.1621,-77.1837
Port Saint Joe,FL,29.8119,-85.303
Port Saint Lucie,FL,27.29864,-80.38691
Port Salerno,FL,27.1442,-80.2006
Port Sanilac,MI,43.4329,-82.5468
Port Sulphur,LA,29.47,-89.6847
Port Tobacco,MD,38.4994,-77.0419
Port Townsend,WA,48.104,-122.7945
Port Trevorton,PA,40.6996,-76.9082
Port Washington,NY,40.76817,-73.61757
Port Washington,OH,40.3404,-81.5215
Port Washington,WI,43.3955,-87.8797
Port Wentworth,GA,32.1491,-81.1632
Port William,OH,39.5514,-83.7881
Port Wing,WI,46.762,-91.392
Portage,IN,41.5672,-87.1757
Portage,ME,46.7753,-68.4877
Portage,MI,42.18767,-85.60037
Portage,OH,41.3127,-83.6143
Portage,PA,40.3724,-78.6328
Portage,UT,41.9757,-112.2384
Portage,WI,43.5501,-89.4714
Portage Des Sioux,MO,38.9259,-90.3863
Portageville,MO,36.4279,-89.7002
Portageville,NY,42.557,-78.0856
Portal,GA,32.555,-81.9123
Portal,ND,48.9758,-102.548
Portales,NM,34.1799,-103.3363
Porter,ME,43.8262,-70.9243
Porter,MN,44.6565,-96.1581
Porter,OK,35.8567,-95.5082
Porter,TX,30.1237,-95.2686
Porter Corners,NY,43.1724,-73.8839
Porter Ranch,CA,34.2619,-118.582
Porterdale,GA,33.5712,-83.8951
Porterfield,WI,45.1934,-87.8062
Porters Falls,WV,39.5798,-80.7762
Porters Sideling,PA,39.8246,-76.8993
Portersville,PA,40.9468,-80.139
Porterville,CA,36.05085,-119.0194
Porterville,MS,32.6368,-88.4984
Porthill,ID,48.992,-116.4775
Portia,AR,36.0865,-91.0673
Portis,KS,39.5455,-98.6904
Portland,AR,33.2318,-91.5139
Portland,CT,41.5852,-72.6128
Portland,IN,40.4306,-84.9928
Portland,ME,43.66602,-70.25683
Portland,MI,42.8624,-84.9139
Portland,MO,38.7109,-91.7177
Portland,ND,47.5015,-97.3843
Portland,NY,42.3858,-79.4589
Portland,OH,38.9999,-81.8135
Portland,OR,45.51936,-122.66437
Portland,PA,40.9214,-75.097
Portland,TN,36.5673,-86.5059
Portland,TX,27.8935,-97.3169
Portlandville,NY,42.5304,-74.9671
Portola,CA,39.8105,-120.4691
Portola Valley,CA,37.3702,-122.2182
Portsmouth,IA,41.6484,-95.5108
Portsmouth,NH,43.07207,-70.77325
Portsmouth,OH,38.7932,-82.9306
Portsmouth,RI,41.5944,-71.252
Portsmouth,VA,36.84006,-76.34354
Portville,NY,42.0273,-78.3314
Porum,OK,35.3631,-95.2607
Posen,IL,41.6277,-87.6872
Posen,MI,45.2233,-83.6393
Posey,CA,35.8135,-118.6643
Poseyville,IN,38.172,-87.8027
Post,OR,44.0793,-120.2998
Post,TX,33.2017,-101.3922
Post Falls,ID,47.71925,-116.94345
Post Mills,VT,43.8858,-72.27
Poston,AZ,33.9906,-114.3963
Postville,IA,43.0036,-91.5478
Poteau,OK,35.0606,-94.6096
Potecasi,NC,36.3632,-77.2391
Poteet,TX,29.0994,-98.6241
Poth,TX,29.0619,-98.0825
Potlatch,ID,46.9448,-116.9141
Potomac,IL,40.309,-87.8232
Potomac,MD,39.0914,-77.1999
Potosi,MO,37.9549,-90.8415
Potosi,WI,42.6884,-90.7002
Potrero,CA,32.6205,-116.6037
Potsdam,NY,44.6645,-74.9747
Potsdam,OH,39.9635,-84.4145
Potter,NE,41.2347,-103.3061
Potter,WI,44.1199,-88.0965
Potter Valley,CA,39.3932,-123.0647
Pottersdale,PA,41.1868,-78.0341
Pottersville,MO,36.7068,-92.044
Pottersville,NJ,40.7026,-74.7276
Pottersville,NY,43.7312,-73.8193
Potterville,MI,42.6398,-84.7346
Potts Camp,MS,34.6047,-89.3151
Potts Grove,PA,40.9937,-76.7891
Pottsboro,TX,33.8095,-96.6906
Pottstown,PA,40.2277,-75.64125
Pottsville,AR,35.2398,-93.0564
Pottsville,PA,40.684,-76.2123
Pottsville,TX,31.6732,-98.3256
Potwin,KS,37.9389,-97.0198
Poughkeepsie,AR,36.0767,-91.4793
Poughkeepsie,NY,41.7285,-73.8153
Poughquag,NY,41.6194,-73.6783
Poulan,GA,31.5384,-83.7843
Poulsbo,WA,47.7423,-122.6277
Poultney,VT,43.5332,-73.2253
Pound,VA,37.0927,-82.6016
Pound,WI,45.1273,-88.1396
Pound Ridge,NY,41.2042,-73.5732
Pounding Mill,VA,37.0596,-81.7301
Poway,CA,32.9692,-117.03805
Powder River,WY,43.0322,-106.9873
Powder Springs,GA,33.9135,-84.6859
Powder Springs,TN,36.2357,-83.6801
Powderhorn,CO,38.2822,-107.1084
Powderly,KY,37.2429,-87.1549
Powderly,TX,33.7779,-95.5307
Powderville,MT,45.7589,-105.1153
Powell,MO,36.6237,-94.1773
Powell,OH,40.1834,-83.0912
Powell,TN,36.0435,-84.04
Powell,TX,32.1196,-96.3327
Powell,WY,44.7561,-108.7773
Powell Butte,OR,44.2415,-121.0113
Powells Point,NC,36.1207,-75.8273
Powellsville,NC,36.2257,-76.933
Powellton,WV,38.099,-81.324
Powellville,MD,38.3287,-75.3755
Power,MT,47.6798,-111.7169
Powers,MI,45.6792,-87.5319
Powers,OR,42.88,-124.0709
Powers Lake,ND,48.6551,-102.6795
Powers Lake,WI,42.5557,-88.2969
Powersite,MO,36.6578,-93.1243
Powersville,MO,40.5492,-93.3002
Powhatan,AR,36.08,-91.1482
Powhatan,LA,31.8741,-93.1966
Powhatan,VA,37.5421,-77.9189
Powhatan Point,OH,39.8679,-80.8168
Powhattan,KS,39.7177,-95.6751
Pownal,ME,43.89,-70.1955
Pownal,VT,42.788,-73.2162
Poy Sippi,WI,44.131,-88.9836
Poyen,AR,34.3023,-92.6095
Poynette,WI,43.4013,-89.4189
Poynor,TX,32.0797,-95.5938
Poyntelle,PA,41.8206,-75.4199
Prague,NE,41.3036,-96.8301
Prague,OK,35.5105,-96.7009
Prairie,MS,33.7836,-88.6642
Prairie City,IA,41.5854,-93.241
Prairie City,IL,40.618,-90.4727
Prairie City,OR,44.457,-118.6952
Prairie City,SD,45.5813,-102.8085
Prairie Creek,IN,39.275,-87.4972
Prairie Du Chien,WI,43.0426,-91.1193
Prairie Du Rocher,IL,38.0831,-90.0959
Prairie Du Sac,WI,43.2956,-89.7452
Prairie Farm,WI,45.2462,-91.9742
Prairie Grove,AR,35.9918,-94.3169
Prairie Hill,TX,31.6591,-96.8094
Prairie Home,MO,38.8253,-92.5974
Prairie Lea,TX,29.7239,-97.7449
Prairie View,KS,39.837,-99.5683
Prairie View,TX,30.0836,-95.9866
Prairie Village,KS,38.9917,-94.6336
Prairieburg,IA,42.2383,-91.4224
Prairieton,IN,39.3712,-87.4759
Prairieville,LA,30.3073,-90.9405
Prather,CA,36.9938,-119.5268
Pratt,KS,37.6502,-98.73
Pratt,WV,38.2101,-81.3851
Pratts,VA,38.3366,-78.2573
Prattsburgh,NY,42.5224,-77.2983
Prattsville,AR,34.3079,-92.5131
Prattsville,NY,42.2979,-74.3895
Prattville,AL,32.4714,-86.4576
Pray,MT,45.3331,-110.7137
Preble,IN,40.832,-85.0054
Preble,NY,42.795,-76.2141
Preemption,IL,41.2996,-90.5866
Premier,WV,37.4223,-81.6437
Premium,KY,37.1252,-82.9035
Premont,TX,27.3544,-98.133
Prentice,WI,45.5482,-90.2942
Prentiss,MS,31.6057,-89.8735
Prescott,AR,33.804,-93.3725
Prescott,AZ,34.63072,-112.52385
Prescott,IA,41.0577,-94.5942
Prescott,KS,38.0718,-94.7008
Prescott,MI,44.21,-84.0212
Prescott,WA,46.3539,-118.4097
Prescott,WI,44.7476,-92.7535
Prescott Valley,AZ,34.65857,-112.29937
Presho,SD,43.8995,-100.0746
Presidio,TX,29.5573,-104.3551
Presque Isle,ME,46.6842,-68.0118
Presque Isle,MI,45.2969,-83.5023
Presque Isle,WI,46.2,-89.7387
Presto,PA,40.3847,-80.1209
Preston,CT,41.5224,-71.9934
Preston,GA,32.074,-84.5489
Preston,IA,42.0539,-90.3954
Preston,ID,42.1109,-111.8565
Preston,KY,38.0867,-83.7571
Preston,MD,38.7465,-75.9163
Preston,MN,43.6641,-92.096
Preston,MO,37.939,-93.1713
Preston,MS,32.8826,-88.8289
Preston,OK,35.7115,-95.9917
Preston,WA,47.536,-121.9312
Preston Hollow,NY,42.4563,-74.242
Preston Park,PA,41.8867,-75.356
Prestonsburg,KY,37.661,-82.7636
Pretty Prairie,KS,37.7783,-97.9886
Prewitt,NM,35.3547,-108.1038
Price,MD,39.0346,-76.0921
Price,TX,32.1518,-94.9554
Price,UT,39.602,-110.8081
Pricedale,PA,40.1393,-79.8562
Prichard,WV,38.23,-82.5753
Priddy,TX,31.641,-98.5276
Pride,LA,30.6133,-90.9943
Prides Crossing,MA,42.5581,-70.8257
Priest River,ID,48.1664,-116.9066
Prim,AR,35.6674,-92.0933
Primghar,IA,43.0759,-95.6533
Primm Springs,TN,35.8104,-87.253
Primrose,NE,41.6405,-98.2355
Prince,WV,37.8532,-81.0817
Prince Frederick,MD,38.5336,-76.5955
Prince George,VA,37.2333,-77.2747
Princess Anne,MD,38.1919,-75.7072
Princeton,AL,34.8713,-86.2513
Princeton,CA,39.4168,-122.0519
Princeton,IA,41.6858,-90.3706
Princeton,ID,46.8996,-116.8287
Princeton,IL,41.3629,-89.427
Princeton,IN,38.3525,-87.5691
Princeton,KS,38.4847,-95.2764
Princeton,KY,37.1151,-87.8632
Princeton,LA,32.5791,-93.5226
Princeton,MA,42.4508,-71.8762
Princeton,ME,45.2131,-67.6008
Princeton,MN,45.5851,-93.5961
Princeton,MO,40.3855,-93.5774
Princeton,NC,35.4558,-78.1674
Princeton,NJ,40.3397,-74.6648
Princeton,OR,43.0198,-119.0696
Princeton,TX,33.1555,-96.4981
Princeton,WI,43.8438,-89.1249
Princeton,WV,37.37305,-81.11005
Princeton Junction,NJ,40.2669,-74.6511
Princeville,HI,22.2192,-159.4866
Princeville,IL,40.9093,-89.7723
Princewick,WV,37.6724,-81.2561
Prineville,OR,44.3045,-120.8336
Pringle,SD,43.6086,-103.5938
Prinsburg,MN,44.9371,-95.1865
Printer,KY,37.5055,-82.706
Prior Lake,MN,44.7107,-93.4101
Pritchett,CO,37.2723,-102.9145
Proberta,CA,40.0815,-122.1705
Procious,WV,38.4912,-81.1989
Proctor,AR,35.0834,-90.255
Proctor,MT,47.9404,-114.3832
Proctor,OK,36.0308,-94.7613
Proctor,TX,31.9874,-98.4298
Proctor,VT,43.658,-73.0348
Proctor,WV,39.7207,-80.7618
Proctorsville,VT,43.3823,-72.6384
Proctorville,NC,34.4713,-79.0414
Proctorville,OH,38.4635,-82.3523
Progreso,TX,26.0922,-97.9533
Prole,IA,41.383,-93.7344
Promise City,IA,40.7585,-93.1527
Prompton,PA,41.582,-75.3207
Prophetstown,IL,41.6312,-89.9467
Prospect,CT,41.5022,-72.9788
Prospect,KY,38.356,-85.6083
Prospect,NY,43.3052,-75.1502
Prospect,OH,40.4727,-83.1763
Prospect,OR,42.7544,-122.509
Prospect,PA,40.9049,-80.0679
Prospect,TN,35.0666,-87.0174
Prospect,VA,37.3058,-78.5462
Prospect Harbor,ME,44.411,-68.0141
Prospect Heights,IL,42.1058,-87.9395
Prospect Hill,NC,36.2932,-79.2156
Prospect Park,PA,39.8857,-75.3082
Prosper,TX,33.2362,-96.7954
Prosperity,PA,40.0224,-80.2613
Prosperity,SC,34.1832,-81.5324
Prosperity,WV,37.8381,-81.2004
Prosser,WA,46.2232,-119.771
Protection,KS,37.1968,-99.4816
Protem,MO,36.5286,-92.8465
Protivin,IA,43.217,-92.0927
Provencal,LA,31.5157,-93.1488
Providence,KY,37.405,-87.7505
Providence,NC,36.4873,-79.4041
Providence,RI,41.82336,-71.42163
Providence,UT,41.7,-111.8123
Providence Forge,VA,37.4418,-77.0436
Provincetown,MA,42.0534,-70.1865
Provo,UT,40.24408,-111.64495
Pruden,TN,36.5862,-83.901
Prudence Island,RI,41.7071,-71.2868
Prudenville,MI,44.2974,-84.6627
Prudhoe Bay,AK,70.2922,-148.6694
Prue,OK,36.2501,-96.2701
Pryor,MT,45.4297,-108.5332
Pryor,OK,36.2923,-95.26785
Puckett,MS,32.1062,-89.7836
Pueblo,CO,38.23044,-104.60448
Pueblo Of Acoma,NM,34.8964,-107.5817
Pukalani,HI,20.8559,-156.3259
Pukwana,SD,43.7783,-99.1779
Pulaski,GA,32.3902,-81.9568
Pulaski,IA,40.6941,-92.258
Pulaski,IL,37.2146,-89.1968
Pulaski,MS,32.2745,-89.5627
Pulaski,NY,43.5562,-76.1252
Pulaski,PA,41.0942,-80.4685
Pulaski,TN,35.2093,-87.0393
Pulaski,VA,37.0567,-80.771
Pulaski,WI,44.6611,-88.2634
Pullman,MI,42.4651,-86.0799
Pullman,WA,46.73325,-117.17625
Pullman,WV,39.19,-80.9347
Pulteney,NY,42.5233,-77.1691
Pultneyville,NY,43.2836,-77.142
Pungoteague,VA,37.6304,-75.8135
Punta Gorda,FL,26.93567,-82.00143
Punxsutawney,PA,40.9479,-78.9681
Puposky,MN,47.7436,-94.9803
Purcell,MO,37.2423,-94.4352
Purcell,OK,35.0103,-97.4255
Purcellville,VA,39.1479,-77.7184
Purchase,NY,41.0384,-73.7156
Purdin,MO,39.9529,-93.17
Purdon,TX,31.9483,-96.5856
Purdum,NE,42.065,-100.2585
Purdy,MO,36.8069,-93.9164
Purdys,NY,41.3259,-73.6551
Purgitsville,WV,39.2681,-78.906
Purlear,NC,36.1964,-81.3528
Purling,NY,42.2959,-74.0773
Purmela,TX,31.4841,-97.9903
Pursglove,WV,39.6746,-80.035
Purvis,MS,31.1496,-89.4623
Puryear,TN,36.4456,-88.3472
Put In Bay,OH,41.6514,-82.8226
Putnam,CT,41.9185,-71.8968
Putnam,IL,41.1949,-89.4409
Putnam,OK,35.8539,-98.9638
Putnam,TX,32.374,-99.1957
Putnam Hall,FL,29.7368,-81.958
Putnam Station,NY,43.756,-73.4123
Putnam Valley,NY,41.3728,-73.8502
Putnamville,IN,39.5742,-86.8653
Putney,GA,31.5431,-84.2196
Putney,KY,36.9039,-83.2381
Putney,VT,43.0356,-72.5123
Puunene,HI,20.8666,-156.6467
Puxico,MO,36.9422,-90.1623
Puyallup,WA,47.15556,-122.29982
Pyatt,AR,36.2486,-92.8416
Pylesville,MD,39.6959,-76.4113
Pyote,TX,31.5387,-103.1267
Pyrites,NY,44.5148,-75.1858
Quail,TX,34.918,-100.4252
Quail Valley,CA,33.707,-117.245
Quakake,PA,40.8518,-76.036
Quaker City,OH,39.9866,-81.2899
Quaker Hill,CT,41.4032,-72.1172
Quaker Street,NY,42.7318,-74.1854
Quakertown,NJ,40.5655,-74.9389
Quakertown,PA,40.4411,-75.3507
Quanah,TX,34.2955,-99.7494
Quantico,MD,38.3339,-75.7851
Quantico,VA,38.52665,-77.3147
Quapaw,OK,36.9282,-94.743
Quarryville,PA,39.8949,-76.1465
Quartzsite,AZ,33.69805,-114.21605
Quasqueton,IA,42.3956,-91.7679
Quay,NM,34.9167,-103.7782
Quebeck,TN,35.8303,-85.552
Quechee,VT,43.6462,-72.4184
Quecreek,PA,40.0914,-79.0872
Queen,PA,40.2592,-78.5075
Queen Anne,MD,38.9456,-75.9777
Queen City,MO,40.4152,-92.5663
Queen City,TX,33.1557,-94.1537
Queen Creek,AZ,33.2487,-111.6343
Queens Village,NY,40.71917,-73.7441
Queensbury,NY,43.329,-73.6818
Queenstown,MD,39.0025,-76.1424
Quemado,NM,34.2652,-108.7578
Quemado,TX,28.9256,-100.5912
Quenemo,KS,38.5785,-95.5362
Quentin,PA,40.2796,-76.4397
Questa,NM,36.7039,-105.595
Quicksburg,VA,38.7201,-78.7213
Quilcene,WA,47.8324,-122.8583
Quimby,IA,42.6303,-95.642
Quinault,WA,47.4603,-123.8307
Quinby,VA,37.5423,-75.7412
Quincy,CA,39.9284,-120.9698
Quincy,FL,30.59587,-84.60097
Quincy,IL,39.94213,-91.36293
Quincy,IN,39.4429,-86.6696
Quincy,KY,38.6271,-83.1056
Quincy,MA,42.2629,-71.0107
Quincy,MI,41.9442,-84.8839
Quincy,MO,38.0084,-93.4724
Quincy,OH,40.2876,-83.9744
Quincy,PA,39.7995,-77.5811
Quincy,WA,47.1976,-119.8459
Quinebaug,CT,42.0217,-71.9391
Quinhagak,AK,59.7381,-161.8749
Quinlan,TX,32.8983,-96.1261
Quinn,SD,44.1035,-102.0159
Quinnesec,MI,45.7999,-87.9922
Quinque,VA,38.3301,-78.475
Quinter,KS,39.0363,-100.2337
Quinton,AL,33.6561,-87.1007
Quinton,NJ,39.5459,-75.4124
Quinton,OK,35.1547,-95.4671
Quinton,VA,37.5185,-77.1486
Quinwood,WV,38.0576,-80.7068
Quitaque,TX,34.3796,-101.0465
Quitman,AR,35.405,-92.1333
Quitman,GA,30.7797,-83.5567
Quitman,LA,32.3564,-92.7085
Quitman,MS,32.0668,-88.6788
Quitman,TX,32.8049,-95.4302
Qulin,MO,36.5818,-90.2617
Quogue,NY,40.8226,-72.6012
Rabun Gap,GA,34.9576,-83.3901
Raccoon,KY,37.4935,-82.4221
Raceland,LA,29.7178,-90.5999
Rachel,WV,39.5225,-80.2957
Racine,MN,43.79,-92.531
Racine,MO,36.901,-94.5321
Racine,OH,38.9786,-81.9258
Racine,WI,42.73098,-87.77699
Racine,WV,38.141,-81.6588
Rackerby,CA,39.4256,-121.3252
Radcliff,KY,37.7751,-85.95865
Radcliffe,IA,42.3241,-93.4234
Radersburg,MT,46.2069,-111.6344
Radford,VA,37.127,-80.5558
Radiant,VA,38.3146,-78.1899
Radisson,WI,45.7734,-91.2262
Radium Springs,NM,32.4888,-106.9146
Radnor,OH,40.3918,-83.1781
Radom,IL,38.2607,-89.1989
Raeford,NC,34.989,-79.2228
Ragan,NE,40.3103,-99.2898
Ragland,AL,33.7367,-86.1619
Ragland,WV,37.6898,-82.1244
Ragley,LA,30.4703,-93.2337
Ragsdale,IN,38.7441,-87.3214
Rahway,NJ,40.6087,-74.2819
Raiford,FL,30.07015,-82.1964
Rail Road Flat,CA,38.3405,-120.5161
Railroad,PA,39.7573,-76.6994
Rainbow,TX,32.2812,-97.7065
Rainbow City,AL,33.9318,-86.0898
Rainbow Lake,NY,44.467,-74.1729
Rainelle,WV,37.9661,-80.7821
Rainier,OR,46.0646,-122.9671
Rainier,WA,46.8829,-122.6795
Rains,SC,34.1053,-79.3221
Rainsville,AL,34.4989,-85.8446
Rainsville,NM,35.9786,-105.2092
Raisin City,CA,36.6024,-119.904
Rake,IA,43.4767,-93.9171
Raleigh,IL,37.8256,-88.5324
Raleigh,MS,32.0508,-89.5088
Raleigh,NC,35.8088,-78.63363
Raleigh,ND,46.3352,-101.2827
Raleigh,WV,37.7585,-81.1675
Ralls,TX,33.6851,-101.3836
Ralph,AL,33.1274,-87.7624
Ralph,MI,46.1297,-87.7367
Ralph,SD,45.8554,-103.0356
Ralston,IA,42.0414,-94.6321
Ralston,OK,36.4992,-96.7755
Ralston,PA,41.5038,-76.9583
Ralston,WY,44.7161,-108.8646
Ramah,CO,39.0736,-104.1247
Ramah,NM,35.1324,-108.492
Ramer,AL,32.0677,-86.2463
Ramer,TN,35.0642,-88.6017
Ramey,PA,40.8015,-78.3998
Ramona,CA,33.0293,-116.8535
Ramona,KS,38.5777,-97.0759
Ramona,OK,36.5752,-95.8962
Ramona,SD,44.1229,-97.2349
Rampart,AK,65.509,-150.1619
Ramsay,MI,46.4727,-89.9976
Ramsay,MT,46.0058,-112.6861
Ramseur,NC,35.7143,-79.6469
Ramsey,IL,39.1445,-89.1087
Ramsey,IN,38.3034,-86.169
Ramsey,NJ,41.0577,-74.1445
Ranburne,AL,33.5616,-85.3786
Ranchester,WY,44.9171,-107.174
Ranchita,CA,33.21,-116.5167
Rancho Cordova,CA,38.59813,-121.26433
Rancho Cucamonga,CA,34.13364,-117.57712
Rancho Mirage,CA,33.7643,-116.4225
Rancho Palos Verdes,CA,33.7515,-118.367
Rancho Santa Fe,CA,32.98365,-117.13095
Rancho Santa Margarita,CA,33.6512,-117.5938
Ranchos De Taos,NM,36.3357,-105.6086
Rancocas,NJ,40.0095,-74.8668
Rand,CO,40.4667,-106.1857
Randalia,IA,42.8626,-91.8846
Randall,IA,42.2383,-93.6008
Randall,KS,39.6286,-98.0661
Randall,MN,46.0734,-94.5005
Randallstown,MD,39.3746,-76.8002
Randle,WA,46.5492,-121.8555
Randleman,NC,35.8488,-79.8018
Randlett,OK,34.174,-98.46
Randlett,UT,40.2186,-109.7301
Randolph,AL,32.8888,-86.907
Randolph,IA,40.8704,-95.5624
Randolph,KS,39.4879,-96.7828
Randolph,MA,42.1736,-71.0514
Randolph,ME,44.2347,-69.7506
Randolph,MN,44.5274,-93.0196
Randolph,MS,34.1617,-89.1795
Randolph,NE,42.3798,-97.3464
Randolph,NH,44.3753,-71.2798
Randolph,NJ,40.8456,-74.5725
Randolph,NY,42.1631,-78.96
Randolph,OH,41.0328,-81.2484
Randolph,TX,33.4846,-96.2541
Randolph,UT,41.6563,-111.1856
Randolph,VA,36.9515,-78.7054
Randolph,VT,43.9444,-72.6726
Randolph,WI,43.53745,-89.0049
Randolph Center,VT,43.9379,-72.597
Random Lake,WI,43.5672,-87.9816
Randsburg,CA,35.3866,-117.7159
Range,AL,31.3058,-87.2137
Rangeley,ME,44.9631,-70.6658
Rangely,CO,40.0828,-108.7991
Ranger,GA,34.5404,-84.727
Ranger,TX,32.4681,-98.6747
Ranger,WV,38.097,-82.1633
Ranier,MN,48.613,-93.3488
Rankin,IL,40.4559,-87.8884
Rankin,TX,31.2266,-101.9441
Ransom,IL,41.153,-88.6502
Ransom,KS,38.64,-99.9267
Ransom,KY,37.5426,-82.2085
Ransom,PA,41.3945,-75.8242
Ransom Canyon,TX,33.5334,-101.6796
Ransomville,NY,43.2286,-78.8982
Ranson,WV,39.2995,-77.8606
Rantoul,IL,40.3107,-88.1462
Rantoul,KS,38.5666,-95.1234
Rapelje,MT,45.9795,-109.2761
Raphine,VA,37.9374,-79.2219
Rapid City,MI,44.8449,-85.2943
Rapid City,SD,44.0673,-103.26438
Rapid River,MI,45.9107,-86.8845
Rapidan,VA,38.3392,-78.0476
Rapids City,IL,41.5817,-90.3435
Rappahannock Academy,VA,38.2079,-77.2502
Raquette Lake,NY,43.8131,-74.6574
Rarden,OH,38.9577,-83.2365
Raritan,IL,40.6959,-90.8274
Raritan,NJ,40.5711,-74.6377
Ratcliff,AR,35.2917,-93.8899
Ratcliff,TX,31.3916,-95.1397
Rathdrum,ID,47.8241,-116.8873
Ratliff City,OK,34.449,-97.5095
Raton,NM,36.8952,-104.4349
Rattan,OK,34.2454,-95.3442
Ravalli,MT,47.2772,-114.1807
Raven,KY,37.4043,-82.8261
Raven,VA,37.1481,-81.8896
Ravena,NY,42.4754,-73.822
Ravencliff,WV,37.7141,-81.4895
Ravendale,CA,40.7985,-120.3652
Ravenden,AR,36.2029,-91.2593
Ravenden Springs,AR,36.3104,-91.2094
Ravenel,SC,32.7881,-80.2223
Ravenna,KY,37.6867,-83.9387
Ravenna,MI,43.2091,-85.9648
Ravenna,NE,41.0233,-98.9041
Ravenna,OH,41.1649,-81.2337
Ravenna,TX,33.7098,-96.1452
Ravensdale,WA,47.3407,-121.8874
Ravenswood,WV,38.9468,-81.7524
Ravenwood,MO,40.3579,-94.6805
Ravia,OK,34.244,-96.7529
Ravine,PA,40.5745,-76.4038
Rawl,WV,37.6498,-82.2196
Rawlings,MD,39.5214,-78.9062
Rawlings,VA,36.953,-77.8237
Rawlins,WY,41.7951,-107.2349
Rawson,OH,40.9589,-83.7841
Ray,MI,42.754,-82.9163
Ray,ND,48.3217,-103.1654
Ray,OH,39.2077,-82.6908
Ray Brook,NY,44.2802,-74.0795
Ray City,GA,31.0825,-83.2143
Rayland,OH,40.2083,-80.7125
Rayle,GA,33.7856,-82.9504
Raymond,CA,37.279,-119.8766
Raymond,IA,42.4672,-92.2162
Raymond,IL,39.3106,-89.5851
Raymond,KS,38.2877,-98.4119
Raymond,ME,43.9219,-70.4498
Raymond,MN,45.0181,-95.2208
Raymond,MS,32.1961,-90.4753
Raymond,MT,48.8764,-104.5802
Raymond,NE,40.9342,-96.7866
Raymond,NH,43.0325,-71.1912
Raymond,OH,40.338,-83.4655
Raymond,SD,44.8637,-97.9168
Raymond,WA,46.671,-123.6929
Raymondville,MO,37.3569,-91.8131
Raymondville,NY,44.8287,-74.9798
Raymondville,TX,26.4792,-97.7967
Raymore,MO,38.8019,-94.4529
Rayne,LA,30.2349,-92.2685
Raynesford,MT,47.2604,-110.7047
Raynham,MA,41.9324,-71.0469
Raynham Center,MA,41.7562,-71.0671
Raysal,WV,37.3244,-81.7614
Rayville,LA,32.4456,-91.7433
Rayville,MO,39.3853,-94.0284
Raywick,KY,37.538,-85.43
Raywood,TX,30.0542,-94.6764
Rea,MO,40.0593,-94.7002
Reader,WV,39.5836,-80.7516
Readfield,ME,44.4032,-69.9506
Readfield,WI,44.27,-88.7755
Reading,KS,38.529,-95.9895
Reading,MA,42.528,-71.109
Reading,MI,41.8442,-84.7648
Reading,MN,43.7136,-95.7389
Reading,PA,40.34839,-75.94666
Reading,VT,43.4793,-72.5704
Reading Center,NY,42.4297,-76.9258
Readington,NJ,40.5687,-74.7377
Readlyn,IA,42.6929,-92.2154
Reads Landing,MN,44.3977,-92.0893
Readsboro,VT,42.7837,-72.9609
Readstown,WI,43.4508,-90.7579
Readville,MA,42.2404,-71.137
Readyville,TN,35.7989,-86.2415
Reagan,TN,35.5096,-88.3508
Reagan,TX,31.1871,-96.7998
Realitos,TX,27.4184,-98.514
Reamstown,PA,40.2099,-76.1164
Reardan,WA,47.7054,-117.8663
Reasnor,IA,41.5798,-93.0198
Rebecca,GA,31.7979,-83.5235
Rebersburg,PA,40.9549,-77.4053
Rebuck,PA,40.7141,-76.6886
Recluse,WY,44.7861,-105.776
Rector,AR,36.2672,-90.2702
Rector,PA,40.1864,-79.2473
Rectortown,VA,38.9163,-77.8648
Red Ash,VA,37.1134,-81.871
Red Bank,NJ,40.3584,-74.0681
Red Banks,MS,34.8937,-89.5649
Red Bay,AL,34.4513,-88.1129
Red Bluff,CA,40.1795,-122.2383
Red Boiling Springs,TN,36.5177,-85.8662
Red Bud,IL,38.1907,-89.9884
Red Cliff,CO,39.5122,-106.3681
Red Cloud,NE,40.0952,-98.5187
Red Creek,NY,43.2291,-76.7146
Red Creek,WV,39.1179,-79.5637
Red Devil,AK,61.7611,-157.3125
Red Feather Lakes,CO,40.8659,-105.6893
Red Hill,PA,40.3758,-75.4846
Red Hook,NY,42.0064,-73.8546
Red House,VA,37.1914,-78.8145
Red House,WV,38.5463,-81.9045
Red Jacket,WV,37.6484,-82.1401
Red Lake Falls,MN,47.8823,-96.2681
Red Level,AL,31.4399,-86.6121
Red Lion,PA,39.9026,-76.6081
Red Lodge,MT,45.1965,-109.2688
Red Mountain,CA,35.3479,-117.6214
Red Oak,GA,33.6259,-84.5163
Red Oak,IA,41.0191,-95.19155
Red Oak,NC,36.0548,-77.9116
Red Oak,OK,34.9422,-95.0904
Red Oak,TX,32.5185,-96.8071
Red Oak,VA,36.7724,-78.6321
Red River,NM,36.6659,-105.4694
Red Rock,AZ,32.58,-111.341
Red Rock,OK,36.4748,-97.164
Red Rock,TX,29.9906,-97.4081
Red Springs,NC,34.8083,-79.1636
Red Valley,AZ,35.2375,-109.5229
Red Wing,MN,44.5528,-92.5486
Redan,GA,33.7454,-84.1316
Redbird,OK,35.8836,-95.5917
Redby,MN,47.8689,-94.9404
Redcrest,CA,40.3437,-123.9095
Reddell,LA,30.675,-92.4265
Reddick,FL,29.3754,-82.244
Reddick,IL,41.1005,-88.2089
Redding,CA,40.6302,-122.35958
Redding,CT,41.2711,-73.3863
Redding,IA,40.6053,-94.3595
Redding Center,CT,41.3089,-73.3637
Redding Ridge,CT,41.314,-73.3504
Redfield,AR,34.4526,-92.1758
Redfield,IA,41.5873,-94.1897
Redfield,KS,37.8367,-94.8805
Redfield,NY,43.5658,-75.8242
Redfield,SD,44.8719,-98.5112
Redford,MI,42.401,-83.2953
Redford,MO,37.32,-90.8985
Redford,NY,44.6164,-73.8087
Redford,TX,29.4702,-104.0055
Redfox,KY,37.2172,-82.9424
Redgranite,WI,44.0438,-89.0981
Redig,SD,45.2711,-103.5482
Redkey,IN,40.3265,-85.162
Redlake,MN,47.8654,-95.0643
Redlands,CA,34.05343,-117.1767
Redmon,IL,39.6453,-87.8617
Redmond,OR,44.2767,-121.1896
Redmond,UT,39.0061,-111.8619
Redmond,WA,47.664,-122.09443
Redondo Beach,CA,33.8507,-118.37735
Redrock,NM,32.6862,-108.7381
Redstone,MT,48.728,-104.9402
Redvale,CO,38.1865,-108.3895
Redwater,TX,33.358,-94.2571
Redway,CA,40.1201,-123.8234
Redwood,MS,32.4867,-90.7859
Redwood,NY,44.3211,-75.815
Redwood,VA,37.0069,-79.9139
Redwood City,CA,37.45698,-122.26378
Redwood Estates,CA,37.1584,-121.986
Redwood Falls,MN,44.5394,-95.1169
Redwood Valley,CA,39.2779,-123.2243
Ree Heights,SD,44.5603,-99.2286
Reed,KY,37.8588,-87.3704
Reed City,MI,43.8868,-85.513
Reed Point,MT,45.7439,-109.5224
Reeder,ND,46.1116,-102.9405
Reeders,PA,41.019,-75.336
Reedley,CA,36.6044,-119.4378
Reeds,MO,37.1225,-94.1613
Reeds Spring,MO,36.6907,-93.3447
Reedsburg,WI,43.4627,-89.9759
Reedsport,OR,43.7023,-124.0968
Reedsville,OH,39.149,-81.7924
Reedsville,PA,40.6722,-77.6116
Reedsville,WI,44.1576,-87.966
Reedsville,WV,39.5127,-79.812
Reedville,VA,37.857,-76.2829
Reedy,WV,38.8889,-81.4399
Reelsville,IN,39.5464,-86.95
Reese,MI,43.4531,-83.7015
Reeseville,WI,43.3013,-88.8571
Reesville,OH,39.4805,-83.6772
Reeves,LA,30.521,-93.0477
Reevesville,SC,33.1872,-80.6672
Reform,AL,33.3959,-88.0203
Refton,PA,39.9469,-76.2322
Refugio,TX,28.3169,-97.2767
Regan,ND,47.1527,-100.5224
Regent,ND,46.4235,-102.5684
Regina,KY,37.3744,-82.3831
Regina,NM,36.1842,-106.9567
Register,GA,32.3382,-81.8728
Rego Park,NY,40.7278,-73.8602
Rehobeth,MD,38.039,-75.663
Rehoboth,MA,41.8515,-71.2545
Rehoboth,NM,35.5289,-108.6548
Rehoboth Beach,DE,38.7209,-75.076
Rehrersburg,PA,40.4553,-76.2453
Reidsville,GA,32.07085,-82.13285
Reidsville,NC,36.36765,-79.71865
Reidville,SC,34.8636,-82.1101
Reinbeck,IA,42.3131,-92.5948
Reinholds,PA,40.2688,-76.1013
Reisterstown,MD,39.46,-76.8135
Reklaw,TX,31.8859,-95.0118
Reliance,SD,43.8789,-99.6032
Reliance,TN,35.1807,-84.541
Reliance,WY,41.6698,-109.1919
Rembert,SC,34.1085,-80.4945
Rembrandt,IA,42.826,-95.1652
Remer,MN,47.0874,-93.9196
Remington,IN,40.7667,-87.1599
Remington,VA,38.5309,-77.8037
Remlap,AL,33.8168,-86.6008
Remsen,IA,42.8149,-95.9544
Remsen,NY,43.3385,-75.1616
Remsenburg,NY,40.8086,-72.7064
Remus,MI,43.6032,-85.1574
Rena Lara,MS,34.1412,-90.7865
Renault,IL,38.1521,-90.1346
Renfrew,PA,40.81,-79.977
Renfro Valley,KY,37.3879,-84.3316
Renick,MO,39.3414,-92.411
Renick,WV,37.9922,-80.3653
Renner,SD,43.6366,-96.7119
Reno,NV,39.53615,-119.81462
Reno,OH,39.4585,-81.2673
Reno,PA,41.411,-79.7493
Renovo,PA,41.3334,-77.7448
Rensselaer,IN,40.9948,-87.1037
Rensselaer,NY,42.6359,-73.7219
Rensselaer Falls,NY,44.5943,-75.3237
Rensselaerville,NY,42.5133,-74.1474
Rentiesville,OK,35.5214,-95.495
Renton,WA,47.47916,-122.1694
Rentz,GA,32.3799,-82.967
Renville,MN,44.7776,-95.1989
Renwick,IA,42.8491,-94.0074
Represa,CA,38.7065,-121.1694
Repton,AL,31.4256,-87.172
Republic,KS,39.9376,-97.8435
Republic,MI,46.368,-87.9938
Republic,MO,37.123,-93.48
Republic,OH,41.1259,-83.0194
Republic,PA,39.9626,-79.8767
Republic,WA,48.6704,-118.6999
Republican City,NE,40.1034,-99.2322
Resaca,GA,34.5833,-84.9068
Rescue,CA,38.7194,-120.9945
Rescue,VA,36.9969,-76.5645
Reseda,CA,34.2009,-118.5378
Reserve,LA,30.0603,-90.5518
Reserve,MT,48.5905,-104.6279
Reserve,NM,33.7131,-108.7578
Reston,VA,38.8949,-77.31713
Retsil,WA,47.5459,-122.6112
Retsof,NY,42.8343,-77.8779
Reubens,ID,46.3361,-116.5333
Reva,SD,45.5277,-103.0692
Reva,VA,38.4604,-78.1572
Revelo,KY,36.6734,-84.4722
Revere,MA,42.4138,-71.0052
Revere,MN,44.2391,-95.3557
Revere,MO,40.5172,-91.6753
Revere,PA,40.5154,-75.161
Revillo,SD,45.0805,-96.5557
Revloc,PA,40.49,-78.7646
Rew,PA,41.9015,-78.5392
Rewey,WI,42.8594,-90.3804
Rex,GA,33.5808,-84.2782
Rex,NC,34.8543,-79.0642
Rexburg,ID,43.80403,-111.75657
Rexford,KS,39.4267,-100.7461
Rexford,MT,48.9179,-115.2129
Rexford,NY,42.8524,-73.8701
Rexmont,PA,40.2771,-76.3857
Rexville,NY,42.0726,-77.6767
Reydell,AR,34.1715,-91.5656
Reydon,OK,35.6576,-99.9166
Reyno,AR,36.3744,-90.7676
Reynolds,GA,32.5541,-84.1011
Reynolds,IL,41.3277,-90.6384
Reynolds,IN,40.7606,-86.8691
Reynolds,MO,37.4009,-91.0735
Reynolds,ND,47.7068,-97.2092
Reynolds,NE,40.0598,-97.3806
Reynolds Station,KY,37.7403,-86.7414
Reynoldsburg,OH,39.9553,-82.80135
Reynoldsville,PA,41.097,-78.8886
Reynoldsville,WV,39.2884,-80.4348
Rhame,ND,46.1664,-103.7079
Rheems,PA,40.1301,-76.5705
Rhine,GA,31.938,-83.1837
Rhinebeck,NY,41.9272,-73.8888
Rhinecliff,NY,41.9151,-73.9517
Rhinehart,LA,31.6377,-92.0068
Rhineland,MO,38.7942,-91.5737
Rhinelander,WI,45.7045,-89.3866
Rhoadesville,VA,38.2863,-77.923
Rhodelia,KY,38.006,-86.3984
Rhodell,WV,37.6254,-81.2749
Rhodes,IA,41.9177,-93.1796
Rhodes,MI,43.8517,-84.2134
Rhodesdale,MD,38.603,-75.7749
Rhodhiss,NC,35.7772,-81.4302
Rhododendron,OR,45.3465,-121.9151
Rhome,TX,33.054,-97.4817
Rialto,CA,34.13465,-117.39065
Rib Lake,WI,45.2984,-90.1763
Ribera,NM,35.3344,-105.4652
Rice,MN,45.7364,-94.1658
Rice,TX,32.2258,-96.4606
Rice,VA,37.2721,-78.2793
Rice,WA,48.4062,-118.1249
Rice Lake,WI,45.5061,-91.7382
Riceboro,GA,31.7357,-81.4671
Rices Landing,PA,39.944,-79.9857
Ricetown,KY,37.3871,-83.6752
Riceville,IA,43.3719,-92.5554
Riceville,PA,41.7776,-79.8028
Riceville,TN,35.3731,-84.6951
Rich Creek,VA,37.385,-80.8227
Rich Hill,MO,38.0944,-94.3635
Rich Square,NC,36.2773,-77.2969
Richards,MO,37.9061,-94.5592
Richards,TX,30.5796,-95.8959
Richardson,TX,32.88666,-96.73844
Richardsville,VA,38.3924,-77.7195
Richardton,ND,46.8426,-102.292
Richboro,PA,40.2167,-75.0029
Richburg,NY,42.0884,-78.1533
Richburg,SC,34.6822,-80.9891
Richey,MT,47.6229,-105.017
Richeyville,PA,40.0563,-79.9926
Richfield,ID,43.0588,-114.1508
Richfield,KS,37.2834,-101.7004
Richfield,NC,35.4541,-80.2838
Richfield,OH,41.2371,-81.6467
Richfield,PA,40.6884,-77.1223
Richfield,UT,38.7388,-112.0744
Richfield,WI,43.2739,-88.2155
Richfield Springs,NY,42.8402,-74.9716
Richford,NY,42.3945,-76.1865
Richford,VT,44.9715,-72.6905
Richgrove,CA,35.805,-119.1315
Richland,GA,32.0846,-84.6667
Richland,IA,41.1939,-91.9739
Richland,IN,37.9136,-87.201
Richland,MI,42.3757,-85.4447
Richland,MO,37.8528,-92.3962
Richland,MS,32.2287,-90.1591
Richland,MT,48.6507,-106.1192
Richland,NJ,39.485,-74.8776
Richland,NY,43.5776,-76.0029
Richland,OR,44.797,-117.3018
Richland,PA,40.3806,-76.2654
Richland,SC,34.7641,-83.0883
Richland,TX,31.9018,-96.4373
Richland,WA,46.28895,-119.29735
Richland Center,WI,43.3661,-90.4302
Richland Springs,TX,31.3003,-98.9128
Richlands,NC,34.8624,-77.5863
Richlands,VA,37.0941,-81.8123
Richlandtown,PA,40.4796,-75.3146
Richmond,CA,37.93591,-122.3444
Richmond,IL,42.4669,-88.29
Richmond,IN,39.83065,-84.8919
Richmond,KS,38.4074,-95.2489
Richmond,KY,37.75125,-84.2951
Richmond,MA,42.3784,-73.3645
Richmond,ME,44.1042,-69.8211
Richmond,MI,42.8389,-82.7996
Richmond,MN,45.4605,-94.5361
Richmond,MO,39.2793,-93.9792
Richmond,OH,40.4261,-80.7613
Richmond,TX,29.61907,-95.7527
Richmond,UT,41.9282,-111.8069
Richmond,VA,37.52802,-77.47424
Richmond,VT,44.3873,-72.9533
Richmond Dale,OH,39.2039,-82.812
Richmond Hill,GA,31.8962,-81.294
Richmond Hill,NY,40.6982,-73.8345
Richmondville,NY,42.6424,-74.571
Richton,MS,31.3434,-88.9101
Richton Park,IL,41.4819,-87.7238
Richvale,CA,39.4959,-121.748
Richview,IL,38.4082,-89.1756
Richville,MI,43.4073,-83.6762
Richville,MN,46.4434,-95.7924
Richville,NY,44.44,-75.3777
Richwood,MN,46.9747,-95.8228
Richwood,NJ,39.7206,-75.1681
Richwood,OH,40.437,-83.3136
Richwood,WV,38.223,-80.5445
Richwoods,MO,38.1496,-90.831
Ricketts,IA,42.1304,-95.5746
Rickman,TN,36.2812,-85.3048
Rickreall,OR,45.02,-123.2064
Rico,CO,37.6905,-108.0324
Riddle,OR,42.9389,-123.3612
Riddlesburg,PA,40.162,-78.2545
Riddleton,TN,36.3506,-86.0335
Riderwood,MD,39.4093,-76.6486
Ridge,MD,38.1169,-76.3711
Ridge,NY,40.9018,-72.8881
Ridge Farm,IL,39.9155,-87.6346
Ridge Spring,SC,33.8714,-81.6559
Ridgecrest,CA,35.6225,-117.6709
Ridgecrest,NC,35.6186,-82.3005
Ridgedale,MO,36.5247,-93.2778
Ridgefield,CT,41.2896,-73.49775
Ridgefield,NJ,40.8326,-74.0015
Ridgefield,WA,45.7846,-122.6934
Ridgefield Park,NJ,40.8562,-74.023
Ridgeland,MS,32.42035,-90.1265
Ridgeland,SC,32.4807,-80.9804
Ridgeland,WI,45.1868,-91.879
Ridgeley,WV,39.5636,-78.7887
Ridgely,MD,38.9568,-75.8848
Ridgely,TN,36.2638,-89.4858
Ridgetop,TN,36.4025,-86.7722
Ridgeview,SD,45.2024,-100.605
Ridgeview,WV,38.1486,-81.7725
Ridgeville,IN,40.2804,-85.0371
Ridgeville,SC,33.108,-80.3086
Ridgeville Corners,OH,41.4351,-84.2544
Ridgeway,IA,43.2979,-92.0034
Ridgeway,MO,40.3999,-93.9575
Ridgeway,NC,36.4357,-78.2367
Ridgeway,OH,40.5209,-83.5702
Ridgeway,SC,34.3167,-80.9288
Ridgeway,VA,36.5874,-79.8686
Ridgeway,WI,43.0077,-89.9889
Ridgeway,WV,39.2973,-78.0717
Ridgewood,NJ,40.98065,-74.1148
Ridgewood,NY,40.70185,-73.9009
Ridgway,CO,38.1381,-107.7533
Ridgway,IL,37.8042,-88.2612
Ridgway,PA,41.3621,-78.7262
Ridley Park,PA,39.8784,-75.3215
Ridott,IL,42.2996,-89.4627
Riegelsville,PA,40.5782,-75.2191
Riegelwood,NC,34.3471,-78.2575
Rienzi,MS,34.7968,-88.5795
Riesel,TX,31.5002,-96.9476
Rifle,CO,39.5491,-107.7898
Rifton,NY,41.8403,-74.0306
Riga,MI,41.7953,-83.8011
Rigby,ID,43.6715,-111.9005
Riggins,ID,45.397,-116.3006
Riley,IN,39.39,-87.3
Riley,KS,39.3005,-96.8222
Riley,OR,43.3886,-119.8798
Rileyville,VA,38.7564,-78.3873
Rillito,AZ,32.4148,-111.1562
Rillton,PA,40.2872,-79.7262
Rimersburg,PA,41.0411,-79.5017
Rimforest,CA,34.2297,-117.225
Rimrock,AZ,34.638,-111.7842
Rinard,IL,38.5806,-88.4641
Rincon,GA,32.296,-81.2354
Rincon,NM,32.6597,-107.0643
Rindge,NH,42.7544,-72.019
Riner,VA,37.0322,-80.4353
Rineyville,KY,37.7525,-85.9954
Ringgold,GA,34.9205,-85.1549
Ringgold,LA,32.3263,-93.2982
Ringgold,PA,40.9997,-79.1766
Ringgold,TX,33.8164,-97.944
Ringgold,VA,36.6035,-79.2988
Ringle,WI,44.9238,-89.4328
Ringling,MT,46.2716,-110.8072
Ringling,OK,34.1679,-97.6029
Ringoes,NJ,40.4459,-74.8288
Ringold,OK,34.1799,-95.0704
Ringsted,IA,43.2977,-94.5291
Ringtown,PA,40.8559,-76.2349
Ringwood,IL,42.4048,-88.3054
Ringwood,NJ,41.0928,-74.2659
Ringwood,OK,36.3753,-98.2706
Rio,IL,41.1103,-90.39
Rio,WI,43.4231,-89.2354
Rio,WV,39.1847,-78.727
Rio Dell,CA,40.4987,-124.1102
Rio Frio,TX,29.6495,-99.7165
Rio Grande,NJ,39.0196,-74.8756
Rio Grande,OH,38.8814,-82.3782
Rio Grande City,TX,26.3942,-98.8104
Rio Hondo,TX,26.2339,-97.5513
Rio Linda,CA,38.6895,-121.4479
Rio Medina,TX,29.4612,-98.8694
Rio Nido,CA,38.521,-122.9769
Rio Oso,CA,38.967,-121.4773
Rio Rancho,NM,35.20587,-106.6882
Rio Rico,AZ,31.5084,-111.0757
Rio Verde,AZ,33.7225,-111.6757
Rio Vista,CA,38.1637,-121.7016
Rio Vista,TX,32.2532,-97.3678
Rion,SC,34.3074,-81.1252
Riparius,NY,43.6617,-73.8971
Ripley,MS,34.7509,-88.924
Ripley,NY,42.2482,-79.7121
Ripley,OH,38.7551,-83.8227
Ripley,OK,35.9985,-96.8967
Ripley,TN,35.7527,-89.535
Ripley,WV,38.809,-81.702
Ripon,CA,37.7491,-121.1284
Ripon,WI,43.8454,-88.8424
Rippey,IA,41.9257,-94.2132
Ripplemead,VA,37.3665,-80.6717
Rippon,WV,39.3159,-77.8772
Ripton,VT,43.9929,-73.0187
Ririe,ID,43.5197,-111.5266
Risco,MO,36.5534,-89.8179
Rising City,NE,41.2082,-97.3032
Rising Fawn,GA,34.8139,-85.5019
Rising Star,TX,32.128,-98.9859
Rising Sun,IN,38.9567,-84.8807
Rising Sun,MD,39.6882,-76.0492
Risingsun,OH,41.2706,-83.4326
Rison,AR,33.9453,-92.1188
Rittman,OH,40.9684,-81.7826
Ritzville,WA,47.1315,-118.3958
Riva,MD,38.9504,-76.5854
River,KY,37.8795,-82.7251
River Edge,NJ,40.9265,-74.0392
River Falls,AL,31.3533,-86.541
River Falls,WI,44.855,-92.6313
River Forest,IL,41.8951,-87.8159
River Grove,IL,41.9279,-87.8387
River Pines,CA,38.5463,-120.743
River Ranch,FL,27.7686,-81.1966
River Rouge,MI,42.2692,-83.1364
Riverbank,CA,37.7298,-120.942
Riverdale,CA,36.4295,-119.872
Riverdale,GA,33.5599,-84.41835
Riverdale,IL,41.6496,-87.6301
Riverdale,MD,38.89685,-76.8962
Riverdale,MI,43.4017,-84.8429
Riverdale,ND,47.4975,-101.3713
Riverdale,NE,40.8524,-99.1611
Riverdale,NJ,40.9931,-74.3088
Riverhead,NY,40.9262,-72.652
Riverside,AL,33.6166,-86.1996
Riverside,CA,33.95069,-117.39745
Riverside,CT,41.038,-73.5811
Riverside,IA,41.4758,-91.5741
Riverside,IL,41.8379,-87.8213
Riverside,MI,42.1834,-86.3828
Riverside,MO,39.1776,-94.6321
Riverside,NJ,40.0293,-74.9497
Riverside,OR,43.5099,-118.0986
Riverside,PA,40.9529,-76.6311
Riverside,RI,41.7723,-71.3542
Riverside,TX,30.853,-95.4036
Riverside,UT,41.7868,-112.1467
Riverside,WA,48.4876,-119.5803
Riverton,CT,41.9686,-73.0145
Riverton,IA,40.6629,-95.5773
Riverton,IL,39.8663,-89.5087
Riverton,KS,37.081,-94.7175
Riverton,NE,40.1016,-98.7858
Riverton,NJ,40.00675,-75.00505
Riverton,UT,40.4954,-111.9444
Riverton,WV,38.744,-79.4359
Riverton,WY,43.0351,-108.2024
Rivervale,AR,35.674,-90.3401
Riverview,FL,27.84567,-82.34418
Riverview,MI,42.1782,-83.2461
Rives,MO,36.0937,-90.0134
Rives,TN,36.3108,-89.0731
Rives Junction,MI,42.3887,-84.4589
Rivesville,WV,39.5568,-80.1417
Riviera,TX,27.3217,-97.7787
Rixeyville,VA,38.5852,-78.0282
Rixford,PA,41.9262,-78.4942
Roach,MO,38.1025,-92.9148
Roachdale,IN,39.8325,-86.7902
Roan Mountain,TN,36.1773,-82.081
Roann,IN,40.9482,-85.9301
Roanoke,AL,33.1512,-85.3722
Roanoke,IL,40.7956,-89.2093
Roanoke,IN,40.96,-85.3526
Roanoke,LA,30.2464,-92.7421
Roanoke,TX,33.0211,-97.2127
Roanoke,VA,37.28366,-79.95164
Roanoke Rapids,NC,36.4461,-77.6731
Roans Prairie,TX,30.6075,-95.9579
Roaring Branch,PA,41.5692,-76.9421
Roaring Gap,NC,36.3836,-81.0188
Roaring River,NC,36.1916,-81.0004
Roaring Spring,PA,40.3277,-78.3928
Roaring Springs,TX,33.8977,-100.8528
Roark,KY,37.0226,-83.5152
Robards,KY,37.6758,-87.5266
Robbins,CA,38.8702,-121.7052
Robbins,IL,41.6423,-87.7089
Robbins,NC,35.4528,-79.582
Robbins,TN,36.3527,-84.5904
Robbinston,ME,45.067,-67.1433
Robbinsville,NC,35.3259,-83.7888
Robeline,LA,31.7715,-93.321
Robersonville,NC,35.8218,-77.26
Robert,LA,30.5063,-90.3352
Robert Lee,TX,31.8951,-100.5104
Roberta,GA,32.7222,-84.0451
Roberts,ID,43.7116,-112.1196
Roberts,IL,40.6193,-88.1804
Roberts,MT,45.3672,-109.1769
Roberts,WI,44.9874,-92.5598
Robertsdale,AL,30.5616,-87.6373
Robertsdale,PA,40.1787,-78.1117
Robertson,WY,41.0993,-110.5007
Robertsville,MO,38.3816,-90.8016
Robertsville,OH,40.7647,-81.1879
Robesonia,PA,40.3553,-76.1366
Robins,IA,42.0731,-91.6648
Robinson,IL,39.007,-87.7484
Robinson,KS,39.8182,-95.4567
Robinson,ND,47.1749,-99.7457
Robinson,PA,40.4042,-79.1395
Robinson Creek,KY,37.3799,-82.5616
Robinsonville,MS,34.8093,-90.3052
Robson,WV,38.0973,-81.2488
Robstown,TX,27.7984,-97.6995
Roby,MO,37.5156,-92.139
Roby,TX,32.722,-100.4008
Roca,NE,40.6702,-96.6391
Rochdale,MA,42.1997,-71.9069
Rochelle,GA,31.9491,-83.445
Rochelle,IL,41.9282,-89.071
Rochelle,TX,31.3,-99.1572
Rochelle,VA,38.3215,-78.3042
Rochelle Park,NJ,40.9057,-74.079
Rocheport,MO,38.9756,-92.5079
Rochert,MN,46.8862,-95.7246
Rochester,IL,39.7182,-89.5649
Rochester,IN,41.0655,-86.231
Rochester,KY,37.2048,-86.8592
Rochester,MA,41.7591,-70.8523
Rochester,MI,42.68218,-83.14915
Rochester,MN,44.0317,-92.4639
Rochester,NH,43.29775,-70.96905
Rochester,NY,43.1981,-77.63659
Rochester,PA,40.7157,-80.2603
Rochester,TX,33.3105,-99.8594
Rochester,VT,43.8804,-72.8159
Rochester,WA,46.8193,-123.0406
Rochester,WI,42.7414,-88.2243
Rochester Mills,PA,40.8308,-78.9892
Rociada,NM,35.8226,-105.3147
Rock,KS,37.4413,-97.0059
Rock,MI,46.0503,-87.1331
Rock,WV,37.4142,-81.1784
Rock Camp,OH,38.5367,-82.5327
Rock Cave,WV,38.7811,-80.3163
Rock City,IL,42.4103,-89.4759
Rock City Falls,NY,43.0662,-73.9215
Rock Creek,MN,45.7575,-92.9624
Rock Creek,OH,41.6603,-80.8606
Rock Creek,WV,37.8547,-81.4184
Rock Falls,IA,43.2066,-93.0857
Rock Falls,IL,41.7665,-89.6925
Rock Falls,WI,44.7186,-91.6899
Rock Glen,PA,40.9654,-76.1844
Rock Hall,MD,39.1344,-76.2305
Rock Hill,NY,41.6134,-74.5872
Rock Hill,SC,34.9722,-81.11958
Rock Island,IL,41.52217,-90.57413
Rock Island,TN,35.7668,-85.6788
Rock Island,TX,29.5311,-96.5752
Rock Island,WA,47.3706,-120.1378
Rock Point,AZ,36.7181,-109.6259
Rock Point,MD,38.2836,-76.8481
Rock Port,MO,40.4306,-95.5274
Rock Rapids,IA,43.4272,-96.1781
Rock River,WY,41.7461,-105.9746
Rock Spring,GA,34.8065,-85.2415
Rock Springs,WI,43.4681,-89.9218
Rock Springs,WY,41.59675,-109.21645
Rock Stream,NY,42.4485,-76.9364
Rock Tavern,NY,41.4575,-74.1659
Rock Valley,IA,43.2014,-96.3103
Rock View,WV,37.6179,-81.539
Rockaway,NJ,40.9229,-74.5094
Rockaway Beach,MO,36.7137,-93.1715
Rockaway Beach,OR,45.6134,-123.9429
Rockaway Park,NY,40.5766,-73.8428
Rockbridge,IL,39.2831,-90.2558
Rockbridge,MO,36.7895,-92.4091
Rockbridge,OH,39.5509,-82.5626
Rockbridge Baths,VA,37.8965,-79.3874
Rockdale,TX,30.6583,-97.0079
Rockfall,CT,41.5341,-72.6997
Rockfield,IN,40.6411,-86.5739
Rockfield,KY,36.9241,-86.5979
Rockford,AL,32.878,-86.24
Rockford,IA,43.0573,-92.952
Rockford,IL,42.28476,-89.08966
Rockford,MI,43.1176,-85.5368
Rockford,MN,45.08825,-93.72905
Rockford,OH,40.6771,-84.6642
Rockford,TN,35.8305,-83.9412
Rockford,WA,47.4528,-117.1318
Rockham,SD,44.8767,-98.8669
Rockhill Furnace,PA,40.2414,-77.8995
Rockholds,KY,36.8242,-84.104
Rockhouse,KY,37.3316,-82.4626
Rockingham,NC,34.9639,-79.76695
Rocklake,ND,48.8216,-99.1796
Rockland,DE,39.7939,-75.5738
Rockland,ID,42.5556,-112.854
Rockland,MA,42.1293,-70.9133
Rockland,ME,44.1123,-69.1139
Rockland,MI,46.7537,-89.1958
Rockland,WI,43.9064,-90.9193
Rockledge,FL,28.3216,-80.7321
Rockledge,GA,32.3915,-82.7479
Rocklin,CA,38.80065,-121.25215
Rockmart,GA,33.9979,-85.0594
Rockport,IL,39.5328,-90.9722
Rockport,IN,37.8858,-87.077
Rockport,KY,37.3554,-87.0065
Rockport,MA,42.658,-70.6194
Rockport,ME,44.1888,-69.0901
Rockport,TX,28.02195,-97.0812
Rockport,WA,48.4704,-121.5554
Rockport,WV,39.0798,-81.5713
Rocksprings,TX,30.0188,-100.231
Rockton,IL,42.4544,-89.0887
Rockton,PA,41.0806,-78.6577
Rockvale,CO,38.3697,-105.1639
Rockvale,TN,35.745,-86.5352
Rockville,IN,39.7682,-87.1978
Rockville,MD,39.0872,-77.1466
Rockville,MN,45.4719,-94.3408
Rockville,MO,38.0766,-94.1299
Rockville,NE,41.1108,-98.8578
Rockville,RI,41.5199,-71.774
Rockville,UT,37.1601,-113.0425
Rockville,VA,37.7337,-77.7
Rockville Centre,NY,40.6612,-73.6396
Rockwall,TX,32.9176,-96.42565
Rockwell,IA,43.0032,-93.2167
Rockwell,NC,35.5494,-80.4226
Rockwell City,IA,42.3961,-94.6292
Rockwood,IL,37.8322,-89.6214
Rockwood,ME,45.8641,-69.8768
Rockwood,MI,42.0731,-83.2127
Rockwood,PA,39.9373,-79.1865
Rockwood,TN,35.8587,-84.6842
Rockwood,TX,31.5037,-99.3746
Rocky,OK,35.1526,-99.048
Rocky Comfort,MO,36.7175,-94.1091
Rocky Face,GA,34.7745,-85.0561
Rocky Ford,CO,38.049,-103.7251
Rocky Ford,GA,32.723,-81.7933
Rocky Gap,VA,37.2578,-81.1159
Rocky Hill,CT,41.6583,-72.6632
Rocky Hill,KY,37.0689,-86.1364
Rocky Hill,NJ,40.401,-74.64
Rocky Mount,MO,38.2911,-92.7059
Rocky Mount,NC,35.93808,-77.80338
Rocky Mount,VA,36.9891,-79.884
Rocky Point,NC,34.4344,-77.9234
Rocky Point,NY,40.9492,-72.9357
Rocky Ridge,MD,39.6057,-77.3296
Rocky Ridge,OH,41.5302,-83.2128
Rocky River,OH,41.4694,-81.8512
Rodanthe,NC,35.5935,-75.4679
Rodeo,CA,38.0307,-122.2581
Rodeo,NM,31.8358,-109.0322
Roderfield,WV,37.4504,-81.7057
Rodessa,LA,32.9701,-93.9885
Rodman,NY,43.8622,-75.8719
Rodney,IA,42.198,-95.9769
Rodney,MI,43.7379,-85.3219
Roduco,NC,36.4618,-76.8125
Roe,AR,34.6286,-91.3771
Roebling,NJ,40.1154,-74.7772
Roebuck,SC,34.8688,-81.9526
Roff,OK,34.6153,-96.8423
Rogers,AR,36.3284,-94.12927
Rogers,CT,41.8391,-71.9063
Rogers,KY,37.7093,-83.6314
Rogers,MN,45.1715,-93.5814
Rogers,ND,47.0741,-98.2136
Rogers,NE,41.4653,-96.915
Rogers,NM,33.9216,-103.1898
Rogers,OH,40.7789,-80.6202
Rogers,TX,30.955,-97.2228
Rogers City,MI,45.4123,-83.8355
Rogerson,ID,42.218,-114.5942
Rogersville,AL,34.8495,-87.3237
Rogersville,MO,37.131,-93.0964
Rogersville,PA,39.8765,-80.2758
Rogersville,TN,36.4162,-83.0108
Roggen,CO,40.0878,-104.282
Rogue River,OR,42.4889,-123.1587
Rohnert Park,CA,38.34207,-122.69877
Rohrersville,MD,39.4431,-77.658
Rohwer,AR,33.7609,-91.2757
Roland,AR,34.8829,-92.5192
Roland,IA,42.1646,-93.5063
Roland,OK,35.4538,-94.5291
Rolesville,NC,35.9156,-78.4658
Rolette,ND,48.7009,-99.8785
Rolfe,IA,42.8082,-94.5166
Roll,AZ,32.7517,-113.9891
Rolla,KS,37.1089,-101.6447
Rolla,MO,37.95043,-91.76763
Rolla,ND,48.8594,-99.6134
Rolling Fork,MS,32.8733,-90.8833
Rolling Meadows,IL,42.073,-88.0191
Rolling Prairie,IN,41.7229,-86.5841
Rollingbay,WA,47.6808,-122.5762
Rollingstone,MN,44.1025,-91.8158
Rollins,MT,47.9182,-114.225
Rollins Fork,VA,38.1849,-77.0622
Rollinsford,NH,43.2269,-70.8332
Rollinsville,CO,39.9172,-105.5011
Roma,TX,26.4215,-99.0025
Romance,AR,35.2155,-92.0699
Romayor,TX,30.4513,-94.8433
Rombauer,MO,36.8431,-90.2801
Rome,GA,34.2983,-85.21016
Rome,IA,40.9774,-91.6923
Rome,IL,40.8743,-89.5067
Rome,IN,37.9372,-86.534
Rome,MS,33.9632,-90.4784
Rome,NY,43.22445,-75.44795
Rome,OH,41.6053,-80.8709
Rome,PA,41.8634,-76.3015
Rome City,IN,41.4849,-85.3743
Romeo,CO,37.1721,-105.9858
Romeo,MI,42.84,-83.0388
Romeoville,IL,41.6404,-88.0696
Romney,IN,40.258,-86.9208
Romney,WV,39.3424,-78.7481
Romulus,MI,42.2223,-83.3966
Romulus,NY,42.7497,-76.8449
Ronald,WA,47.2503,-121.0456
Ronan,MT,47.5525,-114.1054
Ronceverte,WV,37.7418,-80.4626
Ronco,PA,39.8697,-79.9206
Ronda,NC,36.2059,-80.927
Ronkonkoma,NY,40.8083,-73.1305
Ronks,PA,40.0235,-76.16735
Roodhouse,IL,39.4846,-90.3498
Roopville,GA,33.4322,-85.1671
Roosevelt,AZ,33.6358,-110.9749
Roosevelt,MN,48.8279,-95.1119
Roosevelt,NJ,40.2214,-74.4747
Roosevelt,NY,40.6802,-73.5867
Roosevelt,OK,34.847,-98.9836
Roosevelt,TX,30.47,-100.0901
Roosevelt,UT,40.3102,-110.0108
Roosevelt,WA,45.8514,-120.3543
Rooseveltown,NY,44.9728,-74.731
Rootstown,OH,41.0995,-81.2026
Roper,NC,35.8994,-76.5809
Ropesville,TX,33.4575,-102.1584
Rosalia,KS,37.796,-96.6482
Rosalia,WA,47.2218,-117.4147
Rosalie,NE,42.0574,-96.4929
Rosamond,CA,34.8664,-118.3409
Rosamond,IL,39.3743,-89.1983
Rosanky,TX,29.9241,-97.3119
Rosburg,WA,46.3071,-123.6571
Roscoe,IL,42.4217,-88.9943
Roscoe,MN,45.4332,-94.6366
Roscoe,MO,37.9728,-93.8122
Roscoe,MT,45.268,-109.5658
Roscoe,NY,41.9609,-74.9346
Roscoe,PA,40.0787,-79.8656
Roscoe,SD,45.4271,-99.3326
Roscoe,TX,32.4276,-100.5391
Roscommon,MI,44.4839,-84.6601
Rose,NY,43.1448,-76.8608
Rose,OK,36.1951,-94.9643
Rose Bud,AR,35.3214,-92.062
Rose City,MI,44.4167,-84.1256
Rose Creek,MN,43.6036,-92.8319
Rose Hill,IA,41.3309,-92.472
Rose Hill,KS,37.5784,-97.1173
Rose Hill,MS,32.1489,-89.0011
Rose Hill,NC,34.8235,-78.0166
Rose Hill,VA,36.6583,-83.3486
Roseau,MN,48.7048,-95.7504
Roseboom,NY,42.708,-74.8025
Roseboro,NC,34.9639,-78.5133
Rosebud,MO,38.3853,-91.3974
Rosebud,MT,46.4352,-106.352
Rosebud,SD,43.2328,-100.8535
Rosebud,TX,31.0922,-96.9755
Roseburg,OR,43.22835,-123.37505
Rosebush,MI,43.6843,-84.7833
Rosedale,IN,39.6239,-87.3086
Rosedale,LA,30.4408,-91.4562
Rosedale,MD,39.3361,-76.5014
Rosedale,MS,33.8432,-90.9923
Rosedale,NY,40.6621,-73.7353
Rosedale,VA,36.9593,-81.9312
Rosedale,WV,38.7393,-80.9429
Roseglen,ND,47.696,-101.822
Roseland,FL,27.8359,-80.4931
Roseland,LA,30.7717,-90.5243
Roseland,NE,40.4591,-98.5551
Roseland,NJ,40.8203,-74.3047
Roseland,VA,37.8077,-78.9712
Roselawn,IN,41.1434,-87.322
Roselle,IL,41.9798,-88.0857
Roselle,NJ,40.653,-74.261
Roselle Park,NJ,40.6651,-74.267
Rosemary Beach,FL,30.2835,-86.0305
Rosemead,CA,34.07567,-118.07697
Rosemont,NJ,40.42,-74.9886
Rosemont,WV,39.2687,-80.1629
Rosemount,MN,44.7394,-93.1258
Rosenberg,TX,29.5497,-95.7982
Rosendale,MO,40.0399,-94.8328
Rosendale,NY,41.8402,-74.073
Rosendale,WI,43.7889,-88.6417
Rosenhayn,NJ,39.4782,-75.1313
Rosepine,LA,30.9243,-93.2749
Roseville,CA,38.75527,-121.28597
Roseville,IL,40.7238,-90.6514
Roseville,MI,42.5034,-82.9387
Roseville,OH,39.8187,-82.0792
Rosewood,OH,40.2158,-83.9579
Rosharon,TX,29.4203,-95.4537
Rosholt,SD,45.8753,-96.7174
Rosholt,WI,44.6622,-89.3356
Rosiclare,IL,37.424,-88.3462
Rosie,AR,35.6638,-91.534
Rosine,KY,37.449,-86.7389
Roslindale,MA,42.2836,-71.1295
Roslyn,NY,40.7984,-73.6477
Roslyn,SD,45.5006,-97.5401
Roslyn,WA,47.2233,-121.0025
Roslyn Heights,NY,40.7845,-73.6403
Rosman,NC,35.1437,-82.8212
Ross,CA,37.9624,-122.555
Ross,ND,48.3111,-102.5466
Ross,OH,39.3124,-84.6483
Ross,TX,31.7173,-97.1188
Rossburg,OH,40.2946,-84.6264
Rosser,TX,32.4626,-96.4533
Rossford,OH,41.6049,-83.5638
Rossiter,PA,40.8846,-78.9414
Rosston,AR,33.5926,-93.2766
Rosston,OK,36.8789,-99.9003
Rosston,TX,33.4674,-97.4534
Rossville,GA,34.9535,-85.2968
Rossville,IL,40.3625,-87.6692
Rossville,IN,40.4109,-86.608
Rossville,KS,39.1451,-95.9553
Rossville,PA,39.973,-76.6878
Rossville,TN,35.0768,-89.5678
Roswell,GA,34.02843,-84.35263
Roswell,NM,33.43843,-104.445
Rotan,TX,32.8555,-100.4705
Rothbury,MI,43.5116,-86.3446
Rothsay,MN,46.5094,-96.2887
Rothschild,WI,44.8843,-89.6193
Rothville,MO,39.6627,-93.0467
Rotonda West,FL,26.8842,-82.2691
Rotterdam Junction,NY,42.8745,-74.0465
Rougemont,NC,36.2393,-78.9019
Rough And Ready,CA,39.2286,-121.1509
Rougon,LA,30.6035,-91.3813
Roulette,PA,41.7738,-78.1538
Round Hill,VA,39.12355,-77.77745
Round Lake,IL,42.3668,-88.0888
Round Lake,MN,43.562,-95.4502
Round Lake,NY,42.9247,-73.7859
Round Mountain,CA,40.794,-121.9419
Round Mountain,NV,38.711,-117.0676
Round Mountain,TX,30.4429,-98.4365
Round O,SC,32.9405,-80.5739
Round Pond,ME,43.925,-69.4662
Round Rock,AZ,36.5131,-109.4734
Round Rock,TX,30.58462,-97.63712
Round Top,NY,42.2678,-74.0523
Round Top,TX,30.05315,-96.7151
Roundhead,OH,40.5732,-83.8462
Roundhill,KY,37.256,-86.407
Roundup,MT,46.43385,-108.5428
Rouses Point,NY,44.9884,-73.3691
Rouseville,PA,41.4717,-79.6881
Rousseau,KY,37.5946,-83.2187
Rouzerville,PA,39.7364,-77.5247
Rover,AR,34.9475,-93.4017
Rowan,IA,42.7596,-93.557
Rowdy,KY,37.397,-83.227
Rowe,MA,42.6953,-72.9258
Rowe,NM,35.4917,-105.6753
Rowe,VA,37.1276,-82.0274
Rowena,TX,31.6436,-100.0191
Rowesville,SC,33.3703,-80.8331
Rowland,NC,34.5887,-79.2618
Rowland,PA,41.4719,-75.0485
Rowland Heights,CA,33.9818,-117.8969
Rowlesburg,WV,39.313,-79.7049
Rowlett,TX,32.91353,-96.55517
Rowley,IA,42.37,-91.8441
Rowley,MA,42.7138,-70.907
Roxana,IL,38.8482,-90.0798
Roxana,KY,37.1102,-82.9407
Roxboro,NC,36.40005,-78.98
Roxbury,CT,41.5509,-73.2993
Roxbury,KS,38.5508,-97.4303
Roxbury,MA,42.3251,-71.0953
Roxbury,ME,44.6566,-70.6092
Roxbury,NY,42.2957,-74.5631
Roxbury,PA,40.1104,-77.6619
Roxbury,VT,44.0846,-72.7202
Roxbury Crossing,MA,42.3307,-71.0912
Roxie,MS,31.504,-91.0625
Roxobel,NC,36.195,-77.2602
Roxton,TX,33.5429,-95.7416
Roy,MT,47.3678,-108.8634
Roy,NM,35.9522,-104.1497
Roy,UT,41.1724,-112.0382
Roy,WA,46.956,-122.4483
Royal,AR,34.515,-93.2897
Royal,IA,43.0488,-95.2679
Royal,IL,40.1924,-87.9742
Royal,NE,42.3648,-98.1235
Royal Center,IN,40.8645,-86.5078
Royal City,WA,46.9156,-119.5815
Royal Oak,MD,38.714,-76.2097
Royal Oak,MI,42.4997,-83.14607
Royal Palm Beach,FL,26.7084,-80.2306
Royalston,MA,42.6722,-72.1964
Royalton,IL,37.879,-89.1141
Royalton,KY,37.6751,-83.0218
Royalton,MN,45.8589,-94.2211
Royersford,PA,40.2075,-75.5329
Royse City,TX,32.9628,-96.3648
Royston,GA,34.2778,-83.1406
Rozel,KS,38.2148,-99.4048
Rozet,WY,44.3058,-105.2459
Rubicon,WI,43.3121,-88.4528
Ruby,AK,64.7201,-155.5039
Ruby,LA,31.1894,-92.2487
Ruby,NY,42.0176,-74.0079
Ruby,SC,34.7379,-80.191
Ruby,VA,38.5086,-77.543
Ruby Valley,NV,40.3995,-115.2312
Ruckersville,VA,38.2586,-78.4074
Rudd,IA,43.142,-92.8885
Rudolph,OH,41.2967,-83.6832
Rudolph,WI,44.4741,-89.8003
Rudy,AR,35.5468,-94.2913
Rudyard,MI,46.2585,-84.8004
Rudyard,MT,48.586,-110.5552
Rueter,MO,36.6314,-92.9188
Rufe,OK,34.1272,-95.1174
Ruffin,NC,36.4428,-79.5606
Ruffin,SC,33.0103,-80.8137
Ruffs Dale,PA,40.1585,-79.6277
Rufus,OR,45.6948,-120.7359
Rugby,ND,48.2545,-99.9899
Rugby,TN,36.3519,-84.7137
Ruidoso,NM,33.33895,-105.67215
Ruidoso Downs,NM,33.3577,-105.5383
Rule,TX,33.13065,-99.9242
Ruleville,MS,33.7241,-90.5527
Rulo,NE,40.0536,-95.4292
Rumely,MI,46.3483,-87.0332
Rumford,ME,44.5434,-70.5645
Rumford,RI,41.8425,-71.3559
Rumney,NH,43.8044,-71.848
Rumsey,CA,38.8953,-122.3079
Rumsey,KY,37.5076,-87.2806
Rumson,NJ,40.3707,-74.0084
Runge,TX,28.8876,-97.7138
Runnells,IA,41.5515,-93.4202
Runnemede,NJ,39.8508,-75.0742
Running Springs,CA,34.2102,-117.1109
Rupert,GA,32.4325,-84.2738
Rupert,ID,42.6888,-113.6481
Rupert,VT,43.2598,-73.2229
Rupert,WV,37.9685,-80.6696
Rural Hall,NC,36.23763,-80.29345
Rural Retreat,VA,36.8836,-81.2879
Rural Ridge,PA,40.5856,-79.8287
Rural Valley,PA,40.7885,-79.2991
Rush,CO,38.7642,-104.0241
Rush,KY,38.3089,-82.7476
Rush,NY,42.9966,-77.6665
Rush Center,KS,38.4533,-99.3079
Rush City,MN,45.6855,-92.9655
Rush Hill,MO,39.21,-91.7216
Rush Springs,OK,34.7708,-97.9431
Rush Valley,UT,40.3566,-112.4659
Rushford,MN,43.8216,-91.7536
Rushford,NY,42.3923,-78.2536
Rushland,PA,40.2628,-75.0157
Rushmore,MN,43.624,-95.7767
Rushsylvania,OH,40.4658,-83.6598
Rushville,IL,40.1133,-90.5432
Rushville,IN,39.6192,-85.4321
Rushville,MO,39.5653,-95.0413
Rushville,NE,42.7379,-102.4657
Rushville,NY,42.7597,-77.2395
Rushville,OH,39.7674,-82.428
Rusk,TX,31.8136,-95.0965
Ruskin,FL,27.70795,-82.4323
Ruskin,NE,40.1383,-97.872
Ruso,ND,47.7622,-100.8754
Russell,AR,35.3609,-91.5071
Russell,IA,40.9456,-93.1784
Russell,IL,42.4906,-87.9126
Russell,KS,38.8806,-98.8595
Russell,KY,38.5173,-82.6977
Russell,MA,42.1471,-72.8403
Russell,MN,44.3201,-95.9426
Russell,NY,44.3824,-75.1043
Russell,PA,41.9461,-79.1271
Russell Springs,KY,37.0551,-85.0375
Russells Point,OH,40.4675,-83.887
Russellton,PA,40.6073,-79.8347
Russellville,AL,34.48705,-87.68675
Russellville,AR,35.3231,-93.09772
Russellville,IN,39.8366,-86.967
Russellville,KY,36.8453,-86.8823
Russellville,MO,38.5005,-92.4291
Russellville,OH,38.8511,-83.7625
Russellville,SC,33.3971,-79.9717
Russellville,TN,36.2567,-83.1914
Russia,OH,40.2341,-84.4123
Russian Mission,AK,61.7744,-161.3939
Russiaville,IN,40.4151,-86.2675
Rustburg,VA,37.2545,-79.1215
Ruston,LA,32.55437,-92.6472
Ruth,MI,43.7404,-82.7414
Ruth,MS,31.3795,-90.2867
Ruth,NV,39.2783,-114.9892
Ruther Glen,VA,37.9451,-77.4714
Rutherford,CA,38.4585,-122.4225
Rutherford,NJ,40.8292,-74.1121
Rutherford,TN,36.13,-88.9849
Rutherford College,NC,35.7485,-81.5226
Rutherfordton,NC,35.3706,-81.9781
Ruthton,MN,44.1682,-96.0871
Ruthven,IA,43.1448,-94.8842
Ruthville,VA,37.3796,-77.0348
Rutland,IA,42.7635,-94.2719
Rutland,IL,40.9844,-89.0388
Rutland,MA,42.3762,-71.949
Rutland,ND,46.0738,-97.5483
Rutland,OH,39.0909,-82.1486
Rutland,SD,44.0683,-96.9519
Rutland,VT,43.61235,-72.9717
Rutledge,AL,31.7062,-86.3715
Rutledge,GA,33.6163,-83.6023
Rutledge,MO,40.329,-92.0976
Rutledge,TN,36.2501,-83.5125
Ryan,IA,42.3436,-91.4848
Ryan,OK,34.0238,-97.9461
Rydal,GA,34.3379,-84.7376
Ryde,CA,38.2386,-121.5594
Ryder,ND,47.9788,-101.6683
Ryderwood,WA,46.3752,-123.0431
Rye,CO,37.9236,-104.9303
Rye,NH,43.0095,-70.7652
Rye,NY,40.9734,-73.6907
Rye,TX,30.4596,-94.7436
Rye Beach,NH,42.9806,-70.7719
Ryegate,MT,46.2724,-109.2761
Ryland,AL,34.7698,-86.4808
S Coffeyville,OK,36.9837,-95.6065
Sabael,NY,43.7284,-74.3057
Sabattus,ME,44.1133,-70.0748
Sabetha,KS,39.8993,-95.8113
Sabillasville,MD,39.6828,-77.4693
Sabin,MN,46.7703,-96.5985
Sabina,OH,39.49,-83.6503
Sabinal,TX,29.3267,-99.4781
Sabine,WV,37.6787,-81.5015
Sabine Pass,TX,29.7336,-93.8943
Sabinsville,PA,41.8408,-77.6155
Sabula,IA,42.0737,-90.1955
Sac City,IA,42.4262,-94.9796
Sacaton,AZ,33.1234,-111.7384
Sachse,TX,32.9643,-96.6012
Sackets Harbor,NY,43.9398,-76.105
Saco,ME,43.5209,-70.4546
Saco,MT,48.6389,-107.4293
Sacramento,CA,38.58083,-121.47439
Sacramento,KY,37.4177,-87.2736
Sacramento,NM,32.8052,-105.6211
Sacramento,PA,40.6352,-76.6128
Sacred Heart,MN,44.7975,-95.3538
Sacul,TX,31.8254,-94.9189
Saddle Brook,NJ,40.9031,-74.0955
Saddle River,NJ,41.0443,-74.0981
Saddlestring,WY,44.4976,-106.871
Sadieville,KY,38.3908,-84.5384
Sadler,TX,33.731,-96.84
Sadorus,IL,39.9613,-88.3447
Sadsburyville,PA,39.9903,-75.8936
Saegertown,PA,41.7268,-80.1479
Safety Harbor,FL,28.0096,-82.6967
Saffell,AR,35.8781,-91.3004
Safford,AL,32.3002,-87.3693
Safford,AZ,32.81325,-109.6894
Sag Harbor,NY,40.982,-72.3067
Sagamore,MA,41.7703,-70.5337
Sagamore,PA,40.7774,-79.2336
Sagamore Beach,MA,41.7933,-70.5196
Sagaponack,NY,40.9305,-72.2707
Sage,AR,36.0688,-91.791
Saginaw,AL,33.2063,-86.7812
Saginaw,MI,43.41749,-83.99751
Saginaw,MN,46.8795,-92.3917
Saginaw,MO,37.024,-94.4683
Sagle,ID,48.2035,-116.5455
Sagola,MI,46.0813,-88.0676
Saguache,CO,38.0977,-106.1876
Sahuarita,AZ,31.9452,-111.0002
Sailor Springs,IL,38.7639,-88.3631
Saint Agatha,ME,47.2387,-68.3232
Saint Albans,ME,44.9293,-69.3992
Saint Albans,MO,38.5792,-90.7751
Saint Albans,NY,40.6958,-73.7617
Saint Albans,VT,44.811,-73.0861
Saint Albans,WV,38.3774,-81.8305
Saint Albans Bay,VT,44.8078,-73.1393
Saint Amant,LA,30.2385,-90.8435
Saint Ann,MO,38.7259,-90.3864
Saint Anne,IL,41.0487,-87.6564
Saint Ansgar,IA,43.4061,-92.9235
Saint Anthony,IA,42.152,-93.1824
Saint Anthony,ID,43.963,-111.7036
Saint Anthony,IN,38.3211,-86.8234
Saint Anthony,ND,46.5888,-100.8972
Saint Augustine,FL,29.90643,-81.38553
Saint Augustine,IL,40.7289,-90.3798
Saint Benedict,LA,30.5269,-90.1126
Saint Benedict,OR,44.9845,-122.457
Saint Benedict,PA,40.6298,-78.7329
Saint Bernard,LA,29.8611,-89.8364
Saint Bernice,IN,39.8778,-87.4436
Saint Bonaventure,NY,42.0803,-78.475
Saint Boniface,PA,40.6712,-78.6755
Saint Bonifacius,MN,44.9041,-93.749
Saint Catharine,KY,37.774,-85.2011
Saint Charles,AR,34.3878,-91.1463
Saint Charles,IA,41.2924,-93.8242
Saint Charles,ID,42.1128,-111.3897
Saint Charles,IL,41.9336,-88.3494
Saint Charles,KY,37.1604,-87.5697
Saint Charles,MI,43.2863,-84.1598
Saint Charles,MN,43.9585,-92.0517
Saint Charles,MO,38.77132,-90.53955
Saint Charles,SD,43.0852,-99.0925
Saint Charles,VA,36.8315,-83.0518
Saint Clair,MI,42.8255,-82.5133
Saint Clair,MN,44.0817,-93.8571
Saint Clair,MO,38.3299,-90.9713
Saint Clair,PA,40.7193,-76.1924
Saint Clair Shores,MI,42.4972,-82.8951
Saint Clairsville,OH,40.0778,-80.9788
Saint Cloud,FL,28.21794,-81.21024
Saint Cloud,MN,45.55916,-94.1649
Saint Cloud,WI,43.8074,-88.1845
Saint Croix,IN,38.1834,-86.6058
Saint Croix Falls,WI,45.5097,-92.6117
Saint David,AZ,31.8973,-110.2154
Saint David,IL,40.4912,-90.0505
Saint David,ME,47.3343,-68.2314
Saint Donatus,IA,42.3196,-90.4903
Saint Edward,NE,41.5708,-97.8801
Saint Elizabeth,MO,38.2712,-92.2635
Saint Elmo,AL,30.5035,-88.2542
Saint Elmo,IL,39.0315,-88.8552
Saint Francis,AR,36.4534,-90.1454
Saint Francis,KS,39.6804,-101.9093
Saint Francis,KY,37.6047,-85.4251
Saint Francis,ME,47.1407,-68.9503
Saint Francis,MN,45.3903,-93.3598
Saint Francis,SD,43.1444,-100.9051
Saint Francis,WI,42.9731,-87.8687
Saint Francisville,IL,38.5921,-87.6487
Saint Francisville,LA,30.8694,-91.4186
Saint Gabriel,LA,30.2528,-91.0857
Saint George,GA,30.5224,-82.0376
Saint George,KS,39.2108,-96.4345
Saint George,SC,33.1845,-80.5732
Saint George,UT,37.09885,-113.5776
Saint George Island,AK,56.5944,-169.6186
Saint Georges,DE,39.5555,-75.6505
Saint Germain,WI,45.9183,-89.4866
Saint Hedwig,TX,29.4353,-98.1952
Saint Helen,MI,44.3665,-84.4247
Saint Helena,CA,38.5138,-122.4619
Saint Helena,NE,42.8046,-97.3047
Saint Helena Island,SC,32.3716,-80.5383
Saint Helens,KY,37.5829,-83.6471
Saint Helens,OR,45.8608,-122.8282
Saint Henry,OH,40.4091,-84.6333
Saint Hilaire,MN,48.0109,-96.2249
Saint Ignace,MI,45.9985,-84.6978
Saint Ignatius,MT,47.33,-114.0758
Saint Inigoes,MD,38.1441,-76.4083
Saint Jacob,IL,38.7059,-89.7925
Saint James,LA,30.0276,-90.8605
Saint James,MD,39.5699,-77.7607
Saint James,MN,43.9875,-94.6229
Saint James,MO,38.0056,-91.6076
Saint James,NY,40.8813,-73.1591
Saint James City,FL,26.529,-82.0916
Saint Jo,TX,33.744,-97.5568
Saint Joe,AR,35.9877,-92.7928
Saint Joe,IN,41.324,-84.9043
Saint John,IN,41.4495,-87.4764
Saint John,ND,48.9366,-99.7648
Saint John,WA,47.0755,-117.573
Saint Johns,AZ,34.501,-109.3796
Saint Johns,FL,30.0815,-81.5477
Saint Johns,MI,43.0059,-84.5719
Saint Johns,OH,40.5559,-84.0836
Saint Johns,PA,41.0281,-76.006
Saint Johnsbury,VT,44.4272,-72.0051
Saint Johnsbury Center,VT,44.4567,-72.0157
Saint Johnsville,NY,43.017,-74.646
Saint Joseph,IL,40.1207,-88.0472
Saint Joseph,LA,31.9248,-91.2784
Saint Joseph,MI,42.064,-86.4783
Saint Joseph,MN,45.5651,-94.3367
Saint Joseph,MO,39.74953,-94.83665
Saint Joseph,TN,35.0376,-87.5018
Saint Landry,LA,30.8998,-92.2964
Saint Lawrence,SD,44.5215,-98.8754
Saint Leo,FL,28.3348,-82.2693
Saint Leonard,MD,38.4501,-76.511
Saint Libory,IL,38.3632,-89.7139
Saint Libory,NE,41.0867,-98.3589
Saint Louis,MI,43.4278,-84.5952
Saint Louis,MO,38.64027,-90.28631
Saint Louis,OK,35.0588,-96.8444
Saint Louisville,OH,40.1818,-82.356
Saint Lucas,IA,43.0664,-91.9335
Saint Marie,MT,48.4039,-106.5428
Saint Maries,ID,47.2977,-116.5681
Saint Marks,FL,30.1631,-84.2083
Saint Martin,MN,45.5019,-94.6689
Saint Martinville,LA,30.2237,-91.7794
Saint Mary,KY,37.5795,-85.3551
Saint Mary,MO,37.8325,-89.977
Saint Mary Of The Woods,IN,39.5109,-87.4672
Saint Marys,AK,62.1172,-163.2376
Saint Marys,GA,30.7305,-81.5465
Saint Marys,IA,41.3084,-93.7369
Saint Marys,KS,39.1987,-96.0683
Saint Marys,OH,40.544,-84.3944
Saint Marys,PA,41.4289,-78.5505
Saint Marys,WV,39.386,-81.1725
Saint Marys City,MD,38.1871,-76.4344
Saint Matthews,SC,33.6967,-80.8678
Saint Maurice,LA,31.7596,-92.959
Saint Meinrad,IN,38.1712,-86.8092
Saint Michael,AK,63.4776,-162.1091
Saint Michael,MN,45.2064,-93.6593
Saint Michael,ND,47.985,-98.8721
Saint Michael,PA,40.337,-78.7709
Saint Michaels,AZ,35.6447,-109.0956
Saint Michaels,MD,38.783,-76.2215
Saint Nazianz,WI,44.0064,-87.9229
Saint Olaf,IA,42.922,-91.3778
Saint Onge,SD,44.5473,-103.7232
Saint Paris,OH,40.1058,-83.9631
Saint Patrick,MO,40.4312,-91.6851
Saint Paul,AR,35.8496,-93.7347
Saint Paul,IA,40.7695,-91.5171
Saint Paul,IN,39.4277,-85.5994
Saint Paul,KS,37.518,-95.1688
Saint Paul,MN,44.95959,-93.1016
Saint Paul,NE,41.2242,-98.444
Saint Paul,OR,45.196,-122.9674
Saint Paul,VA,36.9323,-82.3418
Saint Paul Island,AK,57.1842,-170.2764
Saint Paul Park,MN,44.8344,-92.9873
Saint Pauls,NC,34.801,-78.9731
Saint Peter,IL,38.8697,-88.856
Saint Peter,MN,44.3351,-93.9811
Saint Peters,MO,38.7802,-90.6228
Saint Peters,PA,40.1867,-75.7288
Saint Petersburg,FL,27.82731,-82.70011
Saint Petersburg,PA,41.1617,-79.6528
Saint Regis,MT,47.3369,-115.1703
Saint Regis Falls,NY,44.6578,-74.5155
Saint Robert,MO,37.8283,-92.131
Saint Rose,LA,29.9581,-90.3124
Saint Simons Island,GA,31.23,-81.3502
Saint Stephen,MN,45.7118,-94.2817
Saint Stephen,SC,33.3362,-79.9236
Saint Stephens,AL,31.533,-88.0521
Saint Stephens,WY,42.9838,-108.4165
Saint Stephens Church,VA,37.8479,-77.055
Saint Thomas,MO,38.3912,-92.1894
Saint Thomas,ND,48.6252,-97.4545
Saint Thomas,PA,39.9241,-77.7908
Saint Vincent,MN,48.9458,-97.1703
Saint Vrain,NM,34.4756,-103.4669
Saint Xavier,MT,45.3985,-107.8893
Sainte Genevieve,MO,37.8655,-90.1752
Sainte Marie,IL,38.928,-88.0291
Salado,AR,35.6919,-91.5989
Salado,TX,30.9494,-97.533
Salamanca,NY,42.1604,-78.7304
Salamonia,IN,40.3818,-84.8669
Salcha,AK,64.5091,-146.953
Sale City,GA,31.26,-84.0422
Sale Creek,TN,35.3858,-85.1023
Salem,AL,32.6212,-85.184
Salem,AR,36.3766,-91.8759
Salem,CT,41.4966,-72.2725
Salem,FL,29.8539,-83.4421
Salem,IA,40.8568,-91.6336
Salem,IL,38.6264,-88.9481
Salem,IN,38.6071,-86.0787
Salem,KY,37.2553,-88.2711
Salem,MA,42.57525,-70.8897
Salem,MI,42.4056,-83.5781
Salem,MO,37.617,-91.5258
Salem,NE,40.062,-95.7273
Salem,NH,42.7846,-71.2176
Salem,NJ,39.5591,-75.4521
Salem,NM,32.7093,-107.2157
Salem,NY,43.1828,-73.3327
Salem,OH,40.9,-80.8619
Salem,OR,44.94394,-123.00946
Salem,SC,34.8728,-82.9607
Salem,SD,43.7356,-97.3797
Salem,UT,40.0113,-111.5998
Salem,VA,37.28737,-80.0678
Salem,WI,42.5709,-88.1287
Salem,WV,39.2829,-80.559
Salemburg,NC,35.0515,-78.4714
Salesville,OH,40.0081,-81.3728
Salford,PA,40.3029,-75.4486
Salfordville,PA,40.2904,-75.4355
Salida,CA,37.7083,-121.0864
Salida,CO,38.5259,-105.9978
Salina,KS,38.832,-97.62675
Salina,OK,36.3116,-95.1158
Salina,PA,40.5189,-79.4959
Salina,UT,38.956,-111.8811
Salinas,CA,36.6812,-121.65384
Saline,LA,32.197,-92.917
Saline,MI,42.1698,-83.7849
Salineno,TX,26.5164,-99.1123
Salineville,OH,40.6195,-80.835
Salisbury,CT,42.0015,-73.4215
Salisbury,MA,42.8507,-70.8588
Salisbury,MD,38.3775,-75.60565
Salisbury,MO,39.4319,-92.8014
Salisbury,NC,35.65865,-80.48243
Salisbury,NH,43.4067,-71.7045
Salisbury,PA,39.7531,-79.0835
Salisbury,VT,43.9017,-73.1008
Salisbury Center,NY,43.1625,-74.7809
Salisbury Mills,NY,41.4497,-74.1214
Salix,IA,42.3306,-96.2879
Salix,PA,40.2986,-78.7816
Salkum,WA,46.5321,-122.6259
Salley,SC,33.5972,-81.3184
Sallis,MS,33.001,-89.7552
Sallisaw,OK,35.4852,-94.779
Salmon,ID,45.1571,-113.8784
Salol,MN,48.8522,-95.5356
Salome,AZ,33.7481,-113.5715
Salsbury Cove,ME,44.4306,-68.2836
Salt Flat,TX,31.8244,-105.2212
Salt Lake City,UT,40.70988,-111.88881
Salt Lick,KY,38.104,-83.6316
Salt Point,NY,41.805,-73.8013
Salt Rock,WV,38.3265,-82.247
Salter Path,NC,34.6885,-76.8861
Salters,SC,33.5611,-79.83
Saltese,MT,47.4102,-115.5096
Saltillo,MS,34.3831,-88.6674
Saltillo,PA,40.2133,-78.0069
Saltillo,TN,35.3815,-88.2472
Saltillo,TX,33.1767,-95.3433
Salton City,CA,33.3092,-115.9578
Saltsburg,PA,40.5429,-79.3978
Saltville,VA,36.8927,-81.7402
Saluda,NC,35.2383,-82.3306
Saluda,SC,34.0175,-81.7754
Saluda,VA,37.5949,-76.5921
Salvisa,KY,37.9167,-84.8577
Salvo,NC,35.5546,-75.4693
Salyer,CA,40.8558,-123.573
Salyersville,KY,37.7325,-83.0298
Samantha,AL,33.3066,-87.4532
Samaria,MI,41.8076,-83.5793
Samburg,TN,36.3791,-89.3538
Sammamish,WA,47.60555,-122.04035
Samnorwood,TX,35.0523,-100.2807
Samoa,CA,40.8037,-124.1936
Samson,AL,31.1049,-86.0674
San Acacia,NM,34.2283,-106.9049
San Andreas,CA,38.1904,-120.6441
San Angelo,TX,31.46063,-100.44306
San Anselmo,CA,37.9796,-122.56635
San Antonio,FL,28.3371,-82.2882
San Antonio,NM,33.819,-106.8285
San Antonio,TX,29.4647,-98.49841
San Ardo,CA,35.9857,-120.8612
San Augustine,TX,31.5152,-94.1326
San Benito,TX,26.1337,-97.6447
San Bernardino,CA,34.11947,-117.29645
San Bruno,CA,37.6247,-122.429
San Carlos,AZ,33.3456,-110.455
San Carlos,CA,37.4969,-122.2674
San Clemente,CA,33.44617,-117.62723
San Cristobal,NM,36.6116,-105.636
San Diego,CA,32.75509,-117.14733
San Diego,TX,27.7654,-98.2503
San Dimas,CA,34.1023,-117.8169
San Elizario,TX,31.5508,-106.2507
San Felipe,TX,29.8019,-96.1014
San Fernando,CA,34.2847,-118.4371
San Fidel,NM,35.0823,-107.5992
San Francisco,CA,37.76866,-122.42441
San Gabriel,CA,34.1002,-118.09567
San Geronimo,CA,38.0133,-122.6639
San Gregorio,CA,37.3255,-122.3556
San Isidro,TX,26.7167,-98.4539
San Jacinto,CA,33.78963,-116.95763
San Joaquin,CA,36.6059,-120.1889
San Jon,NM,35.1198,-103.2846
San Jose,CA,37.32048,-121.87943
San Jose,IL,40.3011,-89.6872
San Jose,NM,35.4569,-105.4383
San Juan,TX,26.2044,-98.1537
San Juan Bautista,CA,36.8463,-121.5346
San Juan Capistrano,CA,33.5031,-117.6608
San Leandro,CA,37.70403,-122.14447
San Lorenzo,CA,37.6787,-122.1295
San Lucas,CA,36.1289,-121.0205
San Luis,AZ,32.487,-114.7822
San Luis,CO,37.1066,-105.4781
San Luis Obispo,CA,35.28163,-120.63284
San Luis Rey,CA,33.232,-117.3236
San Manuel,AZ,32.6209,-110.5992
San Marcos,CA,33.13762,-117.17173
San Marcos,TX,29.9649,-97.972
San Marino,CA,34.12105,-118.1091
San Martin,CA,37.0911,-121.5999
San Mateo,CA,37.55044,-122.30916
San Mateo,FL,29.5888,-81.5921
San Miguel,CA,35.9004,-120.5929
San Miguel,NM,32.1554,-106.735
San Pablo,CA,37.9724,-122.3369
San Patricio,NM,33.3877,-105.3498
San Pedro,CA,33.76227,-118.30022
San Perlita,TX,26.5012,-97.6397
San Pierre,IN,41.2111,-86.8725
San Quentin,CA,37.94145,-122.4847
San Rafael,CA,38.00478,-122.54352
San Rafael,NM,35.1125,-107.8826
San Ramon,CA,37.7599,-121.93385
San Saba,TX,31.1627,-98.7309
San Simeon,CA,35.6668,-121.144
San Simon,AZ,32.0423,-109.1748
San Tan Valley,AZ,33.1911,-111.528
San Ygnacio,TX,27.0425,-99.44
San Ysidro,CA,32.90895,-116.8047
San Ysidro,NM,35.5634,-106.7706
Sanborn,IA,43.189,-95.6622
Sanborn,MN,44.2183,-95.1328
Sanborn,ND,46.9271,-98.2336
Sanborn,NY,43.1419,-78.8785
Sanbornton,NH,43.5496,-71.6003
Sanbornville,NH,43.5513,-71.02
Sand Coulee,MT,47.4021,-111.1661
Sand Creek,MI,41.8259,-84.1016
Sand Creek,WI,45.1669,-91.6863
Sand Fork,WV,38.914,-80.7498
Sand Lake,MI,43.2981,-85.5367
Sand Lake,NY,42.6379,-73.4989
Sand Point,AK,55.3192,-160.4914
Sand Springs,MT,47.1008,-107.4856
Sand Springs,OK,36.1341,-96.1426
Sandborn,IN,38.8817,-87.2025
Sanders,AZ,35.2164,-109.3337
Sanders,KY,38.661,-84.9732
Sanders,MT,46.2914,-107.0967
Sanderson,FL,30.2522,-82.2729
Sanderson,TX,30.1221,-102.3974
Sandersville,GA,32.975,-82.8406
Sandersville,MS,31.7909,-89.0414
Sandgap,KY,37.4862,-84.0905
Sandhill,MS,32.4983,-89.8686
Sandia,TX,28.025,-97.8705
Sandia Park,NM,35.1683,-106.3238
Sandisfield,MA,42.1094,-73.1163
Sandoval,IL,38.6131,-89.114
Sandown,NH,42.9308,-71.1861
Sandpoint,ID,48.312,-116.5332
Sandston,VA,37.5157,-77.2758
Sandstone,MN,46.1325,-92.589
Sandstone,WV,37.7599,-80.8716
Sandusky,MI,43.4055,-82.8409
Sandusky,NY,42.4891,-78.367
Sandusky,OH,41.4419,-82.70715
Sandwich,IL,41.6353,-88.6393
Sandwich,MA,41.7113,-70.4775
Sandy,OR,45.379,-122.223
Sandy,UT,40.61008,-111.85627
Sandy Creek,NY,43.6517,-76.1264
Sandy Hook,CT,41.4087,-73.2485
Sandy Hook,KY,38.1316,-83.0797
Sandy Hook,MS,31.0479,-89.8183
Sandy Hook,VA,37.7526,-77.9125
Sandy Lake,PA,41.3383,-80.0497
Sandy Level,VA,36.991,-79.5614
Sandy Point,ME,44.5148,-68.8128
Sandy Point,VA,38.0673,-76.5503
Sandy Ridge,NC,36.49,-80.0859
Sandy Ridge,PA,40.8136,-78.239
Sandy Spring,MD,39.1503,-77.0291
Sandy Springs,SC,34.5975,-82.7568
Sandyville,OH,40.6442,-81.3653
Sandyville,WV,38.9093,-81.6543
Sanford,CO,37.2583,-105.9047
Sanford,FL,28.79097,-81.2724
Sanford,ME,43.4285,-70.7585
Sanford,MI,43.7204,-84.3954
Sanford,NC,35.46553,-79.16333
Sanford,TX,35.702,-101.5346
Sanford,VA,37.9229,-75.6781
Sanger,CA,36.7243,-119.5478
Sanger,TX,33.3563,-97.1814
Sangerfield,NY,42.9162,-75.3545
Sangerville,ME,45.1406,-69.3218
Sanibel,FL,26.4514,-82.0868
Sanostee,NM,36.4247,-108.8743
Santa,ID,47.1544,-116.431
Santa Ana,CA,33.74092,-117.86663
Santa Anna,TX,31.7215,-99.3212
Santa Barbara,CA,34.42562,-119.72403
Santa Clara,CA,37.36239,-121.96193
Santa Clara,NM,32.7795,-108.1503
Santa Clara,UT,37.1282,-113.676
Santa Clarita,CA,34.41542,-118.53092
Santa Claus,IN,38.1176,-86.9286
Santa Cruz,CA,36.99358,-122.0317
Santa Cruz,NM,35.986,-106.0318
Santa Elena,TX,26.5808,-98.5138
Santa Fe,MO,39.3989,-91.8294
Santa Fe,NM,35.63215,-105.95814
Santa Fe,TN,35.7588,-87.1515
Santa Fe,TX,29.38525,-95.10475
Santa Fe Springs,CA,33.9468,-118.08455
Santa Margarita,CA,35.3584,-120.2596
Santa Maria,CA,34.92852,-120.44528
Santa Maria,TX,26.0787,-97.8494
Santa Monica,CA,34.02136,-118.48894
Santa Paula,CA,34.35445,-119.0653
Santa Rita Park,CA,37.1869,-120.6504
Santa Rosa,CA,38.44405,-122.71019
Santa Rosa,NM,34.8526,-104.5899
Santa Rosa,TX,26.2555,-97.8257
Santa Rosa Beach,FL,30.3659,-86.2458
Santa Teresa,NM,31.8394,-106.6821
Santa Ynez,CA,34.624,-120.0713
Santa Ysabel,CA,33.1476,-116.6963
Santaquin,UT,39.9737,-111.8037
Santee,CA,32.8435,-116.98005
Santee,SC,33.4835,-80.4805
Santiago,MN,45.5402,-93.8154
Santo,TX,32.5979,-98.1797
Santo Domingo Pueblo,NM,35.5269,-106.3445
Sapello,NM,35.762,-105.1077
Sapelo Island,GA,31.3974,-81.2787
Sapphire,NC,35.0666,-83.0019
Sapulpa,OK,36.0113,-96.10215
Saragosa,TX,31.0428,-103.6364
Sarah,MS,34.591,-90.162
Sarah Ann,WV,37.7112,-81.9873
Sarahsville,OH,39.8162,-81.4243
Saraland,AL,30.8332,-88.0934
Saranac,MI,42.9357,-85.203
Saranac,NY,44.7032,-73.7481
Saranac Lake,NY,44.3243,-74.133
Sarasota,FL,27.31799,-82.49859
Saratoga,AR,33.7599,-93.8767
Saratoga,CA,37.2653,-122.02645
Saratoga,IN,40.2347,-84.9185
Saratoga,NC,35.6538,-77.7755
Saratoga,TX,30.2841,-94.5294
Saratoga,WY,41.498,-106.754
Saratoga Springs,NY,43.0708,-73.7408
Saratoga Springs,UT,40.3495,-111.9043
Sarcoxie,MO,37.0724,-94.1151
Sardinia,NY,42.5323,-78.5172
Sardinia,OH,38.9832,-83.7966
Sardinia,SC,33.8343,-80.0829
Sardis,AL,32.2844,-86.992
Sardis,GA,32.9809,-81.773
Sardis,MS,34.4276,-89.9221
Sardis,OH,39.6526,-80.9243
Sardis,TN,35.4386,-88.3058
Sarepta,LA,32.9434,-93.4404
Sargeant,MN,43.809,-92.7595
Sargent,GA,33.4299,-84.8744
Sargent,NE,41.6508,-99.3816
Sargents,CO,38.4033,-106.4161
Sargentville,ME,44.3136,-68.6863
Sarita,TX,27.1496,-97.8576
Sarles,ND,48.9458,-98.996
Sarona,WI,45.7085,-91.7621
Saronville,NE,40.6021,-97.9388
Sartell,MN,45.6318,-94.2136
Sarver,PA,40.7143,-79.7424
Sasabe,AZ,31.4887,-111.5421
Sasakwa,OK,34.951,-96.5387
Sassafras,KY,37.2207,-83.0552
Sassamansville,PA,40.3448,-75.5775
Sasser,GA,31.7191,-84.3479
Satanta,KS,37.4409,-100.9691
Satartia,MS,32.6125,-90.5965
Satellite Beach,FL,28.178,-80.602
Satin,TX,31.3601,-97.0108
Satsop,WA,47.0022,-123.4836
Satsuma,AL,30.8516,-88.0533
Satsuma,FL,29.5594,-81.6406
Saucier,MS,30.5961,-89.1477
Saugatuck,MI,42.6456,-86.1655
Saugerties,NY,42.0738,-73.9797
Saugus,MA,42.4633,-71.0111
Sauk Centre,MN,45.7281,-94.9682
Sauk City,WI,43.2686,-89.7418
Sauk Rapids,MN,45.604,-94.1591
Saukville,WI,43.3913,-87.9568
Saul,KY,37.3313,-83.387
Saulsbury,TN,35.0498,-89.0769
Saulsville,WV,37.6429,-81.4568
Sault Sainte Marie,MI,46.4151,-84.2854
Saunderstown,RI,41.5105,-71.4427
Saunemin,IL,40.8885,-88.4094
Sauquoit,NY,43.0073,-75.2626
Sausalito,CA,37.8596,-122.48995
Sautee Nacoochee,GA,34.7162,-83.6931
Savage,MD,39.138,-76.8218
Savage,MN,44.7615,-93.3434
Savage,MT,47.5194,-104.2845
Savanna,IL,42.0956,-90.1401
Savanna,OK,34.8354,-95.838
Savannah,GA,32.01776,-81.09424
Savannah,MO,39.9168,-94.8267
Savannah,NY,43.0934,-76.7565
Savannah,OH,40.9653,-82.3652
Savannah,TN,35.2023,-88.2005
Saverton,MO,39.65,-91.2705
Savery,WY,41.0395,-107.4234
Savona,NY,42.3041,-77.2083
Savonburg,KS,37.7517,-95.1545
Savoonga,AK,63.6797,-170.4709
Savoy,IL,40.0654,-88.2528
Savoy,MA,42.577,-73.0233
Savoy,TX,33.6066,-96.3502
Sawyer,KS,37.5101,-98.6642
Sawyer,MI,41.8829,-86.5885
Sawyer,MN,46.6831,-92.6927
Sawyer,ND,48.0858,-101.0674
Sawyer,OK,34.0277,-95.3558
Sawyerville,AL,32.7578,-87.7402
Sawyerville,IL,39.0828,-89.8043
Saxapahaw,NC,35.9488,-79.3297
Saxe,VA,36.9053,-78.6321
Saxeville,WI,44.1761,-89.1146
Saxis,VA,37.9264,-75.722
Saxon,WI,46.4959,-90.4383
Saxon,WV,37.7901,-81.4346
Saxonburg,PA,40.7361,-79.8352
Saxton,PA,40.2233,-78.2471
Saxtons River,VT,43.1379,-72.5098
Saybrook,IL,40.432,-88.5247
Saylorsburg,PA,40.8965,-75.367
Sayner,WI,45.9867,-89.5194
Sayre,AL,33.7111,-86.9759
Sayre,OK,35.3047,-99.6429
Sayre,PA,41.9842,-76.5218
Sayreville,NJ,40.445,-74.38255
Sayville,NY,40.7459,-73.0859
Scales Mound,IL,42.4715,-90.258
Scalf,KY,36.9327,-83.6901
Scaly Mountain,NC,35.0311,-83.3274
Scammon,KS,37.2809,-94.8092
Scammon Bay,AK,61.845,-165.5819
Scandia,KS,39.7939,-97.7786
Scandia,MN,45.2697,-92.8292
Scandinavia,WI,44.4604,-89.165
Scappoose,OR,45.7655,-122.8928
Scarborough,ME,43.58025,-70.30965
Scarbro,WV,37.9488,-81.1531
Scarsdale,NY,40.9927,-73.7995
Scarville,IA,43.4673,-93.6423
Scenery Hill,PA,40.0859,-80.0703
Scenic,SD,43.7994,-102.5353
Schaefferstown,PA,40.2984,-76.2944
Schaghticoke,NY,42.9144,-73.6154
Schaller,IA,42.5055,-95.2846
Schaumburg,IL,42.043,-88.08671
Schell City,MO,38.0094,-94.1579
Scheller,IL,38.1731,-89.0927
Schellsburg,PA,40.0487,-78.6482
Schenectady,NY,42.8133,-73.94815
Schenevus,NY,42.59,-74.8149
Schenley,PA,40.6845,-79.6617
Schererville,IN,41.4922,-87.4605
Schertz,TX,29.579,-98.2778
Schiller Park,IL,41.9563,-87.8692
Schlater,MS,33.6244,-90.362
Schleswig,IA,42.1646,-95.4443
Schley,VA,37.3896,-76.4549
Schnecksville,PA,40.6819,-75.6239
Schneider,IN,41.19,-87.4779
Schnellville,IN,38.3414,-86.7565
Schodack Landing,NY,42.4816,-73.748
Schoenchen,KS,38.7128,-99.3322
Schofield,WI,44.9064,-89.5818
Schofield Barracks,HI,21.4963,-158.0646
Schoharie,NY,42.6615,-74.3047
Schoolcraft,MI,42.1329,-85.6637
Schooleys Mountain,NJ,40.7993,-74.8138
Schriever,LA,29.7123,-90.8513
Schroeder,MN,47.5422,-90.9338
Schroon Lake,NY,43.8412,-73.7674
Schulenburg,TX,29.6882,-96.9106
Schulter,OK,35.5145,-95.9567
Schurz,NV,38.9575,-118.7756
Schuyler,NE,41.4591,-97.0628
Schuyler,VA,37.7976,-78.6925
Schuyler Falls,NY,44.6287,-73.5579
Schuyler Lake,NY,42.7758,-75.0485
Schuylerville,NY,43.0878,-73.6007
Schuylkill Haven,PA,40.6306,-76.17
Schwenksville,PA,40.2471,-75.4602
Schwertner,TX,30.8155,-97.5142
Science Hill,KY,37.1683,-84.6487
Scio,NY,42.1697,-77.99
Scio,OH,40.4012,-81.1016
Scio,OR,44.7168,-122.7684
Sciota,IL,40.5832,-90.7316
Sciota,PA,40.9257,-75.325
Scioto Furnace,OH,38.7941,-82.7555
Scipio,IN,39.0665,-85.7129
Scipio,UT,39.2495,-112.1064
Scipio Center,NY,42.7708,-76.5862
Scituate,MA,42.2032,-70.7525
Scobey,MS,33.9253,-89.891
Scobey,MT,48.7854,-105.417
Scooba,MS,32.8402,-88.4883
Scotch Plains,NJ,40.6379,-74.3682
Scotia,CA,40.4583,-124.0517
Scotia,NE,41.4837,-98.6893
Scotia,SC,32.6786,-81.2455
Scotland,AR,35.508,-92.5867
Scotland,CT,41.6958,-72.087
Scotland,GA,32.0488,-82.8171
Scotland,IN,38.9128,-86.9039
Scotland,MD,38.0828,-76.3477
Scotland,PA,39.9696,-77.5848
Scotland,SD,43.1212,-97.7296
Scotland,TX,33.6535,-98.465
Scotland Neck,NC,36.1301,-77.4273
Scotrun,PA,41.0751,-75.3265
Scott,AR,34.6942,-92.1157
Scott,LA,30.2504,-92.0981
Scott,MS,33.5629,-91.0391
Scott,OH,40.9892,-84.5845
Scott Air Force Base,IL,38.5432,-89.859
Scott Bar,CA,41.7736,-122.9882
Scott City,KS,38.4823,-100.9064
Scott City,MO,37.2077,-89.5181
Scott Depot,WV,38.4501,-81.9005
Scottdale,GA,33.7934,-84.2585
Scottdale,PA,40.1029,-79.593
Scottown,OH,38.594,-82.3967
Scotts,MI,42.1819,-85.4685
Scotts,NC,35.831,-81.0076
Scotts Hill,TN,35.505,-88.2405
Scotts Mills,OR,44.9897,-122.6187
Scotts Valley,CA,37.0554,-122.0144
Scottsbluff,NE,41.8693,-103.66455
Scottsboro,AL,34.68435,-86.0992
Scottsburg,IN,38.6885,-85.7987
Scottsburg,NY,42.6649,-77.701
Scottsburg,OR,43.6765,-123.8041
Scottsburg,VA,36.7862,-78.7866
Scottsdale,AZ,33.57363,-111.88783
Scottsmoor,FL,28.7702,-80.872
Scottsville,KY,36.7614,-86.1929
Scottsville,NY,43.0246,-77.7743
Scottsville,TX,32.554,-94.2394
Scottsville,VA,37.8049,-78.474
Scottville,IL,39.4803,-90.1048
Scottville,MI,43.9547,-86.2801
Scottville,NC,36.4833,-81.3276
Scranton,AR,35.3585,-93.5454
Scranton,IA,42.0124,-94.5518
Scranton,KS,38.788,-95.748
Scranton,NC,35.4717,-76.4951
Scranton,ND,46.0916,-103.1354
Scranton,PA,41.41158,-75.65637
Scranton,SC,33.9281,-79.7731
Screven,GA,31.5168,-82.0397
Scribner,NE,41.663,-96.6441
Scroggins,TX,33.0478,-95.1962
Scuddy,KY,37.1971,-83.0817
Scurry,TX,32.4818,-96.3925
Sea Cliff,NY,40.846,-73.6436
Sea Girt,NJ,40.1345,-74.0436
Sea Island,GA,31.1989,-81.3322
Sea Isle City,NJ,39.154,-74.7005
Seabeck,WA,47.5913,-122.8686
Seaboard,NC,36.4886,-77.4113
Seabrook,NH,42.8854,-70.8646
Seabrook,SC,32.5693,-80.7192
Seabrook,TX,29.5832,-95.037
Seadrift,TX,28.4101,-96.7023
Seaford,DE,38.6404,-75.6041
Seaford,NY,40.6795,-73.491
Seaford,VA,37.1885,-76.429
Seaforth,MN,44.4772,-95.3264
Seagoville,TX,32.6525,-96.558
Seagraves,TX,32.9317,-102.5781
Seagrove,NC,35.5283,-79.6979
Seahurst,WA,47.4693,-122.3621
Seal Beach,CA,33.7602,-118.0808
Seal Cove,ME,44.2859,-68.3986
Seal Harbor,ME,44.299,-68.2463
Seal Rock,OR,44.4874,-123.9567
Seale,AL,32.3053,-85.1677
Sealevel,NC,34.8769,-76.3898
Sealston,VA,38.2711,-77.1726
Sealy,TX,29.7826,-96.1592
Seaman,OH,38.9621,-83.5936
Seanor,PA,40.212,-78.8984
Searchlight,NV,35.5132,-114.8866
Searcy,AR,35.25613,-91.7319
Searles,MN,44.2286,-94.4347
Sears,MI,43.8776,-85.1465
Searsboro,IA,41.5656,-92.6987
Searsmont,ME,44.377,-69.2196
Searsport,ME,44.4877,-68.9311
Seaside,CA,36.6217,-121.7935
Seaside,OR,45.9932,-123.9226
Seaside Heights,NJ,39.9466,-74.0765
Seaside Park,NJ,39.9222,-74.0795
Seaton,IL,41.0732,-90.8257
Seatonville,IL,41.3613,-89.2691
Seattle,WA,47.60367,-122.33098
Seaview,VA,37.2711,-75.9536
Seaview,WA,46.3308,-124.0455
Sebago,ME,43.9017,-70.6878
Sebasco Estates,ME,43.7733,-69.8635
Sebastian,FL,27.789,-80.53087
Sebastian,TX,26.344,-97.8123
Sebastopol,CA,38.39815,-122.833
Sebastopol,MS,32.5729,-89.3351
Sebec,ME,45.2465,-69.1021
Sebeka,MN,46.6306,-95.0681
Sebewaing,MI,43.7289,-83.4366
Sebree,KY,37.5889,-87.5255
Sebring,FL,27.46896,-81.42816
Sebring,OH,40.9227,-81.0232
Secaucus,NJ,40.7619,-74.06945
Seco,KY,37.1765,-82.7358
Second Mesa,AZ,35.7933,-110.5051
Secondcreek,WV,37.6654,-80.454
Secor,IL,40.7224,-89.1271
Secretary,MD,38.6093,-75.9474
Section,AL,34.5433,-85.994
Sedalia,CO,39.3113,-105.0676
Sedalia,IN,40.4156,-86.5147
Sedalia,KY,36.5748,-88.5815
Sedalia,MO,38.7003,-93.2303
Sedalia,NC,36.0756,-79.6206
Sedalia,OH,39.733,-83.4764
Sedan,KS,37.1297,-96.1732
Sedan,NM,36.226,-103.1449
Sedgewickville,MO,37.537,-89.9272
Sedgwick,AR,35.9643,-90.8954
Sedgwick,CO,40.9103,-102.5291
Sedgwick,KS,37.9167,-97.4225
Sedgwick,ME,44.3355,-68.6377
Sedley,VA,36.776,-76.9841
Sedona,AZ,34.7916,-111.89246
Sedro Woolley,WA,48.5274,-122.2329
Seekonk,MA,41.8378,-71.3224
Seeley,CA,32.7941,-115.6948
Seeley Lake,MT,47.1789,-113.481
Seelyville,IN,39.4928,-87.2665
Seffner,FL,27.9321,-82.36255
Seguin,TX,29.58655,-97.967
Seiad Valley,CA,41.8866,-123.2438
Seibert,CO,39.3183,-102.8822
Seiling,OK,36.1278,-98.8875
Sekiu,WA,48.3032,-124.4685
Selah,WA,46.6767,-120.5408
Selawik,AK,66.6039,-160.0069
Selby,SD,45.4786,-100.0541
Selbyville,DE,38.4654,-75.1573
Selbyville,WV,38.754,-80.2365
Selden,KS,39.5216,-100.5257
Selden,NY,40.8699,-73.0448
Seldovia,AK,59.4495,-151.7009
Selfridge,ND,46.0351,-101.1502
Seligman,AZ,35.3212,-112.9548
Seligman,MO,36.5276,-93.9359
Selinsgrove,PA,40.8224,-76.8683
Selkirk,NY,42.5486,-73.8129
Sellers,SC,34.258,-79.4783
Sellersburg,IN,38.4046,-85.788
Sellersville,PA,40.362,-75.319
Sells,AZ,32.0315,-112.0065
Selma,AL,32.41423,-87.0197
Selma,CA,36.5695,-119.617
Selma,IA,40.864,-92.1736
Selma,IN,40.1693,-85.2738
Selma,NC,35.5565,-78.264
Selma,OR,42.2654,-123.5515
Selma,VA,37.8062,-79.8404
Selman City,TX,32.1826,-94.9355
Selmer,TN,35.1691,-88.5958
Seltzer,PA,40.6954,-76.2338
Seminary,MS,31.5285,-89.4816
Seminole,AL,30.5048,-87.4659
Seminole,FL,27.8514,-82.78682
Seminole,OK,35.2383,-96.66945
Seminole,PA,40.9548,-79.3428
Seminole,TX,32.721,-102.6828
Semmes,AL,30.7544,-88.2667
Semora,NC,36.5114,-79.0942
Senath,MO,36.1324,-90.1632
Senatobia,MS,34.6323,-89.8855
Seneca,IL,41.3152,-88.61
Seneca,KS,39.8473,-96.0316
Seneca,MO,36.8408,-94.5781
Seneca,NE,42.0433,-100.8329
Seneca,OR,44.1346,-118.9716
Seneca,PA,41.3744,-79.6759
Seneca,SC,34.71417,-82.94503
Seneca,SD,45.0262,-99.461
Seneca,WI,43.265,-90.9585
Seneca Castle,NY,42.887,-77.0961
Seneca Falls,NY,42.9094,-76.7925
Seneca Rocks,WV,38.8296,-79.3866
Senecaville,OH,39.9337,-81.458
Seney,MI,46.388,-85.9708
Senoia,GA,33.2845,-84.5918
Sentinel,OK,35.1617,-99.1706
Sentinel Butte,ND,46.8305,-103.8001
Sequatchie,TN,35.1634,-85.6371
Sequim,WA,48.0881,-123.1198
Sequoia National Park,CA,36.6007,-118.711
Serafina,NM,35.3975,-105.3236
Serena,IL,41.4995,-88.7509
Sergeant Bluff,IA,42.4019,-96.3534
Sergeantsville,NJ,40.4459,-74.9435
Servia,IN,40.9567,-85.7405
Sesser,IL,38.0894,-89.0574
Seth,WV,38.0971,-81.6393
Seven Mile,OH,39.479,-84.5512
Seven Springs,NC,35.2105,-77.9146
Seven Valleys,PA,39.8556,-76.7383
Severance,CO,40.525,-104.8505
Severance,NY,43.8759,-73.7304
Severn,MD,39.1275,-76.698
Severn,NC,36.5152,-77.1897
Severn,VA,37.4182,-76.5084
Severna Park,MD,39.0811,-76.5577
Severy,KS,37.617,-96.2252
Sevier,UT,38.5785,-112.3108
Sevierville,TN,35.85513,-83.5439
Seville,FL,29.3201,-81.5279
Seville,GA,31.9605,-83.601
Seville,OH,41.0227,-81.8562
Sewanee,TN,35.1908,-85.90805
Seward,AK,60.1329,-149.3985
Seward,IL,42.2368,-89.358
Seward,NE,40.9066,-97.0966
Seward,PA,40.4099,-79.0232
Sewaren,NJ,40.5542,-74.2607
Sewell,NJ,39.7473,-75.0899
Sewickley,PA,40.557,-80.1578
Sextons Creek,KY,37.333,-83.7666
Sextonville,WI,43.2794,-90.2876
Seymour,CT,41.3862,-73.0817
Seymour,IA,40.6724,-93.1368
Seymour,IL,40.107,-88.4267
Seymour,IN,38.9571,-85.8825
Seymour,MO,37.1667,-92.7857
Seymour,TN,35.87,-83.7495
Seymour,TX,33.5914,-99.2587
Seymour,WI,44.5091,-88.3172
Shabbona,IL,41.7638,-88.8752
Shacklefords,VA,37.5213,-76.7099
Shade,OH,39.2129,-82.0218
Shade Gap,PA,40.173,-77.868
Shady Cove,OR,42.6107,-122.8125
Shady Dale,GA,33.435,-83.6269
Shady Grove,FL,30.288,-83.6318
Shady Grove,PA,39.7834,-77.6749
Shady Point,OK,35.1293,-94.6665
Shady Side,MD,38.8368,-76.5109
Shady Spring,WV,37.7416,-81.0149
Shady Valley,TN,36.5272,-81.9068
Shadyside,OH,39.9675,-80.7643
Shafer,MN,45.3576,-92.7609
Shafter,CA,35.497,-119.2801
Shaftsburg,MI,42.804,-84.2959
Shaftsbury,VT,42.9614,-73.2166
Shageluk,AK,62.6822,-159.5619
Shakopee,MN,44.7793,-93.5197
Shaktoolik,AK,64.3537,-161.1932
Shalimar,FL,30.4456,-86.5717
Shallotte,NC,33.94855,-78.40965
Shallowater,TX,33.6919,-101.9836
Shambaugh,IA,40.6575,-95.025
Shamokin,PA,40.789,-76.5588
Shamokin Dam,PA,40.8459,-76.8224
Shamrock,OK,35.9124,-96.578
Shamrock,TX,35.2142,-100.249
Shandaken,NY,42.1363,-74.3774
Shandon,CA,35.6513,-120.372
Shandon,OH,39.3258,-84.7121
Shaniko,OR,45.0027,-120.75
Shanks,WV,39.2849,-78.6995
Shanksville,PA,40.0171,-78.9077
Shannock,RI,41.456,-71.6355
Shannon,AL,33.4069,-86.8735
Shannon,GA,34.3333,-85.2337
Shannon,IL,42.161,-89.7481
Shannon,MS,34.121,-88.7342
Shannon,NC,34.8988,-79.1806
Shannon City,IA,40.9017,-94.2633
Shapleigh,ME,43.5674,-70.8286
Sharon,CT,41.8714,-73.4578
Sharon,GA,33.56,-82.7948
Sharon,KS,37.2492,-98.4142
Sharon,MA,42.1094,-71.1759
Sharon,MS,32.6424,-90.0907
Sharon,ND,47.6062,-97.9051
Sharon,OK,36.2699,-99.3587
Sharon,PA,41.2316,-80.4993
Sharon,SC,34.9084,-81.3729
Sharon,TN,36.2395,-88.8477
Sharon,VT,43.7748,-72.4243
Sharon,WI,42.5194,-88.7265
Sharon Center,OH,41.0992,-81.7343
Sharon Grove,KY,36.9278,-87.1003
Sharon Hill,PA,39.9035,-75.2695
Sharon Springs,KS,38.8857,-101.7431
Sharon Springs,NY,42.7634,-74.5919
Sharpes,FL,28.3067,-80.6862
Sharples,WV,37.9204,-81.8293
Sharps,VA,37.824,-76.7008
Sharps Chapel,TN,36.3685,-83.8127
Sharpsburg,GA,33.4013,-84.654
Sharpsburg,IA,40.795,-94.6416
Sharpsburg,KY,38.2147,-83.8932
Sharpsburg,MD,39.4424,-77.7511
Sharpsburg,NC,35.8654,-77.8389
Sharpsburg,OH,39.4359,-81.9115
Sharpsville,IN,40.3732,-86.1086
Sharpsville,PA,41.2676,-80.4656
Sharptown,MD,38.5389,-75.7192
Shartlesville,PA,40.5129,-76.1044
Shasta,CA,40.6109,-122.4968
Shasta Lake,CA,40.68047,-122.3768
Shattuck,OK,36.2889,-99.8793
Shauck,OH,40.6142,-82.6619
Shaver Lake,CA,37.1397,-119.273
Shavertown,PA,41.2998,-75.9711
Shaw,MS,33.6021,-90.7746
Shaw Afb,SC,33.9204,-80.3415
Shaw Island,WA,48.5578,-122.9837
Shawanee,TN,36.5803,-83.6473
Shawanese,PA,41.3501,-76.0319
Shawano,WI,44.7851,-88.6036
Shawboro,NC,36.3779,-76.0945
Shawmut,ME,44.6245,-69.5869
Shawmut,MT,46.3869,-109.5974
Shawnee,CO,39.4211,-105.5542
Shawnee,KS,39.0417,-94.7202
Shawnee,OH,39.611,-82.2085
Shawnee,OK,35.33663,-96.9395
Shawnee,WY,42.7477,-105.0097
Shawnee Mission,KS,38.8999,-94.832
Shawnee On Delaware,PA,41.0123,-75.1107
Shawneetown,IL,37.7132,-88.1785
Shawsville,VA,37.1466,-80.2715
Shawville,PA,41.0692,-78.3581
Sheakleyville,PA,41.4435,-80.2055
Sheboygan,WI,43.75897,-87.70313
Sheboygan Falls,WI,43.7266,-87.8242
Shedd,OR,44.453,-123.1065
Sheep Springs,NM,36.142,-108.7064
Sheffield,AL,34.7578,-87.6971
Sheffield,IA,42.8779,-93.2156
Sheffield,IL,41.3949,-89.7115
Sheffield,MA,42.1001,-73.3611
Sheffield,PA,41.7005,-79.0348
Sheffield,TX,30.6935,-101.86
Sheffield,VT,44.6178,-72.1239
Sheffield Lake,OH,41.4823,-82.0965
Shelbiana,KY,37.4063,-82.4673
Shelbina,MO,39.6947,-92.0371
Shelburn,IN,39.1784,-87.3936
Shelburne,VT,44.39,-73.2171
Shelburne Falls,MA,42.6022,-72.7391
Shelby,AL,33.0785,-86.5536
Shelby,IA,41.5339,-95.4469
Shelby,IN,41.1917,-87.3398
Shelby,MI,43.6079,-86.3615
Shelby,MS,33.9491,-90.7625
Shelby,MT,48.5037,-111.8391
Shelby,NC,35.2911,-81.54203
Shelby,NE,41.1922,-97.4253
Shelby,OH,40.8784,-82.6549
Shelby Gap,KY,37.2311,-82.5286
Shelbyville,IL,39.458,-88.8058
Shelbyville,IN,39.5043,-85.7875
Shelbyville,KY,38.20675,-85.21825
Shelbyville,MI,42.5936,-85.6282
Shelbyville,MO,39.8108,-92.0498
Shelbyville,TN,35.4935,-86.45757
Shelbyville,TX,31.7131,-93.9698
Sheldahl,IA,41.8571,-93.6973
Sheldon,IA,43.1808,-95.8401
Sheldon,IL,40.7803,-87.5736
Sheldon,MO,37.684,-94.2548
Sheldon,ND,46.5548,-97.4543
Sheldon,SC,32.5431,-80.8126
Sheldon,VT,44.8872,-72.953
Sheldon,WI,45.3182,-90.9141
Sheldon Springs,VT,44.9062,-72.9776
Sheldonville,MA,42.0348,-71.387
Shell,WY,44.6011,-107.7889
Shell Knob,MO,36.6167,-93.6249
Shell Lake,WI,45.7536,-91.9606
Shell Rock,IA,42.7061,-92.5888
Shelley,ID,43.3769,-112.1075
Shellman,GA,31.7608,-84.6092
Shellsburg,IA,42.0848,-91.8746
Shelly,MN,47.4554,-96.7838
Shelocta,PA,40.6388,-79.3191
Shelter Island,NY,41.064,-72.3366
Shelter Island Heights,NY,41.084,-72.3559
Shelton,CT,41.3047,-73.1294
Shelton,NE,40.7717,-98.7435
Shelton,WA,47.2151,-123.1007
Shenandoah,IA,40.76185,-95.3685
Shenandoah,PA,40.8167,-76.2035
Shenandoah,VA,38.501,-78.609
Shenandoah Junction,WV,39.3716,-77.8229
Shenorock,NY,41.3287,-73.7423
Shepardsville,IN,39.6006,-87.4196
Shepherd,MI,43.5657,-84.5873
Shepherd,MT,45.9461,-108.3426
Shepherd,TX,30.498,-94.9966
Shepherdstown,WV,39.4311,-77.8158
Shepherdsville,KY,37.9965,-85.70235
Sheppard Afb,TX,33.9824,-98.5088
Sheppton,PA,40.902,-76.1188
Sherard,MS,34.1953,-90.7335
Sherborn,MA,42.2331,-71.3787
Sherburn,MN,43.6611,-94.7269
Sherburne,NY,42.6859,-75.483
Sheridan,AR,34.3165,-92.3657
Sheridan,CA,38.9953,-121.368
Sheridan,IL,41.5164,-88.6706
Sheridan,IN,40.135,-86.2205
Sheridan,ME,46.6573,-68.405
Sheridan,MI,43.2126,-85.0468
Sheridan,MO,40.4928,-94.5701
Sheridan,MT,45.423,-112.1735
Sheridan,NY,42.489,-79.239
Sheridan,OR,45.0897,-123.4003
Sheridan,TX,29.4936,-96.6711
Sheridan,WY,44.7849,-106.9648
Sheridan Lake,CO,38.4667,-102.2921
Sherman,CT,41.5714,-73.4947
Sherman,IL,39.9121,-89.5877
Sherman,ME,45.8731,-68.3847
Sherman,MS,34.3575,-88.8351
Sherman,NY,42.1631,-79.5857
Sherman,TX,33.6388,-96.6116
Sherman Oaks,CA,34.15155,-118.44773
Shermans Dale,PA,40.3299,-77.1809
Sherrard,IL,41.3027,-90.4939
Sherrill,AR,34.3581,-91.9933
Sherrill,IA,42.6171,-90.8115
Sherrill,NY,43.0704,-75.599
Sherrills Ford,NC,35.5962,-81.0339
Sherrodsville,OH,40.5184,-81.2339
Sherwood,AR,34.8807,-92.2303
Sherwood,MD,38.7374,-76.3278
Sherwood,MI,42.0107,-85.2408
Sherwood,ND,48.9576,-101.697
Sherwood,OH,41.2946,-84.5417
Sherwood,OR,45.3514,-122.8567
Sherwood,TN,35.0452,-85.9302
Sherwood,WI,44.1764,-88.2779
Shevlin,MN,47.5004,-95.245
Sheyenne,ND,47.8184,-99.0583
Shickley,NE,40.4077,-97.7143
Shickshinny,PA,41.1513,-76.1081
Shidler,OK,36.7819,-96.6607
Shields,ND,46.1838,-101.2589
Shiloh,GA,32.8101,-84.696
Shiloh,NC,36.2584,-76.0432
Shiloh,NJ,39.4594,-75.297
Shiloh,OH,40.934,-82.5222
Shiloh,TN,35.1154,-88.3617
Shiner,TX,29.428,-97.164
Shingle Springs,CA,38.6465,-120.9641
Shinglehouse,PA,41.9572,-78.1906
Shingleton,MI,46.3512,-86.4823
Shingletown,CA,40.505,-121.8857
Shinnston,WV,39.3888,-80.2834
Shiocton,WI,44.4972,-88.5562
Shipman,IL,39.1952,-89.9607
Shipman,VA,37.76,-78.8105
Shippensburg,PA,40.0514,-77.5195
Shippenville,PA,41.2475,-79.4332
Shippingport,PA,40.632,-80.414
Shiprock,NM,36.656,-108.7355
Shipshewana,IN,41.6633,-85.5932
Shirland,IL,42.4445,-89.1976
Shirley,AR,35.6498,-92.3143
Shirley,IL,40.4174,-89.0822
Shirley,IN,39.9158,-85.5182
Shirley,MA,42.5734,-71.6483
Shirley,NY,40.8015,-72.8676
Shirley,WV,39.3981,-80.7651
Shirley Basin,WY,41.7169,-106.9992
Shirley Mills,ME,45.3609,-69.6202
Shirleysburg,PA,40.2979,-77.8742
Shiro,TX,30.6133,-95.8883
Shishmaref,AK,66.2306,-166.1373
Shoals,IN,38.6791,-86.7761
Shoals,WV,38.3432,-82.4905
Shobonier,IL,38.8446,-89.079
Shock,WV,38.7617,-81.0045
Shoemakersville,PA,40.4955,-75.9603
Shohola,PA,41.4182,-74.918
Shokan,NY,41.9767,-74.2119
Shongaloo,LA,32.9713,-93.2963
Shonto,AZ,36.6159,-110.6477
Shoreham,NY,40.9485,-72.8927
Shoreham,VT,43.8862,-73.3054
Shorewood,IL,41.5076,-88.2169
Short Creek,WV,40.1856,-80.6745
Short Hills,NJ,40.7368,-74.3271
Shorter,AL,32.3836,-85.9162
Shorterville,AL,31.501,-85.1135
Shortsville,NY,42.9761,-77.2439
Shortt Gap,VA,37.1573,-81.8729
Shoshone,CA,35.973,-116.2711
Shoshone,ID,42.9474,-114.3822
Shoshoni,WY,43.2457,-108.1007
Shoup,ID,45.3769,-114.277
Show Low,AZ,34.29895,-110.0176
Showell,MD,38.4003,-75.2166
Shreve,OH,40.6926,-82.0325
Shreveport,LA,32.55307,-93.75994
Shrewsbury,MA,42.3248,-71.8087
Shrewsbury,NJ,40.3282,-74.0589
Shrewsbury,PA,39.7601,-76.6748
Shrub Oak,NY,41.3286,-73.8273
Shubert,NE,40.2325,-95.6895
Shubuta,MS,31.9607,-88.7168
Shullsburg,WI,42.5786,-90.2266
Shumway,IL,39.1881,-88.6418
Shungnak,AK,66.8881,-157.1364
Shunk,PA,41.5536,-76.7455
Shuqualak,MS,32.9769,-88.5594
Shushan,NY,43.1106,-73.3231
Shutesbury,MA,42.482,-72.4213
Siasconset,MA,41.2639,-69.9626
Sibley,IA,43.4069,-95.7424
Sibley,IL,40.5823,-88.3815
Sibley,LA,32.5095,-93.3009
Sibley,MO,39.1584,-94.1844
Sibley,MS,31.4706,-91.4044
Sicily Island,LA,31.8507,-91.6807
Sicklerville,NJ,39.7354,-74.9864
Side Lake,MN,47.6671,-93.0424
Sidell,IL,39.911,-87.8248
Sidman,PA,40.3299,-78.746
Sidnaw,MI,46.5047,-88.7085
Sidney,AR,36.0664,-91.642
Sidney,IA,40.7507,-95.6403
Sidney,IL,40.0232,-88.069
Sidney,KY,37.6076,-82.3648
Sidney,MI,43.2358,-85.1207
Sidney,MT,47.713,-104.1634
Sidney,NE,41.17925,-102.99075
Sidney,NY,42.3074,-75.3908
Sidney,OH,40.2858,-84.15885
Sidney,TX,31.932,-98.768
Sidney Center,NY,42.2441,-75.2871
Sidon,MS,33.4095,-90.1779
Sieper,LA,31.1976,-92.7858
Sierra Blanca,TX,31.1938,-105.3219
Sierra City,CA,39.5936,-120.6269
Sierra Madre,CA,34.1634,-118.05235
Sierra Vista,AZ,31.56223,-110.26642
Sierraville,CA,39.5825,-120.3711
Sigel,IL,39.2176,-88.4803
Sigel,PA,41.3099,-79.054
Signal Hill,CA,33.8029,-118.1677
Signal Mountain,TN,35.1494,-85.3362
Sigourney,IA,41.3301,-92.2019
Sigurd,UT,38.8482,-111.9737
Sikes,LA,32.0686,-92.4429
Sikeston,MO,36.8911,-89.582
Silas,AL,31.7668,-88.3091
Siler,KY,36.7025,-83.955
Siler City,NC,35.7354,-79.4566
Silerton,TN,35.356,-88.8269
Siletz,OR,44.7313,-123.9062
Silex,MO,39.1166,-91.037
Siloam,GA,33.5368,-83.081
Siloam,NC,36.3002,-80.5772
Siloam Springs,AR,36.18,-94.528
Silsbee,TX,30.3244,-94.1907
Silt,CO,39.5028,-107.6657
Siluria,AL,33.2293,-86.825
Silva,MO,37.2119,-90.4375
Silvana,WA,48.2023,-122.2538
Silver,TX,32.0484,-100.6922
Silver Bay,MN,47.3585,-91.2205
Silver Bay,NY,43.6978,-73.5071
Silver City,IA,41.113,-95.6269
Silver City,MS,33.0507,-90.4928
Silver City,NM,32.7591,-108.2064
Silver City,NV,39.2652,-119.6388
Silver Creek,GA,34.1593,-85.1429
Silver Creek,MN,45.3158,-93.9798
Silver Creek,MS,31.5755,-90.0173
Silver Creek,NE,41.319,-97.6671
Silver Creek,NY,42.5357,-79.1628
Silver Creek,WA,46.5491,-122.4757
Silver Gate,MT,45.0046,-109.9854
Silver Grove,KY,39.0343,-84.3908
Silver Lake,IN,41.0743,-85.8792
Silver Lake,KS,39.1102,-95.8552
Silver Lake,MN,44.9139,-94.1974
Silver Lake,NH,43.879,-71.1905
Silver Lake,NY,42.6929,-78.0224
Silver Lake,OR,43.1395,-120.9984
Silver Lake,WI,42.552,-88.1608
Silver Plume,CO,39.6996,-105.7507
Silver Point,TN,36.1006,-85.7338
Silver Spring,MD,39.01822,-77.02059
Silver Spring,PA,40.0647,-76.4343
Silver Springs,FL,29.23935,-82.0252
Silver Springs,NV,39.38,-119.2705
Silver Springs,NY,42.6742,-78.0845
Silver Star,MT,45.7,-112.2535
Silverado,CA,33.7451,-117.6153
Silverdale,PA,40.3445,-75.2687
Silverdale,WA,47.67705,-122.7071
Silverhill,AL,30.5222,-87.7457
Silverlake,WA,46.3163,-122.7649
Silverpeak,NV,37.7225,-117.7965
Silverstreet,SC,34.2207,-81.7741
Silverthorne,CO,39.7029,-106.16455
Silverton,CO,37.809,-107.6667
Silverton,ID,47.4981,-115.9657
Silverton,OR,44.991,-122.7627
Silverton,TX,34.4641,-101.3169
Silverwood,MI,43.3141,-83.272
Silvis,IL,41.5007,-90.4126
Simi Valley,CA,34.27568,-118.75884
Simla,CO,39.2087,-104.0702
Simmesport,LA,30.9771,-91.8259
Simms,MT,47.4958,-111.8861
Simms,TX,33.3359,-94.552
Simon,WV,37.6197,-81.7586
Simonton,TX,29.6794,-95.9772
Simpson,IL,37.4673,-88.7551
Simpson,KS,39.3851,-97.9328
Simpson,LA,31.257,-93.017
Simpson,NC,35.5752,-77.2786
Simpson,WV,39.2668,-80.0934
Simpsonville,KY,38.2312,-85.3548
Simpsonville,MD,39.2364,-76.9419
Simpsonville,SC,34.7237,-82.27215
Sims,AR,34.6462,-93.6741
Sims,IL,38.3923,-88.5306
Sims,NC,35.7435,-78.0859
Simsboro,LA,32.5384,-92.7995
Simsbury,CT,41.8759,-72.8012
Sinai,SD,44.2444,-97.0409
Sinclair,ME,47.1222,-68.323
Sinclair,WY,41.7802,-107.1172
Sinclairville,NY,42.2455,-79.2673
Singer,LA,30.5329,-93.465
Singers Glen,VA,38.5574,-78.9227
Sinking Spring,OH,39.0738,-83.3853
Sinks Grove,WV,37.6643,-80.5409
Sinnamahoning,PA,41.3762,-78.0661
Sinsinawa,WI,42.5236,-90.5393
Sinton,TX,28.0339,-97.5196
Sioux Center,IA,43.0814,-96.18
Sioux City,IA,42.48236,-96.38888
Sioux Falls,SD,43.58999,-96.75067
Sioux Rapids,IA,42.9065,-95.1388
Sipesville,PA,40.0964,-79.0902
Sipsey,AL,33.8201,-87.0779
Siren,WI,45.7821,-92.3892
Sisseton,SD,45.6732,-97.0715
Sister Bay,WI,45.1875,-87.1139
Sisters,OR,44.3165,-121.5091
Sistersville,WV,39.5584,-80.9818
Sitka,AK,57.0514,-135.3166
Sitka,KY,37.8922,-82.8446
Six Lakes,MI,43.4337,-85.1416
Six Mile,SC,34.8283,-82.8278
Six Mile Run,PA,40.1576,-78.2108
Sixes,OR,42.825,-124.4409
Sizerock,KY,37.2187,-83.4974
Skagway,AK,59.4685,-135.3018
Skamokawa,WA,46.2952,-123.4332
Skandia,MI,46.349,-87.2481
Skaneateles,NY,42.9258,-76.4052
Skaneateles Falls,NY,42.9931,-76.456
Skanee,MI,46.8747,-88.1732
Skellytown,TX,35.5685,-101.1721
Skelton,WV,37.8005,-81.1806
Skiatook,OK,36.3725,-96.0123
Skidmore,MO,40.2896,-95.0792
Skidmore,TX,28.2121,-97.7127
Skillman,NJ,40.4173,-74.6938
Skippack,PA,40.2251,-75.4031
Skippers,VA,36.5958,-77.5921
Skipperville,AL,31.5748,-85.537
Skipwith,VA,36.7317,-78.5306
Skokie,IL,42.03535,-87.74345
Skowhegan,ME,44.7772,-69.6976
Skull Valley,AZ,34.5053,-112.6855
Skwentna,AK,61.9903,-151.3978
Skyforest,CA,34.2353,-117.1792
Skykomish,WA,47.6922,-121.3713
Skyland,NC,35.4835,-82.5207
Skytop,PA,41.2336,-75.2389
Slab Fork,WV,37.6871,-81.334
Slade,KY,37.7951,-83.7041
Slagle,LA,31.2024,-93.1274
Slanesville,WV,39.3732,-78.5228
Slate Hill,NY,41.376,-74.4847
Slate Run,PA,41.4728,-77.5016
Slate Spring,MS,33.7439,-89.3753
Slatedale,PA,40.7455,-75.6592
Slater,CO,40.9979,-107.3388
Slater,IA,41.8765,-93.6812
Slater,MO,39.2163,-93.0547
Slater,SC,35.0289,-82.4941
Slatersville,RI,41.9984,-71.5763
Slaterville Springs,NY,42.4025,-76.3608
Slatington,PA,40.7345,-75.6186
Slaton,TX,33.4373,-101.6435
Slatyfork,WV,38.388,-79.9906
Slaughter,LA,30.7383,-91.07
Slaughters,KY,37.5054,-87.5053
Slayden,TN,36.2948,-87.4703
Slayton,MN,43.9856,-95.7554
Sledge,MS,34.3823,-90.209
Sleepy Eye,MN,44.2821,-94.7273
Sleetmute,AK,61.7025,-157.1697
Slemp,KY,37.0705,-83.1136
Slick,OK,35.7861,-96.2806
Slickville,PA,40.4653,-79.5067
Slidell,LA,30.30866,-89.79512
Slidell,TX,33.378,-97.3922
Sligo,PA,41.1139,-79.4805
Slinger,WI,43.3322,-88.2824
Slingerlands,NY,42.6485,-73.8711
Slippery Rock,PA,41.0454,-80.0468
Sloan,IA,42.2427,-96.2306
Sloan,NV,35.935,-115.2058
Sloansville,NY,42.7599,-74.3642
Sloatsburg,NY,41.1575,-74.2008
Slocomb,AL,31.0956,-85.583
Slocum,RI,41.5289,-71.5299
Sloughhouse,CA,38.5143,-121.0964
Slovan,PA,40.3584,-80.3879
Smackover,AR,33.3398,-92.7442
Smallwood,NY,41.6615,-74.8178
Smarr,GA,32.9895,-83.8761
Smartsville,CA,39.2076,-121.3001
Smartt,TN,35.6403,-85.8366
Smelterville,ID,47.5362,-116.2062
Smethport,PA,41.8021,-78.4702
Smicksburg,PA,40.8372,-79.1614
Smilax,KY,37.1214,-83.2539
Smiley,TX,29.2655,-97.6227
Smith,NV,38.7733,-119.3029
Smith Center,KS,39.8042,-98.7842
Smith Lake,NM,35.4809,-108.1767
Smith Mills,KY,37.8323,-87.7889
Smith River,CA,41.9404,-124.1587
Smithboro,IL,38.8739,-89.3266
Smithboro,NY,42.0395,-76.4004
Smithburg,WV,39.2893,-80.7343
Smithdale,MS,31.3672,-90.6752
Smithers,WV,38.1812,-81.3071
Smithfield,IL,40.4855,-90.2856
Smithfield,KY,38.3933,-85.2656
Smithfield,ME,44.6301,-69.8075
Smithfield,NC,35.5068,-78.3479
Smithfield,NE,40.5832,-99.7285
Smithfield,OH,40.2709,-80.7815
Smithfield,PA,39.7923,-79.8127
Smithfield,RI,41.8964,-71.5207
Smithfield,UT,41.8403,-111.8528
Smithfield,VA,36.94,-76.66225
Smithfield,WV,39.5134,-80.5582
Smithland,IA,42.2408,-95.9486
Smithland,KY,37.2387,-88.3757
Smithmill,PA,40.7507,-78.4012
Smiths Creek,MI,42.9051,-82.5679
Smiths Grove,KY,37.0581,-86.1938
Smiths Station,AL,32.5401,-85.0985
Smithsburg,MD,39.647,-77.5706
Smithshire,IL,40.7579,-90.7606
Smithton,IL,38.4231,-89.9896
Smithton,MO,38.66,-93.1088
Smithton,PA,40.1553,-79.7381
Smithtown,NY,40.8542,-73.2138
Smithville,AR,36.0908,-91.2745
Smithville,GA,31.8847,-84.2271
Smithville,IN,39.0712,-86.5069
Smithville,MO,39.3917,-94.5592
Smithville,MS,34.0648,-88.39
Smithville,OH,40.8592,-81.8633
Smithville,OK,34.4954,-94.6981
Smithville,TN,35.9299,-85.8046
Smithville,TX,30.0178,-97.1494
Smithville,WV,39.0671,-81.062
Smithville Flats,NY,42.3989,-75.8237
Smithwick,SD,43.3014,-103.2183
Smoaks,SC,33.0963,-80.813
Smock,PA,39.9961,-79.7678
Smokerun,PA,40.9891,-78.4224
Smoketown,PA,40.0376,-76.1969
Smoot,WV,37.8772,-80.668
Smoot,WY,42.6192,-110.9224
Smyer,TX,33.5918,-102.1692
Smyrna,DE,39.2934,-75.6008
Smyrna,GA,33.86717,-84.5837
Smyrna,MI,43.0595,-85.2628
Smyrna,NC,34.7593,-76.5274
Smyrna,NY,42.6896,-75.6121
Smyrna,SC,35.0308,-81.3896
Smyrna,TN,35.9656,-86.5048
Smyrna Mills,ME,46.1464,-68.2064
Sneads,FL,30.7276,-84.9337
Sneads Ferry,NC,34.5426,-77.4038
Sneedville,TN,36.5275,-83.2529
Snelling,CA,37.5354,-120.378
Snellville,GA,33.84065,-84.0155
Snohomish,WA,47.8876,-122.07123
Snook,TX,30.4702,-96.4804
Snoqualmie,WA,47.5293,-121.8225
Snoqualmie Pass,WA,47.4452,-121.431
Snover,MI,43.4886,-82.9301
Snow,OK,34.4419,-95.4622
Snow Camp,NC,35.9066,-79.4279
Snow Hill,MD,38.1868,-75.405
Snow Hill,NC,35.4438,-77.6956
Snow Lake,AR,34.0665,-91.0071
Snow Shoe,PA,41.0376,-77.9523
Snowflake,AZ,34.4959,-110.0807
Snowmass,CO,39.2258,-107.0303
Snowmass Village,CO,39.2212,-106.932
Snowshoe,WV,38.4133,-80.0068
Snowville,UT,41.966,-112.7269
Snyder,CO,40.3307,-103.5971
Snyder,NE,41.7039,-96.7886
Snyder,OK,34.6548,-98.9508
Snyder,TX,32.7315,-100.91755
Snydersburg,PA,41.3328,-79.3556
Snydertown,PA,40.879,-76.6673
Soap Lake,WA,47.383,-119.486
Sobieski,WI,44.7105,-88.1076
Social Circle,GA,33.6791,-83.6835
Society Hill,SC,34.4512,-79.8865
Socorro,NM,34.0479,-106.8907
Sod,WV,38.2559,-81.891
Soda Springs,CA,39.317,-120.4259
Soda Springs,ID,42.6718,-111.5699
Soddy Daisy,TN,35.2369,-85.18605
Sodus,MI,42.0521,-86.3921
Sodus,NY,43.2217,-77.0514
Sodus Point,NY,43.2546,-76.9835
Solana Beach,CA,32.9937,-117.2598
Solano,NM,35.8484,-104.0675
Soldier,IA,41.9942,-95.7825
Soldier,KS,39.5013,-95.9652
Soldier,KY,38.262,-83.2847
Soldiers Grove,WI,43.3919,-90.7663
Soldotna,AK,60.4818,-151.1358
Solebury,PA,40.3807,-75.0082
Soledad,CA,36.4196,-121.3243
Solen,ND,46.3656,-100.7831
Solgohachia,AR,35.2701,-92.6754
Solo,MO,37.2428,-91.9624
Solomon,AZ,32.8126,-109.634
Solomon,KS,38.9194,-97.3518
Solomons,MD,38.3293,-76.4651
Solon,IA,41.8099,-91.5086
Solon,ME,44.9676,-69.833
Solon,OH,41.3866,-81.4421
Solon Springs,WI,46.4173,-91.811
Solsberry,IN,39.119,-86.7378
Solsville,NY,42.9106,-75.5177
Solvang,CA,34.6616,-120.1408
Solway,MN,47.548,-95.1205
Somerdale,NJ,39.84,-75.0309
Somerdale,OH,40.5649,-81.3524
Somers,CT,41.9978,-72.4583
Somers,IA,42.3561,-94.4464
Somers,MT,48.0793,-114.2355
Somers,NY,41.3346,-73.6951
Somers,WI,42.6423,-87.9032
Somers Point,NJ,39.3223,-74.6008
Somerset,CA,38.5953,-120.5949
Somerset,CO,38.9468,-107.3781
Somerset,IN,40.6714,-85.8288
Somerset,KY,37.11717,-84.55773
Somerset,MA,41.73915,-71.1636
Somerset,MI,42.023,-84.3794
Somerset,NJ,40.49915,-74.4949
Somerset,OH,39.7936,-82.2991
Somerset,PA,39.99405,-79.06085
Somerset,TX,29.2205,-98.6678
Somerset,VA,38.1997,-78.2394
Somerset,WI,45.1331,-92.6865
Somerset Center,MI,42.0388,-84.406
Somersville,CT,41.9765,-72.4906
Somersworth,NH,43.2525,-70.8756
Somerton,AZ,32.5634,-114.7127
Somerville,AL,34.4995,-86.8009
Somerville,IN,38.2764,-87.3778
Somerville,MA,42.3913,-71.10593
Somerville,NJ,40.588,-74.6874
Somerville,OH,39.5554,-84.6219
Somerville,TN,35.2772,-89.3918
Somerville,TX,30.4076,-96.5358
Somerville,VA,38.5059,-77.5956
Somes Bar,CA,41.4533,-123.4634
Somis,CA,34.2798,-119.0115
Somonauk,IL,41.6383,-88.6816
Sondheimer,LA,32.5756,-91.1496
Sonoita,AZ,31.6731,-110.6188
Sonoma,CA,38.2849,-122.4696
Sonora,CA,37.9957,-120.3368
Sonora,KY,37.5221,-85.923
Sonora,TX,30.5558,-100.6307
Sontag,MS,31.6524,-90.2043
Sonyea,NY,42.679,-77.8272
Sopchoppy,FL,30.0714,-84.4549
Soper,OK,34.0366,-95.6916
Soperton,GA,32.3869,-82.5871
Sophia,NC,35.8298,-79.8986
Sophia,WV,37.7076,-81.2507
Soquel,CA,37.0048,-121.9507
Sorento,IL,38.9693,-89.5653
Sorrento,FL,28.8035,-81.5323
Sorrento,LA,30.1854,-90.8631
Sorrento,ME,44.4907,-68.1787
Soso,MS,31.7594,-89.3082
Soudan,MN,47.821,-92.2464
Souderton,PA,40.2884,-75.341
Soulsbyville,CA,37.9926,-120.2624
Sound Beach,NY,40.9567,-72.9742
Sour Lake,TX,30.1491,-94.3733
Souris,ND,48.8738,-100.7359
South Acworth,NH,43.1956,-72.2686
South Amana,IA,41.7576,-91.9263
South Amboy,NJ,40.464,-74.2742
South Barre,MA,42.3854,-72.0954
South Barre,VT,44.1757,-72.5025
South Bay,FL,26.6701,-80.7312
South Beach,OR,44.5712,-124.06
South Beloit,IL,42.4837,-89.0298
South Bend,IN,41.66358,-86.26384
South Bend,NE,41.0067,-96.2462
South Bend,TX,33.0052,-98.6892
South Bend,WA,46.6544,-123.8203
South Berwick,ME,43.2292,-70.7859
South Bethlehem,NY,42.5317,-73.8473
South Bloomingville,OH,39.4174,-82.5923
South Boardman,MI,44.6401,-85.2472
South Boston,VA,36.6963,-78.9188
South Bound Brook,NJ,40.5523,-74.5311
South Branch,MI,44.5014,-83.8686
South Bristol,ME,43.8677,-69.5614
South Britain,CT,41.4709,-73.2515
South Burlington,VT,44.4467,-73.13105
South Butler,NY,43.1344,-76.7656
South Byron,NY,43.0416,-78.0573
South Cairo,NY,42.2681,-73.9554
South Canaan,PA,41.616,-75.2747
South Carrollton,KY,37.3375,-87.1419
South Carver,MA,41.8501,-70.7044
South Casco,ME,43.91,-70.5245
South Charleston,OH,39.8543,-83.6653
South Charleston,WV,38.3684,-81.6996
South Chatham,MA,41.6801,-70.0241
South China,ME,44.3953,-69.5804
South Cle Elum,WA,47.1886,-120.9537
South Colby,WA,47.5218,-122.5396
South Colton,NY,44.5041,-74.8607
South Dartmouth,MA,41.5665,-70.9843
South Dayton,NY,42.3718,-79.0501
South Deerfield,MA,42.4756,-72.6153
South Dennis,MA,41.7097,-70.1585
South Dennis,NJ,39.1,-74.8487
South Dos Palos,CA,36.9644,-120.6532
South Easton,MA,42.0257,-71.0988
South Egremont,MA,42.1012,-73.4566
South El Monte,CA,34.0557,-118.0444
South Elgin,IL,41.9969,-88.2986
South English,IA,41.4529,-92.068
South Fallsburg,NY,41.7042,-74.6444
South Fork,CO,37.6725,-106.6125
South Fork,PA,40.3629,-78.7887
South Freeport,ME,43.8208,-70.1208
South Fulton,TN,36.4814,-88.8808
South Gardiner,ME,44.1801,-69.7567
South Gate,CA,33.9462,-118.2013
South Gibson,PA,41.7342,-75.6302
South Glastonbury,CT,41.6571,-72.5722
South Glens Falls,NY,43.2836,-73.6294
South Grafton,MA,42.176,-71.6927
South Greenfield,MO,37.3743,-93.8445
South Hackensack,NJ,40.8634,-74.0456
South Hadley,MA,42.2375,-72.5811
South Hamilton,MA,42.6185,-70.8561
South Harwich,MA,41.6862,-70.0329
South Haven,KS,37.05,-97.4042
South Haven,MI,42.4041,-86.2542
South Haven,MN,45.2925,-94.2119
South Heart,ND,46.8127,-103.0162
South Heights,PA,40.5763,-80.2383
South Hero,VT,44.64,-73.3113
South Hill,VA,36.7124,-78.1534
South Holland,IL,41.5979,-87.5938
South Houston,TX,29.6601,-95.2258
South Hutchinson,KS,38.0282,-97.9431
South International Falls,MN,48.5866,-93.399
South Jamesport,NY,40.9365,-72.5773
South Jordan,UT,40.55815,-111.9418
South Kent,CT,41.6951,-73.469
South Kortright,NY,42.377,-74.7259
South Lake Tahoe,CA,38.90449,-119.99812
South Lancaster,MA,42.4435,-71.6861
South Lebanon,OH,39.3715,-84.2108
South Lee,MA,42.2779,-73.2773
South Lima,NY,42.8554,-77.6876
South Londonderry,VT,43.1699,-72.8515
South Lyme,CT,41.2967,-72.2633
South Lyon,MI,42.4567,-83.659
South Milford,IN,41.5326,-85.2722
South Mills,NC,36.4536,-76.3033
South Milwaukee,WI,42.9105,-87.8646
South Montrose,PA,41.7973,-75.8913
South Mountain,PA,39.8465,-77.4878
South Naknek,AK,58.6639,-156.9756
South New Berlin,NY,42.5295,-75.3852
South Newbury,NH,43.2956,-71.9967
South Newfane,VT,42.9391,-72.7292
South Orange,NJ,40.7465,-74.2575
South Orleans,MA,41.7567,-69.9841
South Otselic,NY,42.6626,-75.7669
South Ozone Park,NY,40.6744,-73.819
South Padre Island,TX,26.2393,-97.1936
South Paris,ME,44.2167,-70.5012
South Park,PA,40.2932,-79.996
South Pasadena,CA,34.1135,-118.1525
South Pekin,IL,40.4945,-89.6518
South Pittsburg,TN,35.028,-85.7225
South Plainfield,NJ,40.5839,-74.4147
South Plains,TX,34.2245,-101.3096
South Plymouth,NY,42.6053,-75.633
South Point,OH,38.4339,-82.5529
South Pomfret,VT,43.6797,-72.5349
South Portland,ME,43.63665,-70.2559
South Portsmouth,KY,38.7087,-83.0162
South Prairie,WA,47.1383,-122.0968
South Range,MI,47.0719,-88.652
South Range,WI,46.5688,-91.9352
South Richmond Hill,NY,40.6868,-73.823
South River,NJ,40.4444,-74.3801
South Rockwood,MI,42.0624,-83.2663
South Roxana,IL,38.8225,-90.0583
South Royalton,VT,43.8089,-72.5232
South Ryegate,VT,44.1978,-72.1104
South Saint Paul,MN,44.8881,-93.046
South Salem,NY,41.2553,-73.5402
South Salem,OH,39.3021,-83.272
South San Francisco,CA,37.65605,-122.4156
South Seaville,NJ,39.179,-74.7599
South Shore,KY,38.7148,-82.9366
South Shore,SD,45.1049,-96.9859
South Sioux City,NE,42.4656,-96.4182
South Solon,OH,39.7423,-83.597
South Sterling,PA,41.2643,-75.348
South Strafford,VT,43.8282,-72.37
South Sutton,NH,43.3042,-71.9289
South Tamworth,NH,43.8077,-71.308
South Thomaston,ME,44.0378,-69.1359
South Vienna,OH,39.9473,-83.6157
South Wales,NY,42.7063,-78.5452
South Walpole,MA,42.0992,-71.2752
South Wayne,WI,42.5822,-89.8888
South Webster,OH,38.82,-82.7202
South Wellfleet,MA,41.9182,-69.9953
South West City,MO,36.5319,-94.5961
South Weymouth,MA,42.1751,-70.9495
South Whitley,IN,41.0726,-85.6143
South Williamson,KY,37.667,-82.2886
South Willington,CT,41.8554,-72.3015
South Wilmington,IL,41.1728,-88.2767
South Windham,CT,41.6677,-72.1681
South Windham,ME,43.7362,-70.4237
South Windsor,CT,41.8341,-72.5576
South Woodstock,CT,41.9439,-71.9453
South Woodstock,VT,43.5601,-72.5384
South Yarmouth,MA,41.6739,-70.1949
Southampton,MA,42.2247,-72.7194
Southampton,NY,40.8943,-72.3999
Southampton,PA,40.1868,-75.0071
Southard,OK,36.0581,-98.5884
Southaven,MS,34.96225,-89.9625
Southborough,MA,42.2939,-71.532
Southbridge,MA,42.075,-72.0353
Southbury,CT,41.4767,-73.2241
Southeastern,PA,39.9832,-75.7481
Southern Md Facility,MD,38.8336,-76.8777
Southern Pines,NC,35.225,-79.4142
Southfield,MA,42.078,-73.2609
Southfield,MI,42.49533,-83.23138
Southfields,NY,41.248,-74.1762
Southgate,MI,42.2044,-83.1999
Southington,CT,41.6052,-72.8727
Southington,OH,41.2983,-80.9485
Southlake,TX,32.9485,-97.1524
Southmayd,TX,33.6304,-96.7692
Southmont,NC,35.6605,-80.2836
Southold,NY,41.0555,-72.429
Southport,CT,41.1428,-73.2884
Southport,ME,43.8199,-69.6626
Southport,NC,33.9654,-78.0359
Southside,TN,36.3626,-87.3061
Southside,WV,38.712,-81.9966
Southview,PA,40.3282,-80.2563
Southwest,PA,40.3602,-79.4398
Southwest Harbor,ME,44.2823,-68.3265
Southwick,MA,42.0511,-72.7706
Southworth,WA,47.5104,-122.4991
Spaceport City,NM,32.9903,-106.9697
Spade,TX,33.9256,-102.1564
Spalding,MI,45.6958,-87.511
Spalding,NE,41.6874,-98.3715
Spanaway,WA,47.0732,-122.3943
Spangle,WA,47.4338,-117.3827
Spangler,PA,40.6351,-78.7692
Spanish Fork,UT,40.1099,-111.6462
Spanish Fort,AL,30.6854,-87.901
Spanishburg,WV,37.4605,-81.1128
Sparkill,NY,41.0256,-73.9229
Sparkman,AR,33.9143,-92.8532
Sparks,GA,31.179,-83.4476
Sparks,NE,42.9411,-100.256
Sparks,NV,39.58276,-119.7272
Sparks,OK,35.6138,-96.8163
Sparks Glencoe,MD,39.5483,-76.6819
Sparland,IL,41.0134,-89.4571
Sparr,FL,29.3268,-82.1046
Sparrow Bush,NY,41.4443,-74.7213
Sparrows Point,MD,39.2296,-76.4455
Sparta,GA,33.2571,-83.0892
Sparta,IL,38.1318,-89.7035
Sparta,KY,38.7256,-84.8813
Sparta,MI,43.1619,-85.6877
Sparta,MO,36.9775,-93.1065
Sparta,NC,36.5089,-81.1384
Sparta,NJ,41.0277,-74.6407
Sparta,OH,40.5289,-82.8229
Sparta,TN,35.9439,-85.4392
Sparta,VA,38.0094,-77.2251
Sparta,WI,43.954,-90.8146
Spartanburg,SC,34.93785,-81.89978
Spartansburg,PA,41.7936,-79.6849
Spavinaw,OK,36.3912,-95.0466
Spearfish,SD,44.4952,-103.86765
Spearman,TX,36.1927,-101.1952
Spearsville,LA,32.955,-92.587
Spearville,KS,37.8235,-99.737
Speculator,NY,43.5042,-74.3667
Speed,NC,35.9679,-77.4452
Speedwell,TN,36.4797,-83.8135
Speedwell,VA,36.7998,-81.1834
Speer,IL,40.9872,-89.652
Spelter,WV,39.3465,-80.3206
Spencer,IA,43.1451,-95.1457
Spencer,ID,44.3605,-112.1869
Spencer,IN,39.2891,-86.7789
Spencer,MA,42.2441,-71.9906
Spencer,NC,35.6917,-80.4327
Spencer,NE,42.8849,-98.7059
Spencer,NY,42.2467,-76.4899
Spencer,OH,41.0983,-82.0999
Spencer,OK,35.5183,-97.3488
Spencer,SD,43.7557,-97.5936
Spencer,TN,35.7279,-85.4287
Spencer,VA,36.5968,-80.0373
Spencer,WI,44.7391,-90.3114
Spencer,WV,38.7897,-81.3303
Spencerport,NY,43.1895,-77.8043
Spencertown,NY,42.3091,-73.5008
Spencerville,IN,41.2696,-84.9398
Spencerville,MD,39.1223,-76.9722
Spencerville,OH,40.7038,-84.3413
Spencerville,OK,34.1508,-95.3771
Speonk,NY,40.8195,-72.7054
Sperry,IA,40.9419,-91.185
Sperry,OK,36.2955,-95.9804
Sperryville,VA,38.6203,-78.2466
Spiceland,IN,39.8271,-85.445
Spicer,MN,45.2241,-94.9116
Spicewood,TX,30.3899,-98.0539
Spickard,MO,40.2439,-93.5944
Spillville,IA,43.2032,-91.9441
Spindale,NC,35.3601,-81.9251
Spinnerstown,PA,40.439,-75.4371
Spirit Lake,IA,43.4262,-95.1123
Spirit Lake,ID,47.9657,-116.868
Spiritwood,ND,46.9865,-98.5219
Spiro,OK,35.2492,-94.6265
Spivey,KS,37.441,-98.1751
Splendora,TX,30.2326,-95.1993
Spofford,NH,42.912,-72.4103
Spokane,MO,36.8636,-93.2754
Spokane,WA,47.6647,-117.39854
Spooner,WI,45.8505,-91.9155
Spotswood,NJ,40.3847,-74.3894
Spotsylvania,VA,38.2165,-77.66505
Spottsville,KY,37.8399,-87.4247
Spout Spring,VA,37.3643,-78.9059
Spraggs,PA,39.7447,-80.2145
Sprague,NE,40.6267,-96.7456
Sprague,WA,47.3247,-117.9897
Sprague River,OR,42.4514,-121.4365
Spragueville,IA,42.0727,-90.473
Sprakers,NY,42.8484,-74.4536
Sprankle Mills,PA,41.0133,-79.114
Spray,OR,44.8242,-119.8303
Spreckels,CA,36.6261,-121.6555
Spring,TX,30.1258,-95.46058
Spring Arbor,MI,42.2069,-84.5501
Spring Branch,TX,29.9238,-98.3788
Spring Brook,NY,42.8072,-78.6676
Spring Church,PA,40.6153,-79.4545
Spring City,PA,40.1765,-75.5697
Spring City,TN,35.6935,-84.8198
Spring City,UT,39.4671,-111.4661
Spring Creek,NV,40.7519,-115.5956
Spring Creek,PA,41.92,-79.4482
Spring Creek,TN,35.7668,-88.6839
Spring Dale,WV,37.8798,-80.8034
Spring Gap,MD,39.5654,-78.7164
Spring Garden,AL,33.9778,-85.5521
Spring Glen,NY,41.6639,-74.4245
Spring Glen,PA,40.6258,-76.6218
Spring Green,WI,43.1883,-90.0676
Spring Grove,IL,42.4413,-88.2237
Spring Grove,MN,43.5623,-91.6368
Spring Grove,PA,39.8572,-76.8774
Spring Grove,VA,37.1901,-76.9923
Spring Hill,FL,28.48387,-82.54093
Spring Hill,KS,38.7631,-94.8246
Spring Hill,TN,35.7173,-86.9048
Spring Hope,NC,35.9302,-78.1085
Spring House,PA,40.1839,-75.2327
Spring Lake,MI,43.0887,-86.1915
Spring Lake,MN,47.6359,-93.922
Spring Lake,NC,35.183,-78.9786
Spring Lake,NJ,40.1542,-74.0379
Spring Mills,PA,40.8578,-77.574
Spring Mount,PA,40.2759,-75.4618
Spring Park,MN,44.9356,-93.6341
Spring Run,PA,40.1734,-77.7092
Spring Valley,CA,32.73662,-116.98875
Spring Valley,IL,41.3279,-89.2042
Spring Valley,MN,43.6823,-92.368
Spring Valley,NY,41.1158,-74.0474
Spring Valley,OH,39.6083,-84.026
Spring Valley,WI,44.8356,-92.2906
Springboro,OH,39.563,-84.2288
Springboro,PA,41.8113,-80.3753
Springbrook,IA,42.1674,-90.4846
Springbrook,WI,45.9452,-91.6754
Springdale,AR,36.17857,-94.12533
Springdale,MT,45.7383,-110.2271
Springdale,PA,40.544,-79.7844
Springdale,UT,37.1862,-113.0139
Springdale,WA,48.0022,-117.829
Springer,NM,36.3767,-104.5927
Springer,OK,34.3038,-97.1223
Springerton,IL,38.1699,-88.3726
Springerville,AZ,34.1702,-109.3315
Springfield,AR,35.2749,-92.5457
Springfield,CO,37.4067,-102.6173
Springfield,GA,32.3697,-81.3618
Springfield,ID,43.0803,-112.673
Springfield,IL,39.77561,-89.61896
Springfield,KY,37.7342,-85.2107
Springfield,LA,30.4157,-90.5775
Springfield,MA,42.12438,-72.57273
Springfield,ME,45.4264,-68.1108
Springfield,MN,44.2329,-94.9792
Springfield,MO,37.21558,-93.30261
Springfield,NE,41.0765,-96.1438
Springfield,NH,43.4938,-72.047
Springfield,NJ,40.7015,-74.3227
Springfield,OH,39.92765,-83.8083
Springfield,OR,44.05447,-122.9848
Springfield,PA,39.9296,-75.3338
Springfield,SC,33.5343,-81.2499
Springfield,SD,42.8687,-97.9288
Springfield,TN,36.5018,-86.8769
Springfield,VA,38.80219,-77.2457
Springfield,VT,43.3034,-72.4778
Springfield,WI,42.636,-88.416
Springfield,WV,39.463,-78.695
Springfield Center,NY,42.8388,-74.859
Springfield Gardens,NY,40.6645,-73.7559
Springhill,LA,33.0005,-93.4596
Springlake,TX,34.2393,-102.309
Springport,IN,40.0527,-85.3833
Springport,MI,42.3805,-84.7039
Springs,PA,39.748,-79.1237
Springtown,PA,40.5565,-75.2893
Springtown,TX,32.966,-97.6836
Springvale,ME,43.4715,-70.8064
Springview,NE,42.8488,-99.8061
Springville,AL,33.7386,-86.4394
Springville,CA,36.1363,-118.7961
Springville,IA,42.0607,-91.4394
Springville,IN,38.9507,-86.6139
Springville,NY,42.52,-78.6847
Springville,PA,41.7147,-75.9025
Springville,TN,36.265,-88.1459
Springville,UT,40.1625,-111.5987
Springwater,NY,42.6776,-77.5775
Sproul,PA,40.2711,-78.4588
Spruce,MI,44.8224,-83.5044
Spruce Creek,PA,40.6218,-78.1361
Spruce Head,ME,44.0104,-69.1707
Spruce Pine,AL,34.4246,-87.8145
Spruce Pine,NC,35.906,-82.0705
Spur,TX,33.479,-100.8571
Spurgeon,IN,38.2523,-87.2572
Spurger,TX,30.6387,-94.1663
Spurlockville,WV,38.1057,-82.0272
Squaw Lake,MN,47.6362,-94.1475
Squire,WV,37.2384,-81.6098
Squires,MO,36.8504,-92.5844
Squirrel Island,ME,44.0213,-69.5233
St Columbans,NE,41.0927,-96.0905
St John,KS,38.0022,-98.7601
Staatsburg,NY,41.8502,-73.8988
Stacy,MN,45.39775,-93.00255
Stacy,NC,34.8412,-76.4289
Stacyville,IA,43.4457,-92.761
Stacyville,ME,45.8637,-68.5053
Stafford,CT,41.9848,-72.289
Stafford,KS,37.9554,-98.5929
Stafford,NY,42.9829,-78.0898
Stafford,OH,39.7112,-81.2758
Stafford,TX,29.61945,-95.56275
Stafford,VA,38.45083,-77.4497
Stafford Springs,CT,41.9661,-72.2899
Staffordsville,KY,37.8253,-82.8823
Staffordsville,VA,37.2491,-80.7344
Staffordville,CT,41.9916,-72.2577
Stahlstown,PA,40.1386,-79.3445
Staley,NC,35.796,-79.5514
Stambaugh,KY,37.9166,-82.8034
Stambaugh,MI,46.0797,-88.629
Stamford,CT,41.06214,-73.53884
Stamford,NE,40.1163,-99.5814
Stamford,NY,42.4174,-74.6098
Stamford,TX,32.9453,-99.7859
Stamford,VT,42.7562,-73.0679
Stamping Ground,KY,38.2888,-84.6818
Stamps,AR,33.3569,-93.5013
Stanaford,WV,37.8159,-81.1523
Stanardsville,VA,38.3121,-78.482
Stanberry,MO,40.2293,-94.5387
Stanchfield,MN,45.6675,-93.2433
Standard,CA,37.9666,-120.3108
Standard,IL,41.2567,-89.1778
Standish,CA,40.3509,-120.4068
Standish,ME,43.8142,-70.4807
Standish,MI,43.9733,-83.9433
Stanfield,AZ,32.8823,-111.966
Stanfield,NC,35.2106,-80.4407
Stanfield,OR,45.786,-119.2116
Stanford,CA,37.4236,-122.1619
Stanford,IL,40.4376,-89.2164
Stanford,IN,39.0859,-86.6689
Stanford,KY,37.5245,-84.6912
Stanford,MT,47.1489,-110.1961
Stanfordville,NY,41.8877,-73.6945
Stanhope,IA,42.2904,-93.7751
Stanhope,NJ,40.9217,-74.7004
Stanley,IA,42.6356,-91.8127
Stanley,ID,44.3714,-114.8561
Stanley,NC,35.3516,-81.0959
Stanley,ND,48.3458,-102.4185
Stanley,NM,35.1295,-106.0283
Stanley,NY,42.8303,-77.1207
Stanley,VA,38.566,-78.5093
Stanley,WI,44.9689,-90.9389
Stanleytown,VA,36.7348,-79.9465
Stanton,AL,32.7332,-86.8963
Stanton,CA,33.7991,-117.9956
Stanton,IA,40.9859,-95.0988
Stanton,KY,37.8223,-83.7853
Stanton,MI,43.3058,-85.0995
Stanton,MO,38.2745,-91.1057
Stanton,ND,47.3128,-101.3899
Stanton,NE,41.9076,-97.214
Stanton,NJ,40.5764,-74.8311
Stanton,TN,35.4482,-89.3326
Stanton,TX,32.14,-101.8099
Stantonsburg,NC,35.594,-77.8378
Stantonville,TN,35.1809,-88.4364
Stanville,KY,37.5741,-82.6271
Stanwood,IA,41.8963,-91.1662
Stanwood,MI,43.6017,-85.4446
Stanwood,WA,48.2011,-122.378
Staplehurst,NE,40.9845,-97.1859
Staples,MN,46.3536,-94.7633
Staples,TX,29.7706,-97.8186
Stapleton,AL,30.7476,-87.7787
Stapleton,GA,33.1894,-82.4597
Stapleton,NE,41.4888,-100.4831
Star,ID,43.7013,-116.4967
Star,MS,32.094,-90.0462
Star,NC,35.4211,-79.7826
Star,TX,31.4685,-98.3161
Star City,AR,33.9405,-91.8653
Star City,IN,40.9602,-86.5404
Star Junction,PA,40.0651,-79.769
Star Lake,NY,44.1578,-75.033
Star Lake,WI,46.0613,-89.4858
Star Prairie,WI,45.2013,-92.5514
Star Tannery,VA,39.0908,-78.4343
Starbuck,MN,45.5926,-95.5421
Starbuck,WA,46.5128,-118.1024
Starford,PA,40.7027,-78.9588
Stark,KS,37.6811,-95.1388
Stark City,MO,36.8785,-94.1548
Starke,FL,29.9583,-82.1185
Starks,LA,30.3085,-93.6615
Starksboro,VT,44.2261,-73.0157
Starkville,MS,33.4552,-88.8259
Starkweather,ND,48.4488,-98.8539
Starlight,PA,41.9251,-75.3212
Starr,SC,34.3962,-82.6897
Starrucca,PA,41.8907,-75.449
Start,LA,32.4865,-91.8593
Startex,SC,34.9285,-82.099
Startup,WA,47.8703,-121.7685
State Center,IA,42.0109,-93.1673
State College,PA,40.79687,-77.86623
State Farm,VA,37.6454,-77.8283
State Line,IN,40.1967,-87.5265
State Line,MS,31.3916,-88.5171
State Line,PA,39.7248,-77.7186
State Park,SC,34.0907,-80.9662
State Road,NC,36.3422,-80.8653
State University,AR,35.8422,-90.6735
Stateline,NV,38.9643,-119.9068
Staten Island,NY,40.58679,-74.14663
Statenville,GA,30.7065,-83.019
Statesboro,GA,32.43892,-81.76245
Statesville,NC,35.81557,-80.88903
Statham,GA,33.9602,-83.5893
Staunton,IL,39.0135,-89.7857
Staunton,IN,39.4875,-87.1889
Staunton,VA,38.15835,-79.064
Stayton,OR,44.8021,-122.7624
Steamboat Rock,IA,42.4178,-93.0629
Steamboat Springs,CO,40.57913,-106.87473
Steamburg,NY,42.082,-78.9177
Stearns,KY,36.7082,-84.5165
Stebbins,AK,63.5222,-162.2881
Stedman,NC,35.0347,-78.6949
Steedman,MO,38.7566,-91.7888
Steele,AL,33.9417,-86.2289
Steele,KY,37.4029,-82.2071
Steele,MO,36.0915,-89.8346
Steele,ND,46.8524,-99.9336
Steele City,NE,40.0378,-97.0248
Steeles Tavern,VA,37.9705,-79.2233
Steeleville,IL,38.0057,-89.6665
Steelville,MO,37.8904,-91.3032
Steen,MN,43.5317,-96.2439
Steens,MS,33.5671,-88.3278
Steep Falls,ME,43.7719,-70.6396
Steger,IL,41.4686,-87.6386
Stehekin,WA,48.3093,-120.6565
Steilacoom,WA,47.1704,-122.5888
Steinauer,NE,40.2169,-96.2302
Steinhatchee,FL,29.6739,-83.3723
Stella,MO,36.7516,-94.2086
Stella,NC,34.7777,-77.1308
Stella,NE,40.2303,-95.768
Stella Niagara,NY,43.1995,-79.0425
Stem,NC,36.1999,-78.7222
Stendal,IN,38.2835,-87.1205
Stennis Space Center,MS,30.4032,-89.4982
Stephan,SD,44.248,-99.4532
Stephen,MN,48.4525,-96.8674
Stephens,AR,33.455,-93.0214
Stephens,GA,33.7715,-83.1159
Stephens City,VA,39.0834,-78.1907
Stephenson,MI,45.4166,-87.6258
Stephenson,VA,39.1973,-78.0941
Stephenson,WV,37.5798,-81.3339
Stephensport,KY,37.9048,-86.524
Stephentown,NY,42.5671,-73.3947
Stephenville,TX,32.21835,-98.2152
Steptoe,WA,47.006,-117.356
Sterling,AK,60.5136,-150.8532
Sterling,CO,40.6306,-103.2212
Sterling,CT,41.7156,-71.8196
Sterling,IL,41.8055,-89.7054
Sterling,KS,38.2126,-98.2055
Sterling,MA,42.4354,-71.7752
Sterling,MI,44.0669,-84.0505
Sterling,ND,46.8436,-100.2744
Sterling,NE,40.4637,-96.3867
Sterling,NY,43.3296,-76.6747
Sterling,OH,40.9369,-81.8305
Sterling,OK,34.7496,-98.1679
Sterling,PA,41.3412,-75.3899
Sterling,UT,39.1936,-111.6924
Sterling,VA,39.0128,-77.4231
Sterling City,TX,31.8351,-101.0017
Sterling Forest,NY,41.1823,-74.3184
Sterling Heights,MI,42.58344,-83.0275
Sterlington,LA,32.7119,-92.0981
Sterrett,AL,33.4461,-86.4917
Stet,MO,39.4231,-93.7588
Stetson,ME,44.8843,-69.1069
Stetsonville,WI,45.0792,-90.2829
Steuben,ME,44.4971,-67.9503
Steuben,WI,43.1955,-90.8609
Steubenville,OH,40.3611,-80.65605
Stevens,PA,40.2194,-76.1626
Stevens Point,WI,44.52897,-89.5352
Stevens Village,AK,66.0064,-149.0908
Stevensburg,VA,38.4441,-77.8842
Stevenson,AL,34.8769,-85.8508
Stevenson,CT,41.3866,-73.1872
Stevenson,MD,39.4104,-76.713
Stevenson,WA,45.6882,-121.9093
Stevenson Ranch,CA,34.3775,-118.6131
Stevensville,MD,38.9394,-76.3371
Stevensville,MI,42.022,-86.5119
Stevensville,MT,46.5267,-114.0478
Stevensville,PA,41.7718,-76.1717
Stevensville,VA,37.7146,-76.9352
Stevinson,CA,37.3283,-120.8764
Steward,IL,41.8475,-89.0151
Stewardson,IL,39.272,-88.6319
Stewart,MN,44.7259,-94.4516
Stewart,MS,33.5101,-89.479
Stewart,OH,39.3213,-81.8929
Stewart,TN,36.3241,-87.8725
Stewarts Point,CA,38.7082,-123.3478
Stewartstown,PA,39.772,-76.597
Stewartsville,MO,39.7984,-94.5175
Stewartsville,NJ,40.6937,-75.111
Stewartville,MN,43.8555,-92.4885
Stickney,SD,43.5842,-98.5088
Stidham,OK,35.3814,-95.7056
Stigler,OK,35.2686,-95.1071
Stilesville,IN,39.6391,-86.6182
Still Pond,MD,39.3293,-76.0455
Still River,MA,42.4871,-71.6131
Stillman Valley,IL,42.1183,-89.1898
Stillmore,GA,32.4421,-82.2151
Stillwater,ME,44.9084,-68.6864
Stillwater,MN,45.0412,-92.91555
Stillwater,NJ,41.0439,-74.872
Stillwater,NY,43.0019,-73.6609
Stillwater,OH,40.3234,-81.3084
Stillwater,OK,36.1112,-97.06158
Stillwater,PA,41.1515,-76.3696
Stilwell,KS,38.7902,-94.6643
Stilwell,OK,35.8107,-94.6313
Stinesville,IN,39.2998,-86.6482
Stinnett,KY,37.0883,-83.3907
Stinnett,TX,35.8377,-101.45
Stinson Beach,CA,37.902,-122.6393
Stirling,NJ,40.6774,-74.4968
Stirling City,CA,39.9077,-121.5269
Stirum,ND,46.2519,-97.8326
Stites,ID,46.002,-115.9269
Stittville,NY,43.2229,-75.2899
Stitzer,WI,42.9214,-90.6079
Stockbridge,GA,33.5633,-84.2165
Stockbridge,MA,42.34695,-73.2754
Stockbridge,MI,42.4604,-84.1752
Stockbridge,VT,43.7738,-72.7814
Stockbridge,WI,44.0717,-88.299
Stockdale,OH,38.9555,-82.8584
Stockdale,PA,40.0826,-79.8501
Stockdale,TX,29.2319,-97.9351
Stockertown,PA,40.754,-75.2621
Stockett,MT,47.3217,-111.1287
Stockholm,ME,47.0423,-68.1395
Stockholm,NJ,41.0992,-74.5283
Stockholm,SD,45.1031,-96.8106
Stockholm,WI,44.5084,-92.2326
Stockland,IL,40.6145,-87.5928
Stockport,IA,40.8584,-91.8141
Stockport,OH,39.549,-81.8262
Stockton,AL,31.0129,-87.8633
Stockton,CA,37.97446,-121.30124
Stockton,GA,31.0229,-83.0139
Stockton,IA,41.5914,-90.8588
Stockton,IL,42.3492,-90.0202
Stockton,KS,39.4376,-99.2871
Stockton,MD,38.0452,-75.4108
Stockton,MN,44.0252,-91.7708
Stockton,MO,37.7241,-93.796
Stockton,NJ,40.4397,-74.9554
Stockton,NY,42.3182,-79.3758
Stockton,UT,40.4415,-112.3559
Stockton Springs,ME,44.5141,-68.856
Stockville,NE,40.4948,-100.3849
Stockwell,IN,40.2845,-86.7724
Stoddard,NH,43.0739,-72.1088
Stoddard,WI,43.6912,-91.1919
Stokes,NC,35.7104,-77.2722
Stokesdale,NC,36.2552,-79.9705
Stollings,WV,37.8303,-81.9639
Stone,KY,37.5859,-82.271
Stone Creek,OH,40.4052,-81.589
Stone Harbor,NJ,39.0533,-74.762
Stone Lake,WI,45.8337,-91.5093
Stone Mountain,GA,33.81292,-84.1567
Stone Park,IL,41.903,-87.8811
Stone Ridge,NY,41.8616,-74.1697
Stoneboro,PA,41.3439,-80.0976
Stonefort,IL,37.6432,-88.6228
Stoneham,CO,40.687,-103.6387
Stoneham,MA,42.4828,-71.0978
Stoneham,ME,44.2641,-70.8875
Stoneville,MS,33.4096,-90.9104
Stoneville,NC,36.4705,-79.9013
Stonewall,LA,32.2848,-93.8003
Stonewall,MS,32.1564,-88.7748
Stonewall,NC,35.1371,-76.7406
Stonewall,OK,34.6511,-96.5273
Stonewall,TX,30.2088,-98.6131
Stoney Fork,KY,36.8323,-83.5346
Stonington,CT,41.3664,-71.9155
Stonington,IL,39.6405,-89.1913
Stonington,ME,44.1752,-68.6746
Stony Brook,NY,40.91625,-73.1343
Stony Creek,NY,43.4214,-73.9495
Stony Creek,VA,36.9361,-77.4443
Stony Point,NC,35.8661,-81.0641
Stony Point,NY,41.2292,-73.9962
Stony Ridge,OH,41.5091,-83.5085
Stonyford,CA,39.3176,-122.5393
Stopover,KY,37.5093,-82.0784
Storden,MN,44.0524,-95.3019
Storm Lake,IA,42.6474,-95.1961
Stormville,NY,41.5512,-73.7255
Storrie,CA,39.9175,-121.3222
Storrs Mansfield,CT,41.80385,-72.2494
Story,AR,34.6687,-93.5376
Story,WY,44.58,-106.8978
Story City,IA,42.1835,-93.5988
Stotts City,MO,37.1031,-93.9543
Stottville,NY,42.2857,-73.7335
Stoughton,MA,42.1253,-71.1074
Stoughton,WI,42.929,-89.224
Stout,IA,42.5264,-92.7119
Stout,OH,38.6546,-83.209
Stoutland,MO,37.8693,-92.5114
Stoutsville,MO,39.5594,-91.8297
Stoutsville,OH,39.6067,-82.8193
Stovall,NC,36.4482,-78.5703
Stover,MO,38.4414,-92.9947
Stow,MA,42.4308,-71.515
Stow,NY,42.1557,-79.4122
Stow,OH,41.1748,-81.438
Stowe,VT,44.4695,-72.6923
Stowell,TX,29.7809,-94.39
Stoy,IL,38.9898,-87.8396
Stoystown,PA,40.0948,-78.9658
Strabane,PA,40.2505,-80.1984
Strafford,MO,37.2797,-93.1066
Strafford,NH,43.2506,-71.1625
Strafford,VT,43.8723,-72.3636
Strandburg,SD,45.0389,-96.7901
Strandquist,MN,48.4526,-96.4723
Strang,NE,40.4156,-97.587
Strang,OK,36.4141,-95.0773
Strasburg,CO,39.7814,-104.2683
Strasburg,IL,39.3641,-88.6279
Strasburg,MO,38.7658,-94.1609
Strasburg,ND,46.0979,-100.2119
Strasburg,OH,40.6003,-81.5366
Strasburg,PA,39.9701,-76.1848
Strasburg,VA,39.0346,-78.36495
Stratford,CA,36.179,-119.8236
Stratford,CT,41.1965,-73.132
Stratford,IA,42.2847,-93.9029
Stratford,NJ,39.8288,-75.0147
Stratford,NY,43.1791,-74.6768
Stratford,OK,34.7714,-96.9763
Stratford,SD,45.2866,-98.2792
Stratford,TX,36.3335,-101.9886
Stratford,VA,38.1484,-76.8413
Stratford,WA,47.4268,-119.2816
Stratford,WI,44.7899,-90.0583
Stratham,NH,43.0194,-70.8997
Strathcona,MN,48.5459,-96.0879
Strathmere,NJ,39.1992,-74.6554
Strathmore,CA,36.1472,-119.0792
Strattanville,PA,41.1955,-79.3082
Stratton,CO,39.3087,-102.5979
Stratton,ME,45.1116,-70.423
Stratton,NE,40.1445,-101.2183
Stratton,OH,40.5185,-80.6285
Straughn,IN,39.8319,-85.2724
Strausstown,PA,40.4945,-76.1825
Strawberry,AR,35.9673,-91.2935
Strawberry,CA,38.2042,-120.0101
Strawberry Plains,TN,36.0687,-83.6568
Strawberry Point,IA,42.6832,-91.5409
Strawberry Valley,CA,39.687,-121.045
Strawn,IL,40.6476,-88.404
Strawn,TX,32.5945,-98.4995
Streamwood,IL,42.0225,-88.169
Streator,IL,41.1225,-88.8307
Street,MD,39.6574,-76.3713
Streeter,ND,46.695,-99.2971
Streetman,TX,31.8885,-96.2988
Streetsboro,OH,41.2491,-81.3383
Stringer,MS,31.8447,-89.2621
Stringtown,OK,34.4676,-96.0002
Stroh,IN,41.5835,-85.1992
Stromsburg,NE,41.1118,-97.5742
Strong,AR,33.1195,-92.3621
Strong,ME,44.8224,-70.2221
Strong City,KS,38.4129,-96.5172
Stronghurst,IL,40.7523,-90.9257
Strongstown,PA,40.5727,-78.9
Strongsville,OH,41.3133,-81.84235
Stroud,OK,35.7398,-96.6719
Stroudsburg,PA,40.9877,-75.2485
Strum,WI,44.5674,-91.3833
Strunk,KY,36.6191,-84.4308
Struthers,OH,41.0508,-80.5985
Stryker,MT,48.6741,-114.7702
Stryker,OH,41.4861,-84.4089
Strykersville,NY,42.7249,-78.4347
Stuart,FL,27.17623,-80.23115
Stuart,IA,41.5033,-94.3186
Stuart,NE,42.5713,-99.1396
Stuart,OK,34.8826,-96.1381
Stuart,VA,36.6517,-80.2392
Stuarts Draft,VA,38.0144,-79.0298
Studio City,CA,34.1458,-118.3939
Studley,VA,37.6757,-77.2908
Stump Creek,PA,41.0126,-78.8373
Stumpy Point,NC,35.6985,-75.7728
Sturbridge,MA,42.1126,-72.0842
Sturdivant,MO,37.071,-90.0092
Sturgeon,MO,39.2057,-92.2953
Sturgeon,PA,40.3863,-80.2083
Sturgeon Bay,WI,44.8438,-87.3753
Sturgeon Lake,MN,46.3837,-92.8182
Sturgis,KY,37.5487,-87.9965
Sturgis,MI,41.8089,-85.4264
Sturgis,MS,33.357,-89.0473
Sturgis,SD,44.3692,-103.3617
Sturkie,AR,36.4747,-91.8891
Sturtevant,WI,42.6967,-87.9031
Stuttgart,AR,34.4854,-91.5487
Stuyvesant,NY,42.3596,-73.7613
Stuyvesant Falls,NY,42.344,-73.7348
Suamico,WI,44.6435,-88.0317
Subiaco,AR,35.3153,-93.5991
Sublette,IL,41.6331,-89.2354
Sublette,KS,37.5221,-100.8208
Sublime,TX,29.4876,-96.7946
Sublimity,OR,44.8425,-122.8007
Suburb Maryland Fac,MD,39.144,-77.2076
Succasunna,NJ,40.8539,-74.6536
Success,AR,36.4536,-90.7281
Success,MO,37.4626,-92.0909
Suches,GA,34.7253,-84.0496
Sudan,TX,34.0697,-102.5255
Sudbury,MA,42.3837,-71.4282
Sudlersville,MD,39.1823,-75.85
Suffern,NY,41.1177,-74.1241
Suffield,CT,41.9859,-72.6463
Suffolk,VA,36.7804,-76.59635
Sugar City,CO,38.2444,-103.6556
Sugar City,ID,43.8477,-111.6932
Sugar Grove,IL,41.7741,-88.4397
Sugar Grove,NC,36.2627,-81.8441
Sugar Grove,OH,39.6277,-82.5321
Sugar Grove,PA,41.9475,-79.3186
Sugar Grove,VA,36.7736,-81.4084
Sugar Grove,WV,38.489,-79.3593
Sugar Hill,NH,44.2203,-71.7964
Sugar Land,TX,29.59658,-95.651
Sugar Loaf,NY,41.3232,-74.2886
Sugar Run,PA,41.6041,-76.2598
Sugar Tree,TN,35.792,-88.0322
Sugar Valley,GA,34.5519,-85.026
Sugarcreek,OH,40.5148,-81.6604
Sugarloaf,CA,34.2372,-116.8277
Sugarloaf,PA,40.9971,-76.0717
Sugartown,LA,30.8277,-93.017
Suisun City,CA,38.2408,-122.042
Suitland,MD,38.8456,-76.92305
Sula,MT,45.8433,-113.8748
Sulligent,AL,33.8549,-88.1508
Sullivan,IL,39.5934,-88.6038
Sullivan,IN,39.101,-87.4102
Sullivan,KY,37.494,-87.9328
Sullivan,ME,44.5458,-68.1279
Sullivan,MO,38.2307,-91.1567
Sullivan,NH,42.9982,-72.2019
Sullivan,OH,41.0368,-82.2172
Sullivan,WI,42.9982,-88.6026
Sullivan City,TX,26.272,-98.5627
Sullivans Island,SC,32.7637,-79.8399
Sully,IA,41.574,-92.8451
Sulphur,IN,38.2259,-86.4908
Sulphur,KY,38.4921,-85.252
Sulphur,LA,30.22803,-93.37803
Sulphur,OK,34.5116,-96.9797
Sulphur Bluff,TX,33.3334,-95.374
Sulphur Rock,AR,35.7545,-91.5073
Sulphur Springs,AR,36.4794,-94.4521
Sulphur Springs,IN,40.006,-85.4434
Sulphur Springs,OH,40.8709,-82.8771
Sulphur Springs,TX,33.13645,-95.59665
Sultan,WA,47.8589,-121.7369
Sultana,CA,36.5455,-119.3401
Sumas,WA,48.9708,-122.2074
Sumatra,FL,30.0206,-84.9806
Sumatra,MT,46.6183,-107.5512
Sumava Resorts,IN,41.1671,-87.4335
Sumerco,WV,38.2312,-81.9115
Sumerduck,VA,38.4674,-77.7044
Sumiton,AL,33.768,-87.0445
Summer Lake,OR,42.9447,-120.7946
Summer Shade,KY,36.8883,-85.7083
Summerdale,AL,30.4752,-87.6992
Summerdale,PA,40.3078,-76.9312
Summerfield,FL,29.0046,-82.0243
Summerfield,IL,38.5967,-89.7512
Summerfield,KS,39.9798,-96.3279
Summerfield,LA,32.9238,-92.8215
Summerfield,NC,36.2245,-79.8901
Summerfield,OH,39.8036,-81.332
Summerfield,TX,34.7437,-102.5064
Summerhill,PA,40.389,-78.756
Summerland,CA,34.4214,-119.5965
Summerland Key,FL,24.667,-81.5099
Summers,AR,36.0138,-94.5
Summersville,KY,37.3419,-85.6194
Summersville,MO,37.1484,-91.6828
Summersville,WV,38.3009,-80.8353
Summerton,SC,33.5946,-80.3606
Summertown,TN,35.4307,-87.3198
Summerville,GA,34.4859,-85.3362
Summerville,OR,45.5077,-118.027
Summerville,PA,41.1058,-79.1726
Summerville,SC,33.0061,-80.18982
Summit,AR,36.2523,-92.6907
Summit,MS,31.2975,-90.4654
Summit,NJ,40.71525,-74.36445
Summit,NY,42.535,-74.5452
Summit,SD,45.3521,-97.0427
Summit,UT,37.8011,-112.9363
Summit Argo,IL,41.7801,-87.824
Summit Hill,PA,40.8255,-75.8693
Summit Lake,WI,45.3965,-89.2179
Summit Point,WV,39.2338,-77.9586
Summit Station,OH,39.9965,-82.754
Summit Station,PA,40.5545,-76.2038
Summitville,IN,40.3398,-85.6403
Summitville,NY,41.6215,-74.4507
Summitville,OH,40.6781,-80.8862
Summitville,TN,35.5595,-85.9925
Sumner,GA,31.513,-83.7385
Sumner,IA,42.8419,-92.1186
Sumner,IL,38.7171,-87.8638
Sumner,ME,44.374,-70.4469
Sumner,MI,43.3091,-84.7907
Sumner,MO,39.655,-93.2241
Sumner,MS,33.9833,-90.3895
Sumner,NE,40.9504,-99.52
Sumner,TX,33.7589,-95.6807
Sumner,WA,47.13805,-122.1706
Sumneytown,PA,40.3278,-75.454
Sumpter,OR,44.7457,-118.2022
Sumrall,MS,31.36,-89.5777
Sumter,SC,33.91008,-80.36298
Sumterville,FL,28.7356,-82.0616
Sun,LA,30.6491,-89.8926
Sun City,AZ,33.6208,-112.29097
Sun City,CA,33.72555,-117.1845
Sun City,FL,27.6784,-82.4787
Sun City,KS,37.3786,-98.9159
Sun City Center,FL,27.7174,-82.4034
Sun City West,AZ,33.6738,-112.3536
Sun Prairie,WI,43.18965,-89.2428
Sun River,MT,47.481,-111.7242
Sun Valley,AZ,34.9806,-110.0582
Sun Valley,CA,34.2192,-118.37015
Sun Valley,ID,43.63995,-114.32695
Sun Valley,NV,39.5955,-119.7754
Sunapee,NH,43.3868,-72.095
Sunbright,TN,36.2622,-84.6984
Sunburg,MN,45.3583,-95.2049
Sunburst,MT,48.8516,-111.7442
Sunbury,NC,36.4316,-76.6096
Sunbury,OH,40.2655,-82.8511
Sunbury,PA,40.8551,-76.7776
Suncook,NH,43.1604,-71.4179
Sundance,WY,44.4058,-104.3837
Sunderland,MA,42.4539,-72.5676
Sunderland,MD,38.649,-76.5767
Sundown,TX,33.4482,-102.4898
Sunfield,MI,42.7693,-84.9813
Sunflower,AL,31.3696,-88.0122
Sunflower,MS,33.5567,-90.5451
Sunland,CA,34.26435,-118.3197
Sunland Park,NM,31.8186,-106.5997
Sunman,IN,39.237,-85.0947
Sunny Side,GA,33.3453,-84.2898
Sunnyside,NY,40.7436,-73.9216
Sunnyside,UT,39.5514,-110.3879
Sunnyside,WA,46.3213,-120.0126
Sunnyvale,CA,37.37646,-122.02266
Sunnyvale,TX,32.797,-96.5616
Sunol,CA,37.6094,-121.8986
Sunray,TX,36.0097,-101.8123
Sunrise Beach,MO,38.1558,-92.7854
Sunset,LA,30.3884,-92.0934
Sunset,ME,44.2059,-68.7047
Sunset,SC,34.9706,-82.8076
Sunset,TX,33.4539,-97.7709
Sunset Beach,CA,33.7164,-118.069
Sunset Beach,NC,33.8836,-78.52
Sunshine,LA,30.2982,-91.1799
Sunspot,NM,32.8672,-105.7811
Supai,AZ,36.2242,-112.6932
Superior,AZ,33.2887,-111.0985
Superior,IA,43.4318,-94.9469
Superior,MT,47.1721,-114.8885
Superior,NE,40.0315,-98.0779
Superior,WI,46.7016,-92.0912
Superior,WY,41.7643,-108.9681
Suplee,PA,40.0995,-75.8791
Supply,NC,34.0231,-78.2884
Suquamish,WA,47.7343,-122.5573
Surfside,CA,33.7264,-118.0833
Surgoinsville,TN,36.4741,-82.8306
Suring,WI,45.0186,-88.3628
Surprise,AZ,33.6378,-112.38538
Surprise,NE,41.1086,-97.3112
Surprise,NY,42.3851,-73.9587
Surrency,GA,31.6489,-82.1982
Surrey,ND,48.2365,-101.1216
Surry,ME,44.4883,-68.5063
Surry,VA,37.126,-76.7651
Surveyor,WV,37.7565,-81.3092
Susan,VA,37.3508,-76.3161
Susanville,CA,40.4073,-120.6497
Susquehanna,PA,41.9487,-75.5862
Sussex,NJ,41.2292,-74.5992
Sussex,VA,36.9151,-77.2791
Sussex,WI,43.1441,-88.2271
Sutersville,PA,40.2382,-79.7922
Sutherland,IA,42.9826,-95.4807
Sutherland,NE,41.1557,-101.136
Sutherland,VA,37.1901,-77.5655
Sutherland Springs,TX,29.2888,-98.0509
Sutherlin,OR,43.3904,-123.2974
Sutherlin,VA,36.6258,-79.195
Sutter,CA,39.1779,-121.7758
Sutter,IL,40.2865,-91.3726
Sutter Creek,CA,38.4175,-120.7951
Sutton,AK,61.7327,-148.7837
Sutton,MA,42.1266,-71.7552
Sutton,ND,47.3854,-98.432
Sutton,NE,40.6056,-97.8592
Sutton,VT,44.6465,-72.0211
Sutton,WV,38.6541,-80.676
Suttons Bay,MI,44.9656,-85.6423
Suwanee,GA,34.0425,-84.0262
Suwannee,FL,29.3295,-83.14
Swain,NY,42.4773,-77.889
Swainsboro,GA,32.5699,-82.3462
Swaledale,IA,42.9622,-93.3115
Swampscott,MA,42.4746,-70.9098
Swan,IA,41.4636,-93.301
Swan Lake,MS,33.9292,-90.1885
Swan Lake,NY,41.7285,-74.8341
Swan River,MN,47.0739,-93.1964
Swan Valley,ID,43.456,-111.3416
Swanlake,ID,42.3195,-111.9781
Swannanoa,NC,35.6172,-82.407
Swanquarter,NC,35.4222,-76.2875
Swans Island,ME,44.1451,-68.4517
Swansboro,NC,34.6991,-77.135
Swansea,MA,41.7473,-71.2122
Swansea,SC,33.7339,-81.0933
Swanton,MD,39.4764,-79.2402
Swanton,NE,40.3844,-97.0806
Swanton,OH,41.5945,-83.8718
Swanton,VT,44.9168,-73.1211
Swanville,MN,45.9431,-94.6289
Swanzey,NH,42.8411,-72.3301
Swarthmore,PA,39.8967,-75.3474
Swartswood,NJ,41.1029,-74.8508
Swartz,LA,32.4908,-92.1594
Swartz Creek,MI,42.9468,-83.817
Swatara,MN,46.9232,-93.7464
Swayzee,IN,40.5112,-85.8265
Swea City,IA,43.4022,-94.3193
Swedesboro,NJ,39.7529,-75.3362
Swedesburg,IA,41.1043,-91.547
Sweeden,KY,37.2641,-86.2978
Sweeny,TX,29.0415,-95.7004
Sweet,ID,43.9948,-116.3232
Sweet Briar,VA,37.5529,-79.0664
Sweet Grass,MT,48.9961,-111.9606
Sweet Home,AR,34.6873,-92.2399
Sweet Home,OR,44.3981,-122.7286
Sweet Home,TX,29.3426,-97.0756
Sweet Springs,MO,38.966,-93.4247
Sweet Valley,PA,41.3066,-76.1339
Sweet Water,AL,32.0773,-87.9228
Sweetser,IN,40.5647,-85.7656
Sweetwater,OK,35.4488,-99.9006
Sweetwater,TN,35.6015,-84.461
Sweetwater,TX,32.4726,-100.3979
Swengel,PA,40.8923,-77.1266
Swepsonville,NC,36.0214,-79.3574
Swift,MN,48.8533,-95.2213
Swifton,AR,35.8274,-91.1264
Swiftown,MS,33.3809,-90.3496
Swiftwater,PA,41.0879,-75.3483
Swink,CO,38.0145,-103.6283
Swink,OK,34.0179,-95.2022
Swisher,IA,41.8268,-91.6739
Swiss,WV,38.2255,-81.1273
Swisshome,OR,44.0899,-123.8279
Switchback,WV,37.3712,-81.3857
Switz City,IN,39.0369,-87.0502
Switzer,WV,37.7846,-81.9908
Swoope,VA,38.1591,-79.1873
Swords Creek,VA,37.0738,-81.9084
Sybertsville,PA,41.0015,-76.0763
Sycamore,AL,33.2512,-86.2025
Sycamore,GA,31.6553,-83.6064
Sycamore,IL,41.9911,-88.6928
Sycamore,KS,37.3281,-95.717
Sycamore,OH,40.9413,-83.1492
Sycamore,PA,39.9415,-80.2906
Sycamore,SC,33.0241,-81.2258
Sydney,FL,27.9634,-82.2073
Sykeston,ND,47.4369,-99.3975
Sykesville,MD,39.4567,-76.9696
Sykesville,PA,41.0514,-78.8195
Sylacauga,AL,33.17365,-86.31435
Sylmar,CA,34.3066,-118.4407
Sylva,NC,35.3481,-83.2031
Sylvan Beach,MI,43.372,-86.4237
Sylvan Beach,NY,43.1965,-75.7305
Sylvan Grove,KS,39.0324,-98.373
Sylvania,AL,34.559,-85.7921
Sylvania,GA,32.7439,-81.6287
Sylvania,OH,41.708,-83.7068
Sylvania,PA,41.8051,-76.8569
Sylvester,GA,31.5393,-83.8607
Sylvester,TX,32.7209,-100.2543
Sylvester,WV,38.0091,-81.5492
Sylvia,KS,37.9557,-98.4068
Symsonia,KY,36.9044,-88.5153
Syosset,NY,40.8204,-73.50225
Syracuse,IN,41.4065,-85.7184
Syracuse,KS,37.9826,-101.7687
Syracuse,MO,38.6547,-92.8929
Syracuse,NE,40.6614,-96.1824
Syracuse,NY,43.0481,-76.15918
Syracuse,OH,38.9976,-81.974
Syracuse,UT,41.0864,-112.0451
Syria,VA,38.4972,-78.3229
Taberg,NY,43.3366,-75.6027
Tabernash,CO,39.9797,-105.8615
Tabiona,UT,40.3827,-110.7021
Table Grove,IL,40.3784,-90.4239
Table Rock,NE,40.1874,-96.0818
Tabor,IA,40.9004,-95.6729
Tabor,SD,42.9383,-97.6923
Tabor City,NC,34.1233,-78.8232
Tacna,AZ,32.6934,-113.9763
Tacoma,WA,47.22609,-122.45363
Taconic,CT,42.032,-73.4038
Taconite,MN,47.3164,-93.3904
Tad,WV,38.3334,-81.4943
Taft,CA,35.1482,-119.4557
Taft,OK,35.7581,-95.5494
Taft,TN,35.0517,-86.6447
Taft,TX,27.9765,-97.3966
Tafton,PA,41.4045,-75.183
Taftsville,VT,43.6309,-72.4891
Taftville,CT,41.5653,-72.0529
Tahlequah,OK,35.90475,-95.00935
Tahoe City,CA,39.1806,-120.1445
Tahoe Vista,CA,39.2448,-120.0521
Tahoka,TX,33.1988,-101.822
Taholah,WA,47.3407,-124.2827
Tahoma,CA,39.0644,-120.1357
Tahuya,WA,47.4446,-123.0232
Taiban,NM,34.3271,-104.0159
Takoma Park,MD,38.98055,-77.0041
Takotna,AK,62.9886,-156.0642
Talala,OK,36.5429,-95.7142
Talbot,IN,40.5053,-87.4542
Talbott,TN,36.16,-83.4129
Talbotton,GA,32.6797,-84.5462
Talco,TX,33.3344,-95.0497
Talcott,WV,37.6491,-80.7461
Talent,OR,42.2363,-122.7861
Talihina,OK,34.7381,-94.9978
Talisheek,LA,30.5347,-89.8859
Talkeetna,AK,62.2605,-150.1101
Talking Rock,GA,34.5394,-84.4912
Tall Timbers,MD,38.1653,-76.5399
Talladega,AL,33.4278,-86.1081
Tallahassee,FL,30.45475,-84.28019
Tallapoosa,GA,33.7602,-85.3
Tallapoosa,MO,36.503,-89.8224
Tallassee,AL,32.551,-85.8978
Tallassee,TN,35.5844,-83.9923
Tallevast,FL,27.4054,-82.5435
Tallmadge,OH,41.0975,-81.426
Tallman,NY,41.1112,-74.0999
Tallmansville,WV,38.8564,-80.158
Tallula,IL,39.9445,-89.9373
Tallulah,LA,32.42055,-91.12565
Tallulah Falls,GA,34.742,-83.3977
Talmage,CA,39.1269,-123.1658
Talmage,KS,39.0269,-97.2597
Talmage,NE,40.5586,-96.0138
Talmage,PA,40.1168,-76.2131
Talmage,UT,40.3207,-110.436
Talmo,GA,34.1951,-83.7187
Talmoon,MN,47.5888,-93.7749
Taloga,OK,35.9972,-98.9825
Talpa,TX,31.8034,-99.6747
Tama,IA,41.9616,-92.58
Tamaqua,PA,40.7983,-75.9735
Tamarack,MN,46.6444,-93.1272
Tamaroa,IL,38.138,-89.2231
Tamassee,SC,34.897,-83.0375
Tamiment,PA,41.1423,-75.0271
Tamms,IL,37.2345,-89.2763
Tampa,FL,27.94286,-82.46204
Tampa,KS,38.5534,-97.1774
Tampico,IL,41.6522,-89.7948
Tamworth,NH,43.862,-71.2645
Tanacross,AK,63.3853,-143.3464
Tanana,AK,65.1719,-152.0789
Taneytown,MD,39.6658,-77.1691
Taneyville,MO,36.7405,-93.028
Tangent,OR,44.5497,-123.1108
Tangerine,FL,28.765,-81.6306
Tangier,VA,37.8245,-75.993
Tangipahoa,LA,30.8764,-90.5089
Tanner,AL,34.6796,-86.9625
Tannersville,NY,42.1956,-74.1338
Tannersville,PA,41.0472,-75.3244
Tannersville,VA,36.9763,-81.628
Taopi,MN,43.5458,-92.6335
Taos,NM,36.3953,-105.5847
Taos Ski Valley,NM,36.596,-105.4545
Tappahannock,VA,37.9146,-76.9125
Tappan,NY,41.0278,-73.9491
Tappen,ND,46.8336,-99.6019
Tar Heel,NC,34.7465,-78.8134
Tarawa Terrace,NC,34.7354,-77.3831
Tarboro,NC,35.8983,-77.5421
Tarentum,PA,40.6187,-79.7852
Tariffville,CT,41.9077,-72.7678
Tarkio,MO,40.4418,-95.3786
Tarlton,OH,39.5535,-82.7763
Tarpley,TX,29.6455,-99.2469
Tarpon Springs,FL,28.14215,-82.71275
Tarrs,PA,40.1686,-79.5848
Tarrytown,GA,32.3188,-82.5593
Tarrytown,NY,41.0897,-73.844
Tarzan,TX,32.3575,-101.9607
Tarzana,CA,34.1702,-118.5477
Tasley,VA,37.7104,-75.7005
Taswell,IN,38.3463,-86.5387
Tatamy,PA,40.7406,-75.2549
Tate,GA,34.4027,-84.3785
Tateville,KY,36.9492,-84.5815
Tatitlek,AK,60.8906,-146.6703
Tatum,NM,33.26,-103.314
Tatum,SC,34.6405,-79.5869
Tatum,TX,32.3266,-94.596
Tatums,OK,34.4777,-97.457
Taunton,MA,41.8306,-71.08485
Taunton,MN,44.5951,-96.0526
Tavares,FL,28.801,-81.734
Tavernier,FL,25.0108,-80.5218
Tawas City,MI,44.267,-83.53205
Taylor,AR,33.108,-93.446
Taylor,AZ,34.439,-110.0858
Taylor,LA,32.366,-93.1011
Taylor,MI,42.2317,-83.2673
Taylor,MO,39.9145,-91.5278
Taylor,MS,34.2849,-89.6273
Taylor,ND,46.9284,-102.3756
Taylor,NE,41.9141,-99.4543
Taylor,PA,41.3904,-75.7158
Taylor,TX,30.5708,-97.4094
Taylor,WI,44.2899,-91.1128
Taylor Ridge,IL,41.3828,-90.734
Taylor Springs,IL,39.1309,-89.492
Taylors,SC,34.9245,-82.3197
Taylors Falls,MN,45.4576,-92.733
Taylors Island,MD,38.4631,-76.2964
Taylorstown,PA,40.1611,-80.3781
Taylorsville,CA,40.0357,-120.7353
Taylorsville,GA,34.1229,-84.9739
Taylorsville,IN,39.2953,-85.9498
Taylorsville,KY,38.0471,-85.3829
Taylorsville,MS,31.8394,-89.4049
Taylorsville,NC,35.901,-81.2124
Taylorville,IL,39.5489,-89.2945
Tazewell,TN,36.471,-83.5552
Tazewell,VA,37.1078,-81.51
Tchula,MS,33.1624,-90.25
Tea,SD,43.4711,-96.8177
Teaberry,KY,37.422,-82.6405
Teachey,NC,34.77,-78.0221
Teague,TX,31.6328,-96.2778
Teaneck,NJ,40.8915,-74.0119
Teasdale,UT,38.2853,-111.4335
Teays,WV,38.4754,-81.8805
Tebbetts,MO,38.6402,-91.9673
Tecate,CA,32.5831,-116.62335
Techny,IL,42.1164,-87.8121
Tecopa,CA,35.9021,-116.1544
Tecumseh,KS,39.0217,-95.5379
Tecumseh,MI,41.9953,-83.9555
Tecumseh,MO,36.5875,-92.2598
Tecumseh,NE,40.3697,-96.205
Tecumseh,OK,35.2502,-96.9667
Teec Nos Pos,AZ,36.7797,-109.359
Teeds Grove,IA,41.9991,-90.2187
Tefft,IN,41.1948,-86.9686
Tehachapi,CA,35.1322,-118.449
Tehama,CA,40.0271,-122.1233
Tehuacana,TX,31.7504,-96.5416
Teigen,MT,47.0366,-108.5968
Tekamah,NE,41.7819,-96.2281
Tekoa,WA,47.2271,-117.0819
Tekonsha,MI,42.0863,-84.9926
Telegraph,TX,30.3274,-99.9062
Telephone,TX,33.7979,-96.0449
Telferner,TX,28.8489,-96.8905
Telford,PA,40.3205,-75.352
Telford,TN,36.2451,-82.5369
Tell,TX,34.3759,-100.3948
Tell City,IN,37.9655,-86.7457
Teller,AK,65.2402,-166.3833
Tellico Plains,TN,35.3562,-84.3068
Telluride,CO,37.94,-107.8214
Telogia,FL,30.3511,-84.8203
Temecula,CA,33.4995,-117.14072
Tempe,AZ,33.40047,-111.92512
Temperance,MI,41.7682,-83.5797
Temperanceville,VA,37.8954,-75.5528
Temple,GA,33.7677,-85.0133
Temple,ME,44.6954,-70.2426
Temple,NH,42.82,-71.8523
Temple,OK,34.2607,-98.2371
Temple,PA,40.4025,-75.9046
Temple,TX,31.0685,-97.38024
Temple Bar Marina,AZ,35.2106,-114.1792
Temple City,CA,34.1016,-118.0537
Temple Hills,MD,38.8181,-76.94665
Templeton,CA,35.5551,-120.7107
Templeton,IA,41.9121,-94.932
Templeton,IN,40.5055,-87.207
Templeton,MA,42.546,-72.065
Templeton,PA,40.9419,-79.4499
Templeville,MD,39.1362,-75.766
Ten Mile,TN,35.6862,-84.6548
Ten Sleep,WY,43.9978,-107.4153
Tenafly,NJ,40.9216,-73.9659
Tenaha,TX,31.9408,-94.2488
Tenakee Springs,AK,57.7808,-135.2189
Tenants Harbor,ME,43.9555,-69.2315
Tendoy,ID,44.9681,-113.8167
Tenino,WA,46.8641,-122.8493
Tenmile,OR,43.114,-123.5294
Tennent,NJ,40.2796,-74.3343
Tennessee,IL,40.414,-90.8556
Tennessee Colony,TX,31.82477,-95.85412
Tennessee Ridge,TN,36.3297,-87.7808
Tennga,GA,34.9814,-84.7352
Tennille,GA,32.9063,-82.84
Tennyson,IN,38.1232,-87.1388
Tennyson,TX,31.7397,-100.2884
Tensed,ID,47.1707,-116.9027
Tenstrike,MN,47.6566,-94.6747
Tererro,NM,35.7727,-105.6713
Terlingua,TX,29.3165,-103.5597
Terlton,OK,36.1889,-96.4876
Termo,CA,40.9509,-120.613
Terra Alta,WV,39.4456,-79.5464
Terra Bella,CA,35.957,-119.0312
Terra Ceia,FL,27.5722,-82.5832
Terrace Park,OH,39.1602,-84.3098
Terral,OK,33.9379,-97.8053
Terre Haute,IN,39.46767,-87.389
Terre Hill,PA,40.1585,-76.0511
Terrebonne,OR,44.3909,-121.2379
Terrell,NC,35.5836,-80.9631
Terrell,TX,32.74235,-96.23905
Terreton,ID,43.8586,-112.42
Terril,IA,43.3241,-94.9737
Terry,MS,32.1147,-90.3241
Terry,MT,46.829,-105.3706
Terryville,CT,41.6762,-73.0092
Tescott,KS,38.9916,-97.8319
Tesuque,NM,35.7874,-105.9157
Teterboro,NJ,40.85515,-74.05835
Teton,ID,43.8907,-111.6504
Teton Village,WY,43.5924,-110.8314
Tetonia,ID,43.7814,-111.2118
Teutopolis,IL,39.132,-88.4767
Tewksbury,MA,42.6028,-71.2232
Texarkana,AR,33.431,-93.8765
Texarkana,TX,33.43598,-94.07823
Texas City,TX,29.3722,-94.9049
Texhoma,OK,36.5253,-101.8394
Texhoma,TX,36.5055,-101.7829
Texico,IL,38.425,-88.8702
Texico,NM,34.3958,-103.0615
Texline,TX,36.374,-102.9845
Texola,OK,35.2161,-99.9915
Thackerville,OK,33.7882,-97.1363
Thatcher,AZ,32.8504,-109.7461
Thatcher,ID,42.3794,-111.6841
Thawville,IL,40.684,-88.0999
Thaxton,MS,34.3136,-89.1515
Thaxton,VA,37.36,-79.6522
Thayer,IA,41.0029,-94.0686
Thayer,IL,39.5394,-89.7621
Thayer,IN,41.1711,-87.3313
Thayer,KS,37.4527,-95.4671
Thayer,MO,36.5327,-91.5418
Thayne,WY,42.933,-111.0114
The Colony,TX,33.094,-96.8836
The Dalles,OR,45.5995,-121.1905
The Lakes,NV,36.1418,-114.97633
The Plains,OH,39.3662,-82.1341
The Plains,VA,38.8707,-77.7608
The Rock,GA,32.9717,-84.2424
The Sea Ranch,CA,38.7256,-123.4675
The Villages,FL,28.93395,-81.97565
Thebes,IL,37.221,-89.4599
Thedford,NE,41.9794,-100.5574
Thelma,KY,37.822,-82.7526
Thendara,NY,43.7001,-75.0018
Theodore,AL,30.5162,-88.217
Theodosia,MO,36.583,-92.6628
Theresa,NY,44.2113,-75.8014
Theresa,WI,43.5045,-88.4478
Theriot,LA,29.4516,-90.7651
Thermal,CA,33.5578,-116.1572
Thermopolis,WY,43.7758,-108.3839
Thetford,VT,43.996,-72.4114
Thetford Center,VT,43.8149,-72.2662
Thibodaux,LA,29.79943,-90.81647
Thicket,TX,30.3765,-94.6361
Thida,AR,35.5762,-91.4539
Thief River Falls,MN,48.1191,-96.1811
Thiells,NY,41.2078,-74.0154
Thomas,OK,35.7382,-98.7388
Thomas,WV,39.1505,-79.503
Thomasboro,IL,40.2402,-88.183
Thomaston,AL,32.2538,-87.5974
Thomaston,CT,41.6786,-73.0886
Thomaston,GA,32.9015,-84.3324
Thomaston,ME,44.0846,-69.1888
Thomaston,TX,28.9974,-97.1539
Thomastown,MS,32.864,-89.6695
Thomasville,AL,31.9067,-87.7598
Thomasville,GA,30.84133,-83.95388
Thomasville,NC,35.8771,-80.18365
Thomasville,PA,39.9346,-76.8822
Thompson,CT,41.9803,-71.8376
Thompson,IA,43.3875,-93.7517
Thompson,MO,39.2128,-92.0046
Thompson,ND,47.7766,-97.0962
Thompson,OH,41.6762,-81.0573
Thompson,PA,41.834,-75.5342
Thompson,UT,38.9711,-109.7137
Thompson Falls,MT,47.6016,-115.3602
Thompson Ridge,NY,41.575,-74.3225
Thompsons,TX,29.4683,-95.5776
Thompsons Station,TN,35.809,-86.8913
Thompsontown,PA,40.5908,-77.2076
Thompsonville,IL,37.8804,-88.7684
Thompsonville,MI,44.5198,-85.946
Thompsonville,NY,41.6681,-74.6252
Thomson,GA,33.4774,-82.4942
Thomson,IL,41.9816,-90.0844
Thonotosassa,FL,28.0617,-82.3082
Thor,IA,42.6889,-94.039
Thoreau,NM,35.3976,-108.1604
Thorn Hill,TN,36.3917,-83.366
Thornburg,IA,41.4547,-92.3357
Thornburg,VA,38.1372,-77.5189
Thorndale,PA,39.9984,-75.759
Thorndale,TX,30.6082,-97.1764
Thorndike,MA,42.1929,-72.3296
Thorndike,ME,44.5744,-69.2487
Thorne Bay,AK,55.6609,-132.5138
Thornfield,MO,36.6875,-92.6534
Thornton,AR,33.7768,-92.4862
Thornton,CA,38.2261,-121.4236
Thornton,CO,39.868,-104.9719
Thornton,IA,42.9684,-93.4088
Thornton,IL,41.5727,-87.6078
Thornton,KY,37.1906,-82.7851
Thornton,NH,43.905,-71.647
Thornton,PA,39.9041,-75.5313
Thornton,TX,31.4083,-96.5024
Thornton,WA,47.1253,-117.3864
Thornton,WV,39.3329,-79.9096
Thorntown,IN,40.1133,-86.5898
Thornville,OH,39.8974,-82.4071
Thornwood,NY,41.1182,-73.7733
Thorofare,NJ,39.8457,-75.1943
Thorp,WA,47.0679,-120.6712
Thorp,WI,44.9573,-90.8029
Thorpe,WV,37.3687,-81.5165
Thorsby,AL,32.9157,-86.7158
Thousand Island Park,NY,44.2898,-76.0262
Thousand Oaks,CA,34.19153,-118.8449
Thousand Palms,CA,33.8082,-116.3713
Thousandsticks,KY,37.1851,-83.4288
Thrall,TX,30.592,-97.2893
Three Bridges,NJ,40.5206,-74.7946
Three Forks,MT,45.8811,-111.5436
Three Lakes,WI,45.8046,-89.1328
Three Mile Bay,NY,44.0551,-76.2689
Three Oaks,MI,41.815,-86.6154
Three Rivers,CA,36.4377,-118.8875
Three Rivers,MA,42.1819,-72.3624
Three Rivers,MI,41.9596,-85.6371
Three Rivers,TX,28.4756,-98.1782
Three Springs,PA,40.1834,-77.9941
Throckmorton,TX,33.1794,-99.1838
Thurman,IA,40.8424,-95.7605
Thurman,OH,38.8705,-82.4063
Thurmond,NC,36.3562,-80.9317
Thurmond,WV,37.9554,-81.0714
Thurmont,MD,39.6109,-77.3989
Thurston,NE,42.1882,-96.6904
Thurston,OH,39.8427,-82.5462
Tibbie,AL,31.4067,-88.1758
Tichnor,AR,34.0893,-91.2437
Tickfaw,LA,30.5668,-90.482
Ticonderoga,NY,43.8463,-73.4426
Tidewater,OR,44.4055,-123.9149
Tidioute,PA,41.703,-79.3752
Tie Plant,MS,33.7872,-89.8219
Tie Siding,WY,41.0528,-105.4462
Tierra Amarilla,NM,36.6805,-106.557
Tieton,WA,46.7063,-120.7473
Tiff,MO,38.0192,-90.6529
Tiff City,MO,36.6684,-94.6172
Tiffin,IA,41.7018,-91.6773
Tiffin,OH,41.1238,-83.1844
Tifton,GA,31.4629,-83.5436
Tiger,GA,34.8174,-83.4333
Tigerton,WI,44.7299,-89.0569
Tigerville,SC,35.0477,-82.353
Tignall,GA,33.8778,-82.747
Tigrett,TN,35.9515,-89.2401
Tijeras,NM,35.0446,-106.3062
Tilden,IL,38.2122,-89.6895
Tilden,NE,42.0496,-97.8223
Tilden,TX,28.4198,-98.5693
Tilghman,MD,38.7063,-76.3377
Tiline,KY,37.1457,-88.285
Tillamook,OR,45.4492,-123.8189
Tillar,AR,33.6981,-91.4433
Tillatoba,MS,33.9852,-89.8945
Tilleda,WI,44.796,-88.8984
Tiller,OR,42.9177,-122.9079
Tillery,NC,36.2352,-77.5026
Tillman,SC,32.468,-81.1667
Tillson,NY,41.8338,-74.0626
Tilly,AR,35.7341,-92.8391
Tilton,IL,40.0964,-87.644
Tilton,NH,43.50337,-71.48967
Tiltonsville,OH,40.1681,-80.6996
Timber,OR,45.727,-123.3119
Timber Lake,SD,45.3927,-101.0351
Timberlake,NC,36.2918,-78.9353
Timberon,NM,32.6295,-105.6945
Timberville,VA,38.6476,-78.7717
Timblin,PA,40.9684,-79.2014
Timbo,AR,35.90175,-92.20925
Timewell,IL,40.0117,-90.8661
Timmonsville,SC,34.1012,-79.9378
Timnath,CO,40.5291,-104.9853
Timpson,TX,31.8841,-94.3967
Tina,MO,39.5518,-93.4647
Tingley,IA,40.8516,-94.1908
Tinley Park,IL,41.57305,-87.8196
Tinnie,NM,33.3706,-105.2264
Tinsley,MS,32.7628,-90.3628
Tintah,MN,46.0074,-96.3593
Tioga,LA,31.3999,-92.6042
Tioga,ND,48.3646,-102.9576
Tioga,PA,41.9125,-77.1393
Tioga,TX,33.4675,-96.9097
Tioga,WV,38.4045,-80.6667
Tioga Center,NY,42.0562,-76.348
Tiona,PA,41.7434,-79.0528
Tionesta,PA,41.5116,-79.3663
Tiplersville,MS,34.9029,-88.9157
Tipp City,OH,39.942,-84.1663
Tippecanoe,IN,41.2166,-86.1095
Tippecanoe,OH,40.2797,-81.2919
Tippo,MS,33.9121,-90.1806
Tipton,CA,36.0546,-119.3078
Tipton,IA,41.7563,-91.1362
Tipton,IN,40.2817,-86.0433
Tipton,KS,39.3436,-98.4644
Tipton,MI,42.0369,-84.0768
Tipton,MO,38.6548,-92.7814
Tipton,OK,34.5098,-99.1315
Tipton,PA,40.6367,-78.3036
Tipton,TN,35.4143,-89.8188
Tiptonville,TN,36.3846,-89.4649
Tire Hill,PA,40.268,-78.9156
Tiro,OH,40.881,-82.797
Tisch Mills,WI,44.3272,-87.6237
Tishomingo,MS,34.6478,-88.2194
Tishomingo,OK,34.2643,-96.6675
Tiskilwa,IL,41.2891,-89.508
Titonka,IA,43.2456,-94.0367
Titus,AL,32.69,-86.2393
Titusville,FL,28.6053,-80.8193
Titusville,NJ,40.3077,-74.8655
Titusville,PA,41.6382,-79.6855
Tiverton,RI,41.6338,-71.1808
Tivoli,NY,42.0579,-73.9025
Tivoli,TX,28.4587,-96.8928
Toano,VA,37.3901,-76.8253
Toast,NC,36.5004,-80.6265
Tobaccoville,NC,36.2336,-80.3915
Tobias,NE,40.4262,-97.3184
Tobyhanna,PA,41.1836,-75.3918
Toccoa,GA,34.5665,-83.3114
Toccoa Falls,GA,34.5942,-83.3557
Toccopola,MS,34.2265,-89.2519
Todd,NC,36.3245,-81.5874
Todd,PA,40.271,-78.0772
Toddville,IA,42.1039,-91.729
Toddville,MD,38.2726,-76.0596
Toeterville,IA,43.3564,-92.789
Tofte,MN,47.5738,-90.8363
Togiak,AK,59.0619,-160.3764
Tohatchi,NM,36.0021,-108.6229
Toivola,MI,46.9109,-88.8532
Tok,AK,63.3367,-142.9856
Tokeland,WA,46.7065,-123.9818
Tokio,ND,47.9247,-98.8162
Tokio,TX,33.1826,-102.5768
Toksook Bay,AK,60.5338,-165.1037
Tolar,TX,32.3772,-97.8802
Toledo,IA,42.0077,-92.5662
Toledo,IL,39.2772,-88.2468
Toledo,OH,41.67565,-83.53062
Toledo,OR,44.6271,-123.9301
Toledo,WA,46.4396,-122.8266
Tolland,CT,41.8696,-72.3718
Tollesboro,KY,38.5723,-83.5605
Tolleson,AZ,33.4347,-112.2774
Tolley,ND,48.7969,-101.8559
Tollhouse,CA,36.9943,-119.3914
Tolna,ND,47.8462,-98.4512
Tolono,IL,39.985,-88.2596
Tolovana Park,OR,45.8663,-123.9595
Tolstoy,SD,45.1702,-99.6176
Toluca,IL,41.0046,-89.1348
Toluca Lake,CA,33.7866,-118.2987
Tom Bean,TX,33.5193,-96.4843
Tomah,WI,43.9838,-90.4733
Tomahawk,KY,37.8687,-82.5971
Tomahawk,WI,45.4963,-89.7273
Tomales,CA,38.2427,-122.9145
Tomball,TX,30.0677,-95.6511
Tombstone,AZ,31.7216,-110.0584
Tome,NM,34.7426,-106.7328
Tomkins Cove,NY,41.2598,-73.9892
Tompkinsville,KY,36.7236,-85.7009
Toms Brook,VA,38.9476,-78.4331
Toms River,NJ,39.94746,-74.21418
Tonalea,AZ,36.7093,-110.8411
Tonasket,WA,48.7194,-119.3943
Tonawanda,NY,43.01155,-78.8675
Toney,AL,34.9116,-86.7
Tonganoxie,KS,39.1026,-95.1051
Tonica,IL,41.2327,-89.089
Tonkawa,OK,36.6806,-97.3063
Tonopah,AZ,33.4228,-112.9528
Tonopah,NV,38.0672,-117.2301
Tontitown,AR,36.15,-94.2429
Tonto Basin,AZ,33.8317,-111.2946
Tontogany,OH,41.4192,-83.7408
Tony,WI,45.4741,-90.9869
Tooele,UT,40.5454,-112.3002
Toomsboro,GA,32.8219,-83.0844
Toomsuba,MS,32.4296,-88.4892
Toone,TN,35.3574,-88.9353
Topanga,CA,34.1076,-118.6023
Topawa,AZ,31.814,-111.8257
Topaz,CA,38.6415,-119.5122
Topeka,IL,40.3303,-89.9312
Topeka,IN,41.5634,-85.5317
Topeka,KS,39.04333,-95.70529
Topinabee,MI,45.4838,-84.5936
Topmost,KY,37.3485,-82.7926
Topock,AZ,34.7784,-114.4817
Toponas,CO,40.0603,-106.8081
Toppenish,WA,46.3751,-120.3305
Topping,VA,37.6009,-76.4575
Topsfield,MA,42.6415,-70.9488
Topsfield,ME,45.4304,-67.7473
Topsham,ME,43.9814,-69.9378
Topsham,VT,43.7982,-72.4008
Topton,NC,35.2151,-83.6461
Topton,PA,40.5029,-75.7015
Toquerville,UT,37.2533,-113.2847
Tornado,WV,38.3357,-81.8476
Tornillo,TX,31.4407,-106.0765
Toronto,KS,37.7953,-95.9368
Toronto,OH,40.4733,-80.6325
Toronto,SD,44.5786,-96.7077
Torrance,CA,33.81095,-118.31317
Torrance,PA,40.3992,-79.2177
Torreon,NM,34.6948,-106.3247
Torrey,UT,38.2969,-111.4138
Torrington,CT,41.784,-73.0869
Torrington,WY,42.0624,-104.1917
Tortilla Flat,AZ,33.5264,-111.3892
Toston,MT,46.1709,-111.5899
Totowa,NJ,40.9581,-74.2608
Totz,KY,36.9448,-83.1177
Touchet,WA,46.0903,-118.663
Tougaloo,MS,32.3953,-90.1544
Toughkenamon,PA,39.8315,-75.7574
Toulon,IL,41.1009,-89.8606
Toutle,WA,46.2956,-122.6477
Tovey,IL,39.588,-89.4495
Tow,TX,30.8609,-98.4596
Towaco,NJ,40.9277,-74.3428
Towanda,IL,40.5533,-88.8886
Towanda,KS,37.8005,-96.9918
Towanda,PA,41.7638,-76.4645
Towaoc,CO,37.2084,-108.72
Tower,MI,45.3588,-84.2953
Tower,MN,47.8089,-92.2878
Tower City,ND,46.9119,-97.6594
Tower City,PA,40.5845,-76.55
Tower Hill,IL,39.39,-88.9597
Town Creek,AL,34.6491,-87.4262
Towner,ND,48.3636,-100.4854
Townley,AL,33.847,-87.4372
Townsend,DE,39.3819,-75.6834
Townsend,GA,31.5673,-81.4182
Townsend,MA,42.6525,-71.6896
Townsend,MT,46.3346,-111.4919
Townsend,TN,35.6784,-83.7572
Townsend,VA,37.1882,-75.969
Townsend,WI,45.3148,-88.6107
Townshend,VT,43.0622,-72.6687
Township Of Washington,NJ,40.9883,-74.0635
Townsville,NC,36.4946,-78.4236
Townville,PA,41.6856,-79.8767
Townville,SC,34.5226,-82.8963
Towson,MD,39.4052,-76.59712
Toxey,AL,31.9155,-88.151
Toyah,TX,31.282,-103.8057
Toyahvale,TX,30.9443,-103.7893
Trabuco Canyon,CA,33.6634,-117.58995
Tracy,CA,37.7145,-121.46246
Tracy,IA,41.2756,-92.8753
Tracy,MN,44.2342,-95.6213
Tracy City,TN,35.2721,-85.7362
Tracys Landing,MD,38.7671,-76.5752
Tracyton,WA,47.6267,-122.65
Trade,TN,36.3683,-81.7572
Traer,IA,42.1847,-92.4827
Trafalgar,IN,39.3696,-86.1838
Trafford,AL,33.819,-86.7434
Trafford,PA,40.3857,-79.7223
Trail,MN,47.7478,-95.7607
Trail,OR,42.6864,-122.816
Trail City,SD,45.4725,-100.7254
Tram,KY,37.5725,-82.6452
Trampas,NM,36.1311,-105.7589
Tranquility,NJ,40.9559,-74.7881
Tranquillity,CA,36.6584,-120.2617
Transfer,PA,41.3244,-80.4197
Transylvania,LA,32.6705,-91.2288
Traphill,NC,36.3301,-81.0151
Trappe,MD,38.6647,-76.0507
Trapper Creek,AK,62.3167,-150.2314
Traskwood,AR,34.4508,-92.6547
Travelers Rest,SC,35.0039,-82.4272
Traver,CA,36.4552,-119.4848
Traverse City,MI,44.77238,-85.61177
Travis Afb,CA,38.2743,-121.9463
Treadwell,NY,42.363,-75.0588
Trebloc,MS,33.9068,-88.9554
Treece,KS,37.0005,-94.8409
Trego,MT,48.7052,-114.8693
Trego,WI,45.9516,-91.8581
Treichlers,PA,40.7361,-75.5449
Treloar,MO,38.6445,-91.1879
Trementina,NM,35.4563,-104.6796
Tremont,IL,40.5053,-89.4833
Tremont,MS,34.2335,-88.2392
Tremont,PA,40.6343,-76.3905
Tremont City,OH,40.0139,-83.8333
Tremonton,UT,41.7016,-112.1813
Trempealeau,WI,44.0218,-91.4282
Trenary,MI,46.1947,-86.9502
Trent,SD,43.8942,-96.6326
Trent,TX,32.4898,-100.1195
Trenton,AL,34.7632,-86.2295
Trenton,FL,29.6133,-82.8176
Trenton,GA,34.9017,-85.5171
Trenton,IL,38.6191,-89.6447
Trenton,KY,36.7314,-87.2611
Trenton,MI,42.1382,-83.2179
Trenton,MO,40.0823,-93.6086
Trenton,NC,35.0745,-77.4595
Trenton,ND,48.0706,-103.8369
Trenton,NE,40.1681,-101.0201
Trenton,NJ,40.25348,-74.7168
Trenton,OH,39.4799,-84.4598
Trenton,SC,33.6938,-81.8534
Trenton,TN,35.9712,-88.9507
Trenton,TX,33.4235,-96.3398
Trenton,UT,41.9105,-111.934
Tres Piedras,NM,36.647,-105.9672
Tres Pinos,CA,36.767,-121.3017
Tresckow,PA,40.9159,-75.9657
Trevett,ME,43.8826,-69.6801
Trevilians,VA,38.0515,-78.0728
Trevor,WI,42.5201,-88.1387
Trevorton,PA,40.7819,-76.6702
Trexlertown,PA,40.5482,-75.5961
Treynor,IA,41.2307,-95.6086
Trezevant,TN,36.0172,-88.61
Triadelphia,WV,40.0699,-80.5953
Triangle,VA,38.5509,-77.3229
Tribes Hill,NY,42.9554,-74.2851
Tribune,KS,38.4962,-101.7656
Tridell,UT,40.4436,-109.8359
Trilby,FL,28.4625,-82.1948
Trilla,IL,39.3938,-88.3488
Trimble,MO,39.4871,-94.5512
Trimble,OH,39.4845,-82.0805
Trimble,TN,36.2011,-89.1863
Trimont,MN,43.7827,-94.7186
Trinchera,CO,37.0757,-104.1184
Trinidad,CA,41.0593,-124.1431
Trinidad,CO,37.2691,-104.5038
Trinidad,TX,32.1383,-96.0831
Trinity,AL,34.5918,-87.0913
Trinity,NC,35.8429,-79.9902
Trinity,TX,30.942,-95.3403
Trinity Center,CA,41.0615,-122.7239
Trinway,OH,40.1412,-82.0099
Trion,GA,34.5468,-85.3112
Tripler Army Medical Center,HI,21.4061,-157.9609
Triplett,MO,39.5011,-93.1928
Tripoli,IA,42.8105,-92.2659
Tripoli,WI,45.5814,-89.9852
Tripp,SD,43.2404,-97.9713
Triumph,IL,41.4991,-89.0219
Trivoli,IL,40.6795,-89.9135
Trona,CA,35.7554,-117.3768
Tropic,UT,37.6261,-112.0836
Trosper,KY,36.761,-83.8155
Troup,TX,32.1117,-95.1155
Troupsburg,NY,42.0501,-77.5502
Trout,LA,31.6531,-92.1993
Trout Creek,MI,46.4864,-89.027
Trout Creek,MT,47.8111,-115.5592
Trout Creek,NY,42.2037,-75.2793
Trout Lake,MI,46.1936,-85.019
Trout Lake,WA,45.9828,-121.5163
Trout Run,PA,41.4125,-77.0098
Troutdale,OR,45.5254,-122.3739
Troutdale,VA,36.8611,-81.4929
Troutman,NC,35.6863,-80.8822
Troutville,PA,41.0256,-78.7853
Troutville,VA,37.4019,-79.8786
Troxelville,PA,40.8031,-77.2053
Troy,AL,31.7856,-85.97693
Troy,ID,46.7426,-116.7681
Troy,IL,38.7243,-89.8708
Troy,IN,38.0331,-86.7981
Troy,KS,39.7906,-95.1434
Troy,ME,44.6757,-69.2549
Troy,MI,42.58597,-83.17728
Troy,MO,39.0012,-90.9624
Troy,MT,48.4791,-115.8817
Troy,NC,35.3777,-79.9093
Troy,NH,42.827,-72.1848
Troy,NY,42.74908,-73.67533
Troy,OH,40.0387,-84.2165
Troy,PA,41.7781,-76.7711
Troy,SC,33.9876,-82.2979
Troy,TN,36.3416,-89.1611
Troy,TX,31.1759,-97.2852
Troy,VA,37.9636,-78.2535
Troy,VT,44.9014,-72.4015
Troy,WV,39.0839,-80.7549
Troy Grove,IL,41.4678,-89.0831
Troy Mills,IA,42.29,-91.6824
Truchas,NM,36.0444,-105.8129
Truckee,CA,39.3315,-120.17983
Truesdale,IA,42.7262,-95.1853
Truesdale,MO,38.8117,-91.1304
Trufant,MI,43.3156,-85.3685
Truman,MN,43.82,-94.4319
Trumann,AR,35.5882,-90.562
Trumansburg,NY,42.521,-76.6681
Trumbauersville,PA,40.4107,-75.3782
Trumbull,CT,41.2564,-73.2111
Trumbull,NE,40.6795,-98.2734
Truro,IA,41.2076,-93.841
Truro,MA,41.9988,-70.0564
Trussville,AL,33.6339,-86.5981
Truth Or Consequences,NM,33.1606,-107.2669
Truxton,MO,38.967,-91.2126
Truxton,NY,42.7085,-76.0189
Tryon,NC,35.2157,-82.2394
Tryon,NE,41.5732,-101.0175
Tryon,OK,35.8759,-96.9623
Tsaile,AZ,36.3071,-109.2176
Tualatin,OR,45.3727,-122.7631
Tuba City,AZ,36.1037,-111.2686
Tubac,AZ,31.6126,-111.0459
Tuckahoe,NJ,39.2901,-74.7538
Tuckahoe,NY,40.9569,-73.8198
Tuckasegee,NC,35.2599,-83.0749
Tucker,AR,34.4414,-91.9163
Tucker,GA,33.85575,-84.21655
Tuckerman,AR,35.7307,-91.2003
Tuckerton,NJ,39.5881,-74.3646
Tucson,AZ,32.22548,-110.94468
Tucumcari,NM,35.168,-103.7179
Tujunga,CA,34.2533,-118.28665
Tula,MS,34.3582,-89.4839
Tulare,CA,36.20495,-119.34265
Tulare,SD,44.7305,-98.5539
Tularosa,NM,33.065,-106.0108
Tulelake,CA,41.9316,-121.4347
Tuleta,TX,28.5708,-97.7972
Tulia,TX,34.5583,-101.8039
Tullahoma,TN,35.3468,-86.22
Tullos,LA,31.8569,-92.374
Tully,NY,42.807,-76.1394
Tulsa,OK,36.13844,-95.97003
Tuluksak,AK,61.1088,-160.9389
Tumacacori,AZ,31.5696,-111.0534
Tumbling Shoals,AR,35.547,-91.9704
Tumtum,WA,47.8941,-117.7536
Tumwater,WA,46.9616,-123.0283
Tunas,MO,37.8392,-92.9808
Tunbridge,VT,43.9169,-72.4786
Tunica,LA,30.9601,-91.5396
Tunica,MS,34.6884,-90.3685
Tunkhannock,PA,41.5387,-75.9466
Tunnel,NY,42.2147,-75.7277
Tunnel City,WI,44.0031,-90.562
Tunnel Hill,GA,34.8541,-85.0468
Tunnelton,IN,38.7687,-86.3428
Tunnelton,WV,39.3625,-79.7478
Tuntutuliak,AK,60.3431,-162.6631
Tununak,AK,60.5856,-165.2558
Tuolumne,CA,37.9678,-120.2357
Tupelo,AR,35.3844,-91.2232
Tupelo,MS,34.23955,-88.7345
Tupelo,OK,34.5598,-96.4274
Tupman,CA,35.2992,-119.3584
Tupper Lake,NY,44.232,-74.4905
Tuppers Plains,OH,39.1683,-81.8423
Turbeville,SC,33.8907,-80.0184
Turbotville,PA,41.1119,-76.7425
Turin,GA,33.326,-84.6371
Turin,NY,43.6441,-75.4132
Turkey,NC,34.9857,-78.2121
Turkey,TX,34.4036,-100.8449
Turkey City,PA,41.1853,-79.6134
Turkey Creek,LA,30.8707,-92.404
Turlock,CA,37.50403,-120.84933
Turner,AR,34.4762,-91.0187
Turner,ME,44.2557,-70.2494
Turner,MI,44.1105,-83.7019
Turner,MT,48.8328,-108.3961
Turner,OR,44.8476,-122.9501
Turners,MO,37.1809,-93.1555
Turners Falls,MA,42.5954,-72.5557
Turners Station,KY,38.5521,-85.1019
Turnersburg,NC,35.9085,-80.8073
Turnerville,GA,34.6766,-83.4358
Turney,MO,39.6318,-94.2972
Turon,KS,37.8224,-98.3591
Turpin,OK,36.8664,-100.8779
Turrell,AR,35.3439,-90.2978
Turtle Creek,PA,40.4113,-79.822
Turtle Creek,WV,38.0298,-81.8729
Turtle Lake,ND,47.5414,-100.8814
Turtle Lake,WI,45.4213,-92.1781
Turtlepoint,PA,41.8847,-78.3308
Turtletown,TN,35.1081,-84.3544
Turton,SD,45.0379,-98.0996
Tuscaloosa,AL,33.23868,-87.52048
Tuscarawas,OH,40.3959,-81.4069
Tuscarora,MD,39.2667,-77.5101
Tuscarora,NV,41.3141,-116.2218
Tuscarora,PA,40.7815,-76.0134
Tuscola,IL,39.7995,-88.2816
Tuscola,TX,32.235,-99.8244
Tuscumbia,AL,34.6874,-87.6833
Tuscumbia,MO,38.2181,-92.4461
Tuskahoma,OK,34.6622,-95.2362
Tuskegee,AL,32.4316,-85.6861
Tuskegee Institute,AL,32.4119,-85.73165
Tussy,OK,34.4852,-97.5423
Tustin,CA,33.73597,-117.8093
Tustin,MI,44.1072,-85.4901
Tuthill,SD,43.1196,-101.4701
Tutor Key,KY,37.8507,-82.7602
Tuttle,ND,47.1626,-99.9873
Tuttle,OK,35.2674,-97.7446
Tutwiler,MS,34.0148,-90.4318
Tuxedo,NC,35.2174,-82.4178
Tuxedo Park,NY,41.1925,-74.2159
Twain,CA,40.0509,-121.1268
Twain Harte,CA,38.0454,-120.2178
Twelve Mile,IN,40.8547,-86.2126
Twentynine Palms,CA,34.19175,-116.06025
Twig,MN,46.8944,-92.3646
Twilight,WV,37.926,-81.6141
Twin Bridges,CA,38.8092,-120.1242
Twin Bridges,MT,45.5311,-112.3495
Twin Brooks,SD,45.2309,-96.8237
Twin City,GA,32.6129,-82.1979
Twin Falls,ID,42.55975,-114.4651
Twin Lake,MI,43.3414,-86.1633
Twin Lakes,CO,39.1011,-106.4416
Twin Lakes,MN,43.5593,-93.4206
Twin Lakes,WI,42.5232,-88.2573
Twin Mountain,NH,44.2689,-71.5471
Twin Oaks,OK,36.2054,-94.8513
Twin Peaks,CA,34.2379,-117.2348
Twin Rocks,PA,40.4967,-78.8659
Twin Valley,MN,47.2509,-96.2464
Twining,MI,44.1293,-83.8491
Twinsburg,OH,41.3289,-81.4559
Twisp,WA,48.3632,-120.135
Two Buttes,CO,37.5214,-102.4332
Two Dot,MT,46.4242,-110.0712
Two Harbors,MN,47.0394,-91.6783
Two Rivers,AK,64.8746,-146.8982
Two Rivers,WI,44.166,-87.5855
Ty Ty,GA,31.4718,-83.6468
Tyaskin,MD,38.2833,-75.8465
Tybee Island,GA,32.0068,-80.8509
Tye,TX,32.4477,-99.8684
Tygh Valley,OR,45.2229,-121.2927
Tyler,AL,32.3239,-86.8646
Tyler,MN,44.2773,-96.1302
Tyler,TX,32.36886,-95.28909
Tyler Hill,PA,41.7011,-75.1422
Tylersburg,PA,41.3848,-79.3223
Tylersport,PA,40.347,-75.377
Tylerton,MD,37.9666,-76.0235
Tylertown,MS,31.1466,-90.1169
Tynan,TX,28.1693,-97.7549
Tyndall,SD,42.99,-97.8633
Tyner,IN,41.4098,-86.4025
Tyner,KY,37.3693,-83.8619
Tyner,NC,36.2502,-76.6428
Tyngsboro,MA,42.6724,-71.4158
Tyonek,AK,61.0681,-151.1369
Tyringham,MA,42.22,-73.1979
Tyro,KS,37.037,-95.8237
Tyro,VA,37.8391,-79.0693
Tyrone,GA,33.4719,-84.5914
Tyrone,NM,32.7098,-108.302
Tyrone,NY,42.3994,-77.0268
Tyrone,OK,36.9558,-101.0594
Tyrone,PA,40.6619,-78.2419
Tyronza,AR,35.4865,-90.3519
Ubly,MI,43.6896,-82.964
Ucon,ID,43.5936,-111.9573
Udall,KS,37.3939,-97.1108
Udall,MO,36.544,-92.2588
Udell,IA,40.7808,-92.7421
Uehling,NE,41.7369,-96.5037
Uhrichsville,OH,40.3905,-81.3374
Ukiah,CA,39.1552,-123.1951
Ukiah,OR,45.0836,-118.894
Uledi,PA,39.8936,-79.7856
Ulen,MN,47.0903,-96.2824
Ullin,IL,37.277,-89.1834
Ulm,AR,34.5772,-91.4633
Ulm,MT,47.3539,-111.5954
Ulman,MO,38.1505,-92.433
Ulmer,SC,33.0988,-81.2068
Ulster,PA,41.8408,-76.4876
Ulster Park,NY,41.8651,-73.9948
Ulysses,KS,37.5792,-101.3488
Ulysses,KY,37.9416,-82.6739
Ulysses,NE,41.0791,-97.1984
Ulysses,PA,41.8459,-77.7126
Umatilla,FL,28.9254,-81.6801
Umatilla,OR,45.8998,-119.3553
Umbarger,TX,34.901,-102.0788
Umpire,AR,34.2921,-94.0314
Umpqua,OR,43.3745,-123.5358
Una,SC,34.969,-81.9704
Unadilla,GA,32.2558,-83.7447
Unadilla,NE,40.6917,-96.2825
Unadilla,NY,42.3252,-75.3366
Unalakleet,AK,63.8835,-160.7884
Unalaska,AK,53.8871,-166.5199
Uncasville,CT,41.4622,-72.1126
Uncle Sam,LA,30.0279,-90.8028
Underhill,VT,44.5391,-72.9258
Underhill Center,VT,44.5047,-72.8853
Underwood,IA,41.3603,-95.627
Underwood,IN,38.6037,-85.7744
Underwood,MN,46.3265,-95.8415
Underwood,ND,47.4602,-101.1898
Underwood,WA,45.7409,-121.5974
Uneeda,WV,38.0357,-81.7807
Unicoi,TN,36.2066,-82.322
Union,IA,42.2521,-93.0562
Union,IL,42.2103,-88.5283
Union,KY,38.9435,-84.7274
Union,ME,44.2619,-69.2771
Union,MI,41.7827,-85.8529
Union,MO,38.4456,-91.0206
Union,MS,32.6439,-89.112
Union,NE,40.8245,-95.9037
Union,NH,43.4861,-71.063
Union,NJ,40.6952,-74.2677
Union,OR,45.2019,-117.8536
Union,SC,34.7269,-81.6202
Union,WA,47.3368,-123.075
Union,WV,37.5802,-80.5248
Union Bridge,MD,39.5799,-77.1319
Union Center,SD,44.6539,-102.7252
Union Center,WI,43.6853,-90.2668
Union Church,MS,31.7105,-90.8259
Union City,CA,37.5895,-122.0497
Union City,GA,33.5832,-84.5499
Union City,IN,40.2024,-84.8268
Union City,MI,42.0551,-85.1356
Union City,NJ,40.7674,-74.0323
Union City,OH,40.2018,-84.7832
Union City,OK,35.3913,-97.9398
Union City,PA,41.8939,-79.8455
Union City,TN,36.42525,-89.06185
Union Dale,PA,41.7079,-75.5465
Union Furnace,OH,39.4617,-82.3563
Union Grove,AL,34.4093,-86.4628
Union Grove,NC,36.0369,-80.8967
Union Grove,WI,42.6896,-88.039
Union Hall,VA,37.0131,-79.6864
Union Hill,IL,41.1088,-88.1465
Union Hill,NY,43.2228,-77.3717
Union Lake,MI,42.6148,-83.4469
Union Mills,IN,41.4602,-86.8355
Union Mills,NC,35.4732,-81.9685
Union Pier,MI,41.8255,-86.6911
Union Point,GA,33.6345,-83.0879
Union Springs,AL,32.1443,-85.7149
Union Springs,NY,42.8335,-76.674
Union Star,KY,37.9616,-86.4615
Union Star,MO,39.9846,-94.5787
Uniondale,IN,40.8369,-85.2403
Uniondale,NY,40.71907,-73.59557
Uniontown,AL,32.447,-87.4934
Uniontown,AR,35.5748,-94.4349
Uniontown,KS,37.8473,-94.9752
Uniontown,KY,37.7677,-87.9263
Uniontown,MO,37.6073,-89.6798
Uniontown,OH,40.9637,-81.4211
Uniontown,PA,39.8897,-79.7282
Uniontown,WA,46.5258,-117.0908
Unionville,CT,41.75265,-72.8862
Unionville,IA,40.8416,-92.6935
Unionville,IN,39.2514,-86.4189
Unionville,MD,39.4748,-77.1855
Unionville,MI,43.6473,-83.4699
Unionville,MO,40.4815,-92.9951
Unionville,NY,41.302,-74.5615
Unionville,OH,41.7833,-81.0034
Unionville,PA,39.8954,-75.7344
Unionville,TN,35.6224,-86.5639
Unionville,VA,38.2383,-77.9193
Unionville Center,OH,40.1367,-83.3408
Uniopolis,OH,40.6023,-84.086
United,PA,40.2184,-79.4878
Unity,IL,37.1528,-89.3256
Unity,ME,44.6007,-69.3328
Unity,OR,44.4374,-118.1927
Unity,WI,44.8227,-90.3221
Unityville,PA,41.2436,-76.5183
Universal,IN,39.6221,-87.4548
Universal City,CA,34.1383,-118.3528
Universal City,TX,29.5465,-98.2954
University,MS,34.3659,-89.5254
University Center,MI,43.5566,-83.9943
University Park,IA,41.2864,-92.6184
University Park,IL,41.4418,-87.7101
University Park,PA,40.7997,-77.8623
University Place,WA,47.2033,-122.5688
Upatoi,GA,32.5601,-84.7448
Upham,ND,48.5816,-100.7323
Upland,CA,34.12327,-117.65823
Upland,IN,40.4548,-85.499
Upland,NE,40.3171,-98.8966
Upper Black Eddy,PA,40.5411,-75.1259
Upper Darby,PA,39.9579,-75.2681
Upper Fairmount,MD,38.104,-75.7913
Upper Falls,MD,39.4372,-76.3966
Upper Jay,NY,44.3364,-73.7757
Upper Lake,CA,39.1804,-122.9144
Upper Marlboro,MD,38.83424,-76.7982
Upper Sandusky,OH,40.8249,-83.2977
Upper Tract,WV,38.795,-79.2586
Upperco,MD,39.5676,-76.7972
Upperglade,WV,38.4185,-80.4965
Upperstrasburg,PA,40.058,-77.7368
Upperville,VA,38.97785,-77.8823
Upsala,MN,45.8097,-94.5755
Upson,WI,46.3761,-90.4051
Upton,KY,37.4568,-85.9086
Upton,MA,42.1756,-71.6032
Upton,NY,40.8678,-72.8822
Upton,WY,44.0893,-104.6352
Urania,LA,31.865,-92.2915
Urbana,IA,42.2365,-91.8881
Urbana,IL,40.09667,-88.19913
Urbana,IN,40.8987,-85.7485
Urbana,MO,37.8523,-93.151
Urbana,OH,40.1066,-83.7671
Urbandale,IA,41.62853,-93.73563
Urbanna,VA,37.6356,-76.5918
Uriah,AL,31.3135,-87.5705
Urich,MO,38.4449,-93.9785
Ursa,IL,40.0809,-91.3733
Ursina,PA,39.8173,-79.3306
Usaf Academy,CO,39.0896,-103.8188
Usk,WA,48.296,-117.3189
Ute,IA,42.0581,-95.7125
Ute Park,NM,36.5581,-105.115
Utica,IL,41.363,-89.0008
Utica,KS,38.6411,-100.138
Utica,KY,37.6206,-87.0591
Utica,MI,42.65673,-83.03438
Utica,MN,43.9587,-91.9417
Utica,MO,39.7417,-93.6289
Utica,MS,32.1229,-90.6047
Utica,NE,40.9168,-97.3344
Utica,NY,43.09973,-75.23203
Utica,OH,40.2441,-82.4135
Utica,PA,41.4798,-79.9403
Utica,SD,43.0164,-97.3694
Utopia,TX,29.5972,-99.5585
Uvalda,GA,32.0483,-82.5089
Uvalde,TX,29.22045,-99.78625
Uwchland,PA,40.098,-75.688
Uxbridge,MA,42.0744,-71.6329
Vacaville,CA,38.38763,-121.98643
Vacherie,LA,29.9694,-90.7097
Vader,WA,46.3985,-122.9585
Vadito,NM,36.1338,-105.5712
Vado,NM,32.1187,-106.649
Vaiden,MS,33.3343,-89.757
Vail,AZ,32.0027,-110.7053
Vail,CO,39.6377,-106.41035
Vail,IA,42.0338,-95.1778
Vails Gate,NY,41.4641,-74.0591
Valatie,NY,42.4321,-73.6683
Valders,WI,44.042,-87.8812
Valdese,NC,35.7447,-81.567
Valdez,AK,61.101,-146.9
Valdez,NM,36.5701,-105.5658
Valdosta,GA,30.84234,-83.2698
Vale,NC,35.5188,-81.4589
Vale,OR,44.0039,-117.2674
Vale,SD,44.6222,-103.3795
Valencia,CA,34.42957,-118.5668
Valencia,PA,40.7018,-79.9235
Valentine,AZ,35.3788,-113.6141
Valentine,NE,42.8062,-100.6215
Valentine,TX,30.62,-104.4811
Valentines,VA,36.565,-77.8384
Valera,TX,31.7529,-99.5473
Valhalla,NY,41.0856,-73.7776
Valhermoso Springs,AL,34.542,-86.6871
Valier,IL,38.0222,-89.0351
Valier,MT,48.2795,-112.3033
Valier,PA,40.9159,-79.0448
Valle Crucis,NC,36.2092,-81.7789
Vallecito,CA,38.1013,-120.4676
Vallecitos,NM,36.5286,-106.1448
Vallejo,CA,38.1147,-122.25253
Valles Mines,MO,37.9998,-90.4407
Valley,AL,32.69475,-85.26195
Valley,NE,41.3186,-96.3463
Valley,WA,48.1351,-117.761
Valley Bend,WV,38.7718,-79.9253
Valley Center,CA,33.249,-117.0122
Valley Center,KS,37.8616,-97.2621
Valley City,ND,46.9268,-98.0033
Valley City,OH,41.2368,-81.9245
Valley Cottage,NY,41.1183,-73.943
Valley Falls,KS,39.3484,-95.467
Valley Falls,NY,42.8855,-73.5437
Valley Farms,AZ,32.9827,-111.4429
Valley Ford,CA,38.318,-122.9242
Valley Forge,PA,40.11041,-75.44906
Valley Grove,WV,40.0946,-80.5551
Valley Head,AL,34.5697,-85.6272
Valley Head,WV,38.5315,-80.0343
Valley Lee,MD,38.1899,-76.5087
Valley Mills,TX,31.6599,-97.4935
Valley Park,MO,38.5576,-90.4924
Valley Park,MS,32.6323,-90.8542
Valley Spring,TX,30.866,-98.8357
Valley Springs,AR,36.1351,-92.7541
Valley Springs,CA,38.162,-120.8572
Valley Springs,SD,43.5773,-96.4956
Valley Stream,NY,40.6636,-73.70867
Valley View,PA,40.6445,-76.5448
Valley View,TX,33.5022,-97.2311
Valley Village,CA,34.16605,-118.3977
Valleyford,WA,47.5292,-117.2686
Valliant,OK,34.0091,-95.0686
Vallonia,IN,38.8174,-86.069
Valmeyer,IL,38.2805,-90.3122
Valmora,NM,35.8164,-104.9231
Valmy,NV,40.7927,-117.1268
Valparaiso,FL,30.5092,-86.5009
Valparaiso,IN,41.47193,-87.07333
Valparaiso,NE,41.0843,-96.8091
Valrico,FL,27.92373,-82.24047
Valyermo,CA,34.3966,-117.7604
Van,TX,32.5283,-95.6545
Van,WV,37.9712,-81.7022
Van Alstyne,TX,33.4292,-96.5486
Van Buren,AR,35.4454,-94.33805
Van Buren,IN,40.6174,-85.5148
Van Buren,ME,47.1589,-67.9459
Van Buren,MO,37.0015,-91.0007
Van Buren,OH,41.1327,-83.6473
Van Buren Point,NY,42.4511,-79.4154
Van Dyne,WI,43.8734,-88.51
Van Etten,NY,42.2085,-76.5717
Van Horn,TX,31.0391,-104.8245
Van Horne,IA,42.0194,-92.1046
Van Hornesville,NY,42.8951,-74.8276
Van Lear,KY,37.7481,-82.7054
Van Meter,IA,41.4699,-93.9207
Van Nuys,CA,34.18764,-118.45102
Van Orin,IL,41.55,-89.3534
Van Tassell,WY,42.7033,-104.1408
Van Vleck,TX,29.016,-95.8905
Van Vleet,MS,33.9871,-88.8988
Van Voorhis,PA,40.1562,-79.9742
Van Wert,IA,40.8645,-93.8073
Van Wert,OH,40.8689,-84.5904
Van Wyck,SC,34.8585,-80.8459
Vance,AL,33.175,-87.2574
Vance,MS,34.0936,-90.3752
Vance,SC,33.4139,-80.4617
Vanceboro,ME,45.5634,-67.4297
Vanceboro,NC,35.3063,-77.1716
Vanceburg,KY,38.4699,-83.2702
Vancleave,MS,30.5405,-88.6875
Vancleve,KY,37.6477,-83.3806
Vancourt,TX,31.3132,-100.1328
Vancouver,WA,45.65618,-122.61721
Vandalia,IL,38.9439,-89.1041
Vandalia,MI,41.8955,-85.8755
Vandalia,MO,39.2949,-91.4883
Vandalia,MT,48.3547,-106.9098
Vandalia,OH,39.8883,-84.2023
Vandemere,NC,35.1913,-76.6604
Vanderbilt,MI,45.1532,-84.6511
Vanderbilt,PA,40.0246,-79.6955
Vanderbilt,TX,28.8068,-96.6042
Vandergrift,PA,40.6418,-79.5399
Vanderpool,TX,29.7452,-99.5551
Vandervoort,AR,34.3941,-94.2535
Vanderwagen,NM,35.3509,-108.6985
Vandiver,AL,33.4807,-86.5013
Vanduser,MO,36.9912,-89.6885
Vanleer,TN,36.2237,-87.4565
Vanlue,OH,40.9583,-83.4971
Vanndale,AR,35.3245,-90.7712
Vansant,VA,37.1738,-82.1277
Vantage,WA,46.8714,-119.9859
Vanzant,MO,36.9698,-92.3029
Vardaman,MS,33.919,-89.1921
Varina,IA,42.6598,-94.8979
Varna,IL,41.0327,-89.2483
Varnado,LA,30.8938,-89.8295
Varnell,GA,34.9012,-84.9738
Varney,KY,37.6275,-82.4356
Varney,WV,37.6693,-82.1221
Varnville,SC,32.8349,-81.0288
Varysburg,NY,42.7459,-78.3167
Vashon,WA,47.4259,-122.4644
Vass,NC,35.2171,-79.2562
Vassalboro,ME,44.4405,-69.6519
Vassar,KS,38.6419,-95.6012
Vassar,MI,43.3691,-83.5844
Vaucluse,SC,33.6126,-81.8098
Vaughan,MS,32.8015,-90.0981
Vaughan,NC,36.4265,-78.0036
Vaughn,MT,47.5624,-111.577
Vaughn,NM,34.6241,-105.1926
Vaughn,WA,47.3309,-122.7736
Vaughnsville,OH,40.8821,-84.148
Vauxhall,NJ,40.7179,-74.2829
Veblen,SD,45.8535,-97.3122
Veedersburg,IN,40.1186,-87.2602
Vega,TX,35.2241,-102.4214
Veguita,NM,34.485,-106.7591
Velarde,NM,36.1589,-105.9747
Velma,OK,34.4565,-97.6689
Velpen,IN,38.368,-87.099
Velva,ND,48.0675,-100.9346
Venango,NE,40.8073,-101.9839
Venango,PA,41.764,-80.0982
Vendor,AR,35.9473,-93.0774
Venedocia,OH,40.7685,-84.462
Veneta,OR,44.0382,-123.3516
Venetia,PA,40.2755,-80.0598
Venetie,AK,67.0104,-146.4137
Venice,CA,33.9923,-118.4618
Venice,FL,27.10285,-82.3882
Venice,IL,38.6706,-90.1689
Venice,LA,29.2659,-89.3761
Ventnor City,NJ,39.346,-74.4723
Ventress,LA,30.6814,-91.4033
Ventura,CA,34.29545,-119.25809
Ventura,IA,43.1262,-93.4706
Venus,FL,27.1203,-81.3909
Venus,PA,41.3761,-79.5048
Venus,TX,32.433,-97.1087
Vera,OK,36.4501,-95.8814
Veradale,WA,47.6421,-117.1977
Verbank,NY,41.7227,-73.7184
Verbena,AL,32.7499,-86.5114
Verden,OK,35.0836,-98.0792
Verdi,NV,39.5165,-119.9833
Verdigre,NE,42.6101,-98.0793
Verdon,NE,40.1425,-95.7162
Verdugo City,CA,34.2114,-118.2395
Verdunville,WV,37.8445,-82.0551
Vergas,MN,46.6706,-95.7948
Vergennes,IL,37.9051,-89.3269
Vergennes,VT,44.1326,-73.2793
Veribest,TX,31.4766,-100.2595
Vermilion,IL,39.5811,-87.5889
Vermilion,OH,41.41,-82.3554
Vermillion,KS,39.6946,-96.278
Vermillion,MN,44.6748,-92.9683
Vermillion,SD,42.7951,-96.9258
Vermont,IL,40.3062,-90.422
Vermontville,MI,42.6392,-85.011
Vermontville,NY,44.4601,-74.0573
Vernal,UT,40.44805,-109.5378
Vernalis,CA,37.6176,-121.2581
Verndale,MN,46.5065,-94.9676
Verner,WV,37.6634,-81.8504
Vernon,AL,33.7613,-88.0979
Vernon,AZ,34.2575,-109.6929
Vernon,CO,39.9331,-102.3193
Vernon,FL,30.6267,-85.7553
Vernon,IL,38.8033,-89.083
Vernon,IN,38.9848,-85.6094
Vernon,MI,42.9406,-84.0328
Vernon,NJ,41.185,-74.5332
Vernon,NY,43.0945,-75.5627
Vernon,TX,34.15225,-99.28465
Vernon,UT,40.0826,-112.426
Vernon,VT,42.7565,-72.5115
Vernon Center,MN,43.9706,-94.2142
Vernon Center,NY,43.0443,-75.521
Vernon Hill,VA,36.7853,-79.1095
Vernon Hills,IL,42.2288,-87.9719
Vernon Rockville,CT,41.8501,-72.4649
Vernonia,OR,45.8573,-123.1967
Vero Beach,FL,27.64493,-80.43206
Verona,IL,41.2501,-88.517
Verona,KY,38.839,-84.6907
Verona,MO,36.937,-93.8005
Verona,MS,34.1943,-88.7198
Verona,ND,46.3712,-98.0895
Verona,NJ,40.8319,-74.2428
Verona,NY,43.1473,-75.5724
Verona,OH,39.9029,-84.4887
Verona,PA,40.4927,-79.8345
Verona,VA,38.2037,-79.0059
Verona,WI,42.9999,-89.5522
Verona Beach,NY,43.1885,-75.7126
Verplanck,NY,41.2548,-73.9587
Versailles,CT,41.6016,-72.0404
Versailles,IL,39.8883,-90.6741
Versailles,IN,39.0511,-85.2235
Versailles,KY,38.04695,-84.7293
Versailles,MO,38.4365,-92.8258
Versailles,NY,42.5189,-78.9959
Versailles,OH,40.2273,-84.4957
Vershire,VT,43.9618,-72.319
Vesper,WI,44.4677,-89.9826
Vest,KY,37.4073,-83.0153
Vesta,MN,44.5051,-95.4118
Vesta,VA,36.7241,-80.3581
Vestaburg,MI,43.387,-84.9082
Vestaburg,PA,40.0144,-79.9889
Vestal,NY,42.0811,-76.0328
Vesuvius,VA,37.8378,-79.2135
Veteran,WY,41.9821,-104.3709
Vevay,IN,38.7724,-85.0852
Veyo,UT,37.359,-113.6668
Vian,OK,35.5404,-94.9888
Viborg,SD,43.1815,-97.114
Viburnum,MO,37.7151,-91.1289
Vicco,KY,37.202,-83.0658
Vichy,MO,38.098,-91.7788
Vici,OK,36.1372,-99.267
Vickery,OH,41.391,-82.899
Vicksburg,MI,42.1209,-85.5024
Vicksburg,MS,32.35225,-90.85477
Vicksburg,PA,40.9387,-76.988
Victor,CA,38.138,-121.205
Victor,CO,38.71,-105.14
Victor,IA,41.729,-92.2842
Victor,ID,43.6148,-111.1259
Victor,MT,46.4005,-114.1665
Victor,NY,42.9866,-77.418
Victor,WV,38.1402,-81.0322
Victoria,IL,41.0256,-90.0933
Victoria,KS,38.8589,-99.1391
Victoria,MN,44.8582,-93.6561
Victoria,MS,34.8708,-89.6408
Victoria,TX,28.83196,-97.02726
Victoria,VA,36.9835,-78.2372
Victorville,CA,34.51855,-117.33665
Victory Mills,NY,43.0884,-73.5917
Vida,MT,47.832,-105.493
Vida,OR,44.13,-122.5044
Vidal,CA,34.1561,-114.5656
Vidalia,GA,32.18545,-82.3903
Vidalia,LA,31.5782,-91.4695
Vidor,TX,30.1409,-94.00815
Vienna,GA,32.0913,-83.7922
Vienna,IL,37.4205,-88.8879
Vienna,MD,38.4774,-75.8729
Vienna,ME,44.5475,-70.003
Vienna,MO,38.1919,-91.9422
Vienna,NJ,40.8648,-74.897
Vienna,OH,41.2175,-80.655
Vienna,SD,44.7362,-97.5307
Vienna,VA,38.87656,-77.27674
Vienna,WV,39.3251,-81.5411
Viewtown,VA,38.6457,-78.0258
Viking,MN,48.2349,-96.4749
Vilas,CO,37.373,-102.4437
Vilas,NC,36.2574,-81.7652
Villa Grande,CA,38.4741,-123.0242
Villa Grove,CO,38.2952,-106.1102
Villa Grove,IL,39.8687,-88.1616
Villa Maria,PA,41.0737,-80.5073
Villa Park,CA,33.8205,-117.8104
Villa Park,IL,41.8799,-87.9782
Villa Rica,GA,33.7173,-84.9297
Villa Ridge,IL,37.1578,-89.1825
Villa Ridge,MO,38.4601,-90.8822
Village,VA,37.9472,-76.6154
Village Mills,TX,30.5185,-94.4458
Villamont,VA,37.3105,-79.7898
Villanova,PA,40.0399,-75.3459
Villanueva,NM,35.2667,-105.3608
Villard,MN,45.7118,-95.2414
Villas,NJ,39.0219,-74.9354
Ville Platte,LA,30.6924,-92.2737
Villisca,IA,40.9437,-94.9796
Vilonia,AR,35.0719,-92.1832
Vina,AL,34.3712,-88.0774
Vina,CA,39.9272,-122.025
Vinalhaven,ME,44.0397,-68.8368
Vincennes,IN,38.6734,-87.5098
Vincent,AL,33.401,-86.3994
Vincent,IA,42.5623,-94.0335
Vincent,KY,37.3986,-83.7049
Vincent,OH,39.3374,-81.6743
Vincentown,NJ,39.8604,-74.6693
Vine Grove,KY,37.8589,-86.0069
Vineburg,CA,38.2725,-122.4375
Vinegar Bend,AL,31.2584,-88.3865
Vineland,NJ,39.47783,-75.00003
Vinemont,AL,34.2621,-86.9125
Vineyard Haven,MA,41.45,-70.5937
Vining,IA,41.99,-92.3799
Vining,MN,46.2195,-95.506
Vinita,OK,36.6334,-95.1382
Vinson,OK,34.9006,-99.8598
Vinton,CA,39.8043,-120.1783
Vinton,IA,42.1743,-91.9892
Vinton,LA,30.2015,-93.5728
Vinton,OH,38.9783,-82.357
Vinton,VA,37.2757,-79.8775
Vintondale,PA,40.4939,-78.9427
Viola,AR,36.3924,-91.9932
Viola,DE,39.0419,-75.5726
Viola,ID,46.8583,-116.9732
Viola,IL,41.2024,-90.5936
Viola,KS,37.5696,-97.6306
Viola,TN,35.5384,-85.8591
Viola,WI,43.5048,-90.6554
Violet,LA,29.9043,-89.896
Violet Hill,AR,36.163,-91.8471
Viper,KY,37.1585,-83.1405
Virden,IL,39.5064,-89.7783
Virgie,KY,37.3197,-82.6114
Virgil,KS,37.8976,-96.0329
Virgil,SD,44.2908,-98.4243
Virgilina,VA,36.6062,-78.7605
Virgin,UT,37.2022,-113.1854
Virginia,IL,39.9512,-90.2123
Virginia,MN,47.5302,-92.53255
Virginia,NE,40.2309,-96.5121
Virginia Beach,VA,36.81054,-76.05356
Virginia City,MT,45.2938,-111.9461
Virginia City,NV,39.2965,-119.6587
Virginia State University,VA,37.2327,-77.385
Virginville,PA,40.524,-75.873
Viroqua,WI,43.5442,-90.8939
Visalia,CA,36.33103,-119.29605
Vista,CA,33.19383,-117.23883
Vivian,LA,32.8423,-93.9504
Vivian,SD,43.9535,-100.286
Voca,TX,30.9959,-99.1682
Volant,PA,41.0938,-80.2441
Volborg,MT,45.8428,-105.6811
Volcano,CA,38.4765,-120.6017
Volcano,HI,19.4801,-155.1974
Volga,IA,42.7904,-91.5429
Volga,SD,44.3224,-96.9251
Volga,WV,39.0784,-80.1354
Volin,SD,42.9572,-97.1803
Voltaire,ND,47.986,-100.7988
Voluntown,CT,41.5831,-71.855
Von Ormy,TX,29.275,-98.6677
Vona,CO,39.3236,-102.7393
Vonore,TN,35.5354,-84.1778
Voorhees,NJ,39.8504,-74.9646
Voorheesville,NY,42.6431,-73.9448
Voss,TX,31.5892,-99.6326
Vossburg,MS,31.9506,-88.9707
Votaw,TX,30.4334,-94.6804
Vowinckel,PA,41.3957,-79.2266
Vredenburgh,AL,31.8085,-87.3164
Vulcan,MI,45.7623,-87.8168
Vulcan,MO,37.306,-90.7106
Waban,MA,42.3271,-71.2315
Wabash,AR,34.3466,-90.8869
Wabash,IN,40.7909,-85.8321
Wabasha,MN,44.3703,-92.0361
Wabasso,FL,27.7484,-80.4362
Wabasso,MN,44.4059,-95.2632
Wabbaseka,AR,34.3936,-91.7549
Wabeno,WI,45.4332,-88.6625
Waccabuc,NY,41.3032,-73.6032
Wachapreague,VA,37.6044,-75.6925
Wacissa,FL,30.3585,-83.9871
Waco,GA,33.684,-85.2197
Waco,KY,37.7426,-84.1441
Waco,NC,35.3615,-81.4287
Waco,NE,40.9198,-97.4534
Waco,TX,31.55453,-97.16274
Waconia,MN,44.851,-93.7784
Waddell,AZ,33.5673,-112.4387
Waddington,NY,44.8564,-75.2049
Waddy,KY,38.1054,-85.1288
Wade,NC,35.1606,-78.7249
Wadena,IA,42.855,-91.6639
Wadena,MN,46.4401,-95.1283
Wadesboro,NC,34.9809,-80.0696
Wadesville,IN,38.0828,-87.7543
Wading River,NY,40.952,-72.8348
Wadley,AL,33.1492,-85.5513
Wadley,GA,32.8747,-82.4025
Wadmalaw Island,SC,32.6529,-80.1829
Wadsworth,IL,42.446,-87.904
Wadsworth,NV,39.6481,-119.2918
Wadsworth,OH,41.032,-81.73365
Wadsworth,TX,28.8259,-95.9046
Waelder,TX,29.6868,-97.2958
Wagarville,AL,31.4102,-88.0705
Wagener,SC,33.6494,-81.3995
Waggoner,IL,39.3688,-89.6545
Wagner,SD,43.0819,-98.2819
Wagon Mound,NM,35.9814,-104.691
Wagoner,OK,35.95925,-95.43395
Wagontown,PA,39.9832,-75.7481
Wagram,NC,34.9044,-79.3959
Wahiawa,HI,21.5006,-158.0435
Wahkiacus,WA,45.859,-121.1409
Wahkon,MN,46.1121,-93.4972
Wahoo,NE,41.2117,-96.6219
Wahpeton,ND,46.2912,-96.6687
Waialua,HI,21.5766,-158.1267
Waianae,HI,21.4352,-158.1781
Waikoloa,HI,19.9724,-155.818
Wailuku,HI,20.8966,-156.5036
Waimanalo,HI,21.3418,-157.7131
Waimea,HI,21.9571,-159.6689
Wainscott,NY,40.9396,-72.2425
Wainwright,AK,70.6369,-160.0383
Wainwright,OK,35.6126,-95.5644
Waipahu,HI,21.3982,-158.0124
Waite,ME,45.3492,-67.678
Waite Park,MN,45.55345,-94.22435
Waiteville,WV,37.4645,-80.4634
Waitsburg,WA,46.2691,-118.1447
Waitsfield,VT,44.1889,-72.8283
Waka,TX,36.2716,-101.0443
Wakarusa,IN,41.5401,-86.0205
Wakarusa,KS,38.9045,-95.7015
Wake,VA,37.5681,-76.4323
Wake Forest,NC,35.9773,-78.495
Wake Island,HI,19.2836,166.6419
Wakeeney,KS,39.025,-99.8796
Wakefield,KS,39.2249,-97.0229
Wakefield,LA,30.9175,-91.3581
Wakefield,MA,42.5009,-71.0685
Wakefield,MI,46.4752,-89.9424
Wakefield,NE,42.2733,-96.8776
Wakefield,OH,38.9703,-83.0199
Wakefield,RI,41.4095,-71.58905
Wakefield,VA,36.9757,-76.979
Wakeman,OH,41.2637,-82.3782
Wakita,OK,36.8753,-97.9427
Wakonda,SD,42.996,-97.0694
Wakpala,SD,45.7006,-100.5332
Walbridge,OH,41.5861,-83.493
Walburg,TX,30.7415,-97.5891
Walcott,AR,36.0413,-90.6718
Walcott,IA,41.6453,-90.7256
Walcott,ND,46.5835,-97.0014
Walcott,WY,41.7611,-106.845
Walden,CO,40.71,-106.2767
Walden,NY,41.5596,-74.1764
Waldenburg,AR,35.5631,-90.9207
Waldo,AR,33.36,-93.2949
Waldo,FL,29.7871,-82.1608
Waldo,KS,39.0877,-98.7785
Waldo,OH,40.4605,-83.0706
Waldo,WI,43.6571,-87.9722
Waldoboro,ME,44.1046,-69.3745
Waldorf,MD,38.59,-76.93265
Waldorf,MN,43.9399,-93.7043
Waldport,OR,44.4085,-124.0351
Waldron,AR,34.9026,-94.0772
Waldron,IN,39.4688,-85.6644
Waldron,KS,37.0022,-98.1826
Waldron,MI,41.7386,-84.4496
Waldron,MO,39.2289,-94.8057
Waldron,WA,48.6876,-123.0369
Waldwick,NJ,41.013,-74.1243
Wales,AK,65.6092,-168.0875
Wales,MA,42.0627,-72.2046
Wales,ND,48.9216,-98.5596
Wales,UT,39.4884,-111.6341
Wales,WI,43.0088,-88.3787
Wales Center,NY,42.7684,-78.53
Waleska,GA,34.3217,-84.562
Walford,IA,41.877,-91.8369
Walhalla,MI,43.9536,-86.1148
Walhalla,ND,48.8808,-97.7974
Walhalla,SC,34.7648,-83.064
Walhonding,OH,40.3407,-82.1559
Walker,IA,42.2867,-91.7807
Walker,KS,38.8672,-99.0759
Walker,KY,36.8911,-83.6616
Walker,LA,30.5247,-90.8557
Walker,MN,47.0877,-94.5847
Walker,MO,37.893,-94.2293
Walker,SD,45.9103,-101.0904
Walker,WV,39.1821,-81.3866
Walker Valley,NY,41.6337,-74.3779
Walkersville,MD,39.4787,-77.3484
Walkersville,WV,38.8507,-80.4802
Walkerton,IN,41.4667,-86.4831
Walkerton,VA,37.7554,-77.0185
Walkertown,NC,36.18,-80.1629
Walkerville,MI,43.7626,-86.083
Wall,SD,43.9812,-102.2245
Wall,TX,31.3741,-100.3076
Wall Lake,IA,42.2653,-95.0852
Walla Walla,WA,46.0614,-118.3315
Wallace,CA,38.1983,-120.9793
Wallace,ID,47.4908,-115.962
Wallace,IN,39.9865,-87.1477
Wallace,KS,38.8747,-101.5735
Wallace,MI,45.3017,-87.5805
Wallace,NC,34.7542,-77.9429
Wallace,NE,40.8304,-101.1738
Wallace,SC,34.7307,-79.8011
Wallace,SD,45.0815,-97.4458
Wallace,WV,39.4117,-80.4865
Wallaceton,PA,40.9616,-78.2926
Wallagrass,ME,47.1295,-68.5973
Walland,TN,35.7533,-83.8243
Wallback,WV,38.5432,-81.1114
Wallburg,NC,36.0101,-80.1392
Walled Lake,MI,42.548,-83.47915
Waller,TX,30.071,-95.9253
Walling,TN,35.8695,-85.6185
Wallingford,CT,41.39497,-72.88917
Wallingford,IA,43.3189,-94.7964
Wallingford,KY,38.3374,-83.5625
Wallingford,PA,39.8871,-75.3721
Wallingford,VT,43.4573,-72.9877
Wallington,NJ,40.8536,-74.1079
Wallins Creek,KY,36.8165,-83.419
Wallis,TX,29.6397,-96.0456
Wallisville,TX,29.8591,-94.6759
Wallkill,NY,41.616,-74.1439
Walloon Lake,MI,45.2661,-84.9337
Wallops Island,VA,37.9186,-75.4905
Wallowa,OR,45.5717,-117.5357
Wallpack Center,NJ,41.1256,-74.9177
Walls,MS,34.96115,-90.1367
Wallsburg,UT,40.3657,-111.4649
Wallula,WA,46.0846,-118.9061
Walnut,CA,34.0193,-117.85995
Walnut,IA,41.4623,-95.218
Walnut,IL,41.5394,-89.6092
Walnut,KS,37.5967,-95.0455
Walnut,MS,34.9527,-88.9053
Walnut Bottom,PA,40.086,-77.409
Walnut Cove,NC,36.3189,-80.1484
Walnut Creek,CA,37.90455,-122.0557
Walnut Creek,OH,40.5415,-81.7218
Walnut Grove,AL,34.0657,-86.3064
Walnut Grove,CA,38.2396,-121.5443
Walnut Grove,MN,44.2294,-95.4965
Walnut Grove,MO,37.3943,-93.5044
Walnut Grove,MS,32.6134,-89.4105
Walnut Hill,IL,38.467,-89.0328
Walnut Ridge,AR,36.0244,-90.9288
Walnut Shade,MO,36.7704,-93.2148
Walnut Springs,TX,32.0593,-97.7514
Walnutport,PA,40.7615,-75.5657
Walpole,MA,42.1444,-71.2544
Walpole,ME,43.9462,-69.5516
Walpole,NH,43.0765,-72.4155
Walsenburg,CO,37.6465,-104.7798
Walsh,CO,37.3521,-102.2537
Walsh,IL,38.0203,-89.8297
Walshville,IL,39.0473,-89.635
Walston,PA,40.9651,-78.9948
Walstonburg,NC,35.5882,-77.6983
Walterboro,SC,32.9052,-80.6668
Walters,OK,34.3605,-98.314
Waltersburg,PA,39.9763,-79.7689
Walterville,OR,44.1288,-122.6376
Walthall,MS,33.607,-89.2752
Waltham,MA,42.37875,-71.23632
Waltham,MN,43.807,-92.8734
Walthill,NE,42.1485,-96.4803
Walthourville,GA,31.7705,-81.6208
Walton,IN,40.6772,-86.2805
Walton,KS,38.1239,-97.2361
Walton,KY,38.8875,-84.6328
Walton,NE,40.7975,-96.5359
Walton,NY,42.1756,-75.1532
Walton,OR,44.0282,-123.5893
Walton,WV,38.6023,-81.3958
Waltonville,IL,38.2089,-89.039
Walworth,NY,43.1402,-77.2858
Walworth,WI,42.535,-88.6027
Wamego,KS,39.21,-96.3153
Wampsville,NY,43.0753,-75.7069
Wampum,PA,40.8819,-80.3392
Wamsutter,WY,41.6583,-108.1517
Wana,WV,39.6735,-80.3183
Wanakena,NY,44.1408,-74.9125
Wanamingo,MN,44.3121,-92.8103
Wanaque,NJ,41.0544,-74.279
Wanatah,IN,41.3845,-86.8764
Wanblee,SD,43.5589,-101.7219
Wanchese,NC,35.8622,-75.6437
Wanda,MN,44.3149,-95.213
Waneta,KY,37.4748,-84.0427
Wanette,OK,34.9983,-97.0419
Wann,OK,36.9402,-95.7768
Wannaska,MN,48.6452,-95.7072
Wantagh,NY,40.685,-73.5103
Wapakoneta,OH,40.569,-84.1774
Wapanucka,OK,34.3866,-96.4532
Wapato,WA,46.4507,-120.4265
Wapella,IL,40.2323,-88.9673
Wapello,IA,41.207,-91.1719
Wapiti,WY,44.4686,-109.4377
Wappapello,MO,36.9356,-90.2709
Wappingers Falls,NY,41.595,-73.8876
Wapwallopen,PA,41.068,-76.0857
War,WV,37.3012,-81.6909
Warba,MN,47.1361,-93.2764
Warbranch,KY,36.984,-83.4667
Ward,AL,32.3038,-88.1476
Ward,AR,34.9532,-91.9004
Ward,CO,40.0726,-105.508
Ward,SC,33.8849,-81.7283
Ward Cove,AK,55.3954,-131.6754
Warda,TX,30.0702,-96.902
Wardell,MO,36.3478,-89.8181
Warden,WA,46.977,-119.0539
Wardensville,WV,39.0562,-78.6175
Wardsboro,VT,43.0326,-72.8077
Wardtown,VA,37.5349,-75.8769
Wardville,OK,34.6695,-96.0258
Ware,MA,42.2618,-72.2583
Ware Neck,VA,37.4004,-76.4529
Ware Shoals,SC,34.4025,-82.2678
Wareham,MA,41.7541,-70.7116
Waresboro,GA,31.248,-82.4737
Waretown,NJ,39.7896,-74.1954
Warfield,KY,37.875,-82.4386
Warfield,VA,36.9011,-77.7673
Warfordsburg,PA,39.7698,-78.1986
Waring,TX,29.9523,-98.7944
Warm Springs,AR,36.4803,-91.0515
Warm Springs,GA,32.9063,-84.7167
Warm Springs,MT,46.1813,-112.7848
Warm Springs,OR,44.7468,-121.2909
Warm Springs,VA,38.1437,-79.8207
Warminster,PA,40.26765,-75.09665
Warne,NC,35.0024,-83.9045
Warner,NH,43.3035,-71.8353
Warner,OK,35.4945,-95.3064
Warner,SD,45.3486,-98.4757
Warner Robins,GA,32.59638,-83.6352
Warner Springs,CA,33.3096,-116.6527
Warners,NY,43.0932,-76.2904
Warnerville,NY,42.6604,-74.5074
Warnock,OH,40.0226,-80.9373
Warren,AR,33.614,-92.0778
Warren,ID,45.2641,-115.6765
Warren,IL,42.489,-89.986
Warren,IN,40.6886,-85.4183
Warren,MA,42.204,-72.1994
Warren,ME,44.1271,-69.2479
Warren,MI,42.49257,-83.02413
Warren,MN,48.2614,-96.7726
Warren,NH,43.9447,-71.8901
Warren,NJ,40.6318,-74.5105
Warren,OH,41.25723,-80.80318
Warren,OR,45.826,-122.8634
Warren,PA,41.8438,-79.1542
Warren,RI,41.7256,-71.2702
Warren,TX,30.5978,-94.412
Warren,VT,44.111,-72.8609
Warren Center,PA,41.9394,-76.1964
Warrendale,PA,40.6534,-80.0795
Warrens,WI,44.157,-90.4967
Warrensburg,IL,39.9454,-89.0741
Warrensburg,MO,38.7667,-93.7273
Warrensburg,NY,43.5003,-73.792
Warrensville,NC,36.4572,-81.5465
Warrenton,GA,33.4091,-82.6357
Warrenton,MO,38.805,-91.174
Warrenton,NC,36.3539,-78.1594
Warrenton,OR,46.145,-123.9254
Warrenton,VA,38.72357,-77.79937
Warrenville,IL,41.828,-88.1921
Warrenville,SC,33.526,-81.7956
Warrington,PA,40.2464,-75.1354
Warrior,AL,33.8529,-86.8198
Warriormine,WV,37.2929,-81.6971
Warriors Mark,PA,40.7414,-78.0775
Warroad,MN,48.9111,-95.3538
Warsaw,IL,40.3544,-91.4348
Warsaw,IN,41.2558,-85.8566
Warsaw,KY,38.7807,-84.8496
Warsaw,MN,44.2485,-93.3949
Warsaw,MO,38.2431,-93.3819
Warsaw,NC,35.018,-78.031
Warsaw,NY,42.741,-78.1429
Warsaw,OH,40.3172,-82.056
Warsaw,VA,37.9695,-76.7665
Wartburg,TN,36.1016,-84.5652
Warthen,GA,33.1255,-82.8039
Wartrace,TN,35.5123,-86.3277
Warwick,GA,31.831,-83.9188
Warwick,MA,42.6671,-72.3397
Warwick,MD,39.4283,-75.7996
Warwick,ND,47.8913,-98.681
Warwick,NY,41.2656,-74.3604
Warwick,RI,41.71655,-71.41558
Wasco,CA,35.648,-119.4487
Wasco,IL,41.937,-88.4202
Wasco,OR,45.5974,-120.7304
Wascott,WI,46.1724,-91.7982
Waseca,MN,44.0834,-93.5108
Washburn,IL,40.9141,-89.283
Washburn,ME,46.7883,-68.1338
Washburn,MO,36.5807,-93.992
Washburn,ND,47.3114,-101.0116
Washburn,TN,36.3106,-83.5937
Washburn,WI,46.6806,-90.9095
Washington,AR,33.7546,-93.6735
Washington,CA,39.3569,-120.8
Washington,CT,41.6296,-73.2884
Washington,DC,38.89647,-77.02143
Washington,GA,33.7265,-82.7429
Washington,IA,41.3015,-91.6987
Washington,IL,40.7034,-89.4194
Washington,IN,38.6536,-87.1707
Washington,KS,39.8223,-97.0484
Washington,KY,38.6123,-83.808
Washington,LA,30.6839,-92.0252
Washington,ME,44.2693,-69.3842
Washington,MI,42.7472,-83.03315
Washington,MO,38.5459,-91.0193
Washington,MS,31.5788,-91.2993
Washington,NC,35.5884,-77.1404
Washington,NE,41.3975,-96.2081
Washington,NH,43.1747,-72.0824
Washington,NJ,40.7582,-74.9914
Washington,OK,35.1324,-97.487
Washington,PA,40.1717,-80.256
Washington,TX,30.3182,-96.2249
Washington,UT,37.1364,-113.505
Washington,VA,38.7078,-78.1566
Washington,VT,44.0782,-72.4263
Washington,WV,39.2068,-81.6577
Washington Boro,PA,39.9881,-76.4402
Washington Court House,OH,39.537,-83.455
Washington Crossing,PA,40.2849,-74.8778
Washington Depot,CT,41.6559,-73.3274
Washington Grove,MD,39.1388,-77.1726
Washington Island,WI,45.3738,-86.8975
Washington Mills,NY,43.0538,-75.2716
Washington Navy Yard,DC,38.89936,-77.02806
Washingtonville,NY,41.4237,-74.1601
Washingtonville,OH,40.8973,-80.7631
Washingtonville,PA,41.0518,-76.6747
Washoe Valley,NV,39.2669,-119.8174
Washougal,WA,45.5959,-122.3104
Washta,IA,42.5781,-95.7295
Washtucna,WA,46.8209,-118.2862
Wasilla,AK,61.5635,-149.477
Waskish,MN,48.177,-94.5037
Waskom,TX,32.5184,-94.1355
Wasola,MO,36.7573,-92.5093
Wassaic,NY,41.7759,-73.5544
Wasta,SD,44.225,-102.4311
Wataga,IL,41.0224,-90.2723
Watauga,SD,45.9276,-101.5129
Watauga,TN,36.3702,-82.2683
Watchung,NJ,40.6378,-74.4514
Water Mill,NY,40.9209,-72.3491
Water Valley,KY,36.5694,-88.8084
Water Valley,MS,34.1525,-89.638
Water Valley,TX,31.6453,-100.716
Water View,VA,37.7105,-76.6227
Waterboro,ME,43.5661,-70.7431
Waterbury,CT,41.55745,-73.04522
Waterbury,NE,42.4604,-96.7448
Waterbury,VT,44.34145,-72.768
Waterbury Center,VT,44.3828,-72.708
Waterfall,PA,40.1276,-78.0628
Waterflow,NM,36.7637,-108.5186
Waterford,CA,37.652,-120.7292
Waterford,CT,41.3469,-72.1458
Waterford,ME,44.1931,-70.7163
Waterford,MI,42.65813,-83.38337
Waterford,MS,34.5476,-89.6129
Waterford,NY,42.81,-73.6995
Waterford,OH,39.5159,-81.6559
Waterford,PA,41.9603,-79.9996
Waterford,VA,39.1882,-77.63
Waterford,WI,42.7632,-88.1974
Waterford Works,NJ,39.7215,-74.8609
Waterloo,AL,34.9357,-87.9624
Waterloo,IA,42.4839,-92.33475
Waterloo,IL,38.3223,-90.1478
Waterloo,IN,41.4402,-85.0221
Waterloo,NE,41.2702,-96.3063
Waterloo,NY,42.9045,-76.8755
Waterloo,OH,38.7182,-82.5174
Waterloo,SC,34.3367,-82.088
Waterloo,WI,43.1832,-88.9838
Waterman,IL,41.7504,-88.7754
Waterport,NY,43.3326,-78.243
Waterproof,LA,31.8076,-91.3872
Waters,MI,44.8702,-84.6598
Watersmeet,MI,46.2542,-89.2108
Watertown,CT,41.6057,-73.1221
Watertown,MA,42.3706,-71.18097
Watertown,MN,44.9595,-93.8482
Watertown,NY,43.9415,-75.90445
Watertown,OH,39.4659,-81.6332
Watertown,SD,44.9043,-97.124
Watertown,TN,36.0953,-86.1434
Watertown,WI,43.2347,-88.71695
Waterville,IA,43.2078,-91.2976
Waterville,KS,39.6971,-96.7498
Waterville,ME,44.55175,-69.6655
Waterville,MN,44.2238,-93.5751
Waterville,NY,42.9332,-75.3815
Waterville,OH,41.5022,-83.7331
Waterville,PA,41.3114,-77.3604
Waterville,VT,44.7124,-72.7596
Waterville,WA,47.6295,-119.9887
Waterville Valley,NH,43.9501,-71.4995
Watervliet,MI,42.1938,-86.2604
Watervliet,NY,42.7298,-73.7123
Watford City,ND,47.8043,-103.2582
Wathena,KS,39.7625,-94.9255
Watkins,CO,39.7623,-104.5834
Watkins,IA,41.904,-91.9965
Watkins,MN,45.3087,-94.4297
Watkins Glen,NY,42.3771,-76.9022
Watkinsville,GA,33.8542,-83.408
Watonga,OK,35.8538,-98.4175
Watrous,NM,35.7906,-104.9817
Watseka,IL,40.7734,-87.7309
Watson,AL,33.5446,-86.9292
Watson,AR,33.8907,-91.2815
Watson,IL,38.9906,-88.5584
Watson,LA,30.5502,-90.9582
Watson,MN,45.0412,-95.834
Watson,MO,40.478,-95.6193
Watson,OK,34.4193,-94.5562
Watsontown,PA,41.102,-76.8532
Watsonville,CA,36.9109,-121.7572
Watton,MI,46.5413,-88.6049
Watts,OK,36.1152,-94.6345
Wattsburg,PA,42.0391,-79.8363
Wattsville,AL,33.7068,-86.2567
Wattsville,VA,37.9437,-75.5023
Waubay,SD,45.3784,-97.295
Waubun,MN,47.192,-95.8871
Wauchula,FL,27.5517,-81.8074
Waucoma,IA,43.0433,-92.0302
Wauconda,IL,42.2636,-88.1333
Wauconda,WA,48.8224,-118.9469
Waukau,WI,43.9886,-88.7712
Waukee,IA,41.593,-93.8592
Waukegan,IL,42.37223,-87.8551
Waukena,CA,36.1296,-119.5161
Waukesha,WI,42.99385,-88.25447
Waukomis,OK,36.2781,-97.8996
Waukon,IA,43.264,-91.48
Wauna,WA,47.379,-122.6426
Waunakee,WI,43.1818,-89.4532
Wauneta,NE,40.4409,-101.3812
Waupaca,WI,44.3481,-89.1101
Waupun,WI,43.6324,-88.7373
Wauregan,CT,41.7445,-71.9133
Waurika,OK,34.1745,-97.9973
Wausa,NE,42.4973,-97.5576
Wausau,FL,30.6321,-85.5888
Wausau,WI,44.93973,-89.6695
Wausaukee,WI,45.3495,-87.9099
Wauseon,OH,41.5668,-84.1537
Wautoma,WI,44.0656,-89.2666
Wauzeka,WI,43.1143,-90.9239
Waveland,IN,39.902,-87.0178
Waveland,MS,30.2914,-89.3837
Waverley,MA,42.3876,-71.1828
Waverly,AL,32.7632,-85.5144
Waverly,FL,27.9769,-81.6144
Waverly,GA,31.0427,-81.5697
Waverly,IA,42.7748,-92.404
Waverly,IL,39.587,-89.9449
Waverly,KS,38.3782,-95.5982
Waverly,KY,37.743,-87.8067
Waverly,MN,45.0666,-93.9664
Waverly,MO,39.2055,-93.5257
Waverly,NE,40.9222,-96.526
Waverly,NY,42.0172,-76.5333
Waverly,OH,39.1264,-83.0049
Waverly,PA,41.5238,-75.6906
Waverly,TN,36.0997,-87.7991
Waverly,VA,37.0379,-77.15895
Waverly,WA,47.3427,-117.228
Waverly,WV,39.3157,-81.3819
Waverly Hall,GA,32.6793,-84.7425
Waves,NC,35.565,-75.4663
Wawaka,IN,41.457,-85.4822
Wawarsing,NY,41.7606,-74.3535
Waxahachie,TX,32.37767,-96.8234
Waxhaw,NC,34.9251,-80.7278
Wayan,ID,43.0269,-111.2541
Waycross,GA,31.21723,-82.357
Wayland,IA,41.1449,-91.6589
Wayland,KY,37.4367,-82.801
Wayland,MA,42.3486,-71.3588
Wayland,MI,42.6643,-85.6191
Wayland,MO,40.4001,-91.5842
Wayland,NY,42.5593,-77.5906
Wayland,OH,41.1597,-81.07
Waymart,PA,41.5703,-75.4065
Wayne,IL,41.9525,-88.2536
Wayne,ME,44.3493,-70.0712
Wayne,MI,42.2768,-83.3758
Wayne,NE,42.2304,-97.0186
Wayne,NJ,40.9476,-74.2458
Wayne,NY,42.4741,-77.0977
Wayne,OH,41.2993,-83.4701
Wayne,OK,34.9154,-97.329
Wayne,PA,40.0208,-75.39532
Wayne,WV,38.2258,-82.4339
Wayne City,IL,38.3328,-88.5833
Waynesboro,GA,33.1013,-81.9908
Waynesboro,MS,31.6754,-88.6782
Waynesboro,PA,39.7635,-77.5674
Waynesboro,TN,35.322,-87.7395
Waynesboro,VA,38.0774,-78.9035
Waynesburg,KY,37.3499,-84.6655
Waynesburg,OH,40.6829,-81.2659
Waynesburg,PA,39.8917,-80.1795
Waynesfield,OH,40.6072,-83.9585
Waynesville,GA,31.2448,-81.8039
Waynesville,IL,40.2437,-89.1143
Waynesville,MO,37.7676,-92.2105
Waynesville,NC,35.5174,-82.9816
Waynesville,OH,39.5285,-84.0815
Waynetown,IN,40.0858,-87.0512
Waynoka,OK,36.5858,-98.8487
Wayside,MS,33.269,-91.0337
Wayside,TX,34.7928,-101.5471
Wayside,WV,37.5937,-80.7458
Wayzata,MN,44.9847,-93.5422
Weare,NH,43.0714,-71.7038
Weatherby,MO,39.9277,-94.2429
Weatherford,OK,35.535,-98.6996
Weatherford,TX,32.77995,-97.77287
Weatherly,PA,40.9411,-75.8306
Weatogue,CT,41.8372,-72.8253
Weaubleau,MO,37.8906,-93.5419
Weaver,AL,33.7563,-85.8107
Weaverville,CA,40.7317,-122.9353
Weaverville,NC,35.7126,-82.5491
Webb,AL,31.2656,-85.2544
Webb,IA,42.9502,-94.9951
Webb,MS,33.9473,-90.3443
Webb City,MO,37.144,-94.4727
Webber,KS,39.935,-98.035
Webbers Falls,OK,35.5138,-95.1659
Webberville,MI,42.663,-84.1701
Webbville,KY,38.1634,-82.7897
Weber City,VA,36.6137,-82.5618
Webster,FL,28.549,-82.0805
Webster,IA,41.4364,-92.1765
Webster,IN,39.9119,-84.9351
Webster,KY,37.9237,-86.3441
Webster,MA,42.0521,-71.8486
Webster,MN,44.5003,-93.3826
Webster,NC,35.3462,-83.2193
Webster,ND,48.3229,-98.8739
Webster,NY,43.2196,-77.4616
Webster,PA,40.1851,-79.8487
Webster,SD,45.3151,-97.5254
Webster,TX,29.5564,-95.144
Webster,WI,45.874,-92.3227
Webster City,IA,42.4657,-93.8262
Webster Springs,WV,38.4832,-80.4476
Websterville,VT,44.1558,-72.4658
Wedderburn,OR,42.6093,-124.3886
Wedgefield,SC,33.8953,-80.498
Wedowee,AL,33.3019,-85.4737
Wedron,IL,41.4409,-88.7703
Weed,CA,41.4226,-122.3861
Weed,NM,32.8052,-105.5063
Weedsport,NY,43.0489,-76.5425
Weedville,PA,41.2685,-78.4952
Weehawken,NJ,40.7681,-74.0208
Weeksbury,KY,37.317,-82.7041
Weems,VA,37.6847,-76.4313
Weeping Water,NE,40.8731,-96.1528
Weesatche,TX,28.8472,-97.448
Weidman,MI,43.6453,-85.0046
Weikert,PA,40.8584,-77.2953
Weimar,CA,39.0375,-120.9713
Weimar,TX,29.6787,-96.755
Weiner,AR,35.6291,-90.9289
Weinert,TX,33.3249,-99.6664
Weippe,ID,46.3807,-115.9386
Weir,KS,37.2912,-94.7286
Weir,MS,33.2645,-89.2804
Weir,TX,30.6747,-97.5929
Weirsdale,FL,28.9782,-81.8932
Weirton,WV,40.4137,-80.5683
Weiser,ID,44.2522,-116.9651
Welaka,FL,29.4905,-81.653
Welch,MN,44.603,-92.7263
Welch,OK,36.902,-95.1295
Welch,TX,32.9298,-102.1278
Welch,WV,37.4329,-81.5846
Welches,OR,45.3399,-121.9598
Welcome,MD,38.4672,-77.095
Welcome,MN,43.6705,-94.5886
Welcome,NC,35.9029,-80.257
Weld,ME,44.7016,-70.4249
Welda,KS,38.1686,-95.3096
Weldon,CA,35.6391,-118.2859
Weldon,IA,40.8739,-93.7387
Weldon,IL,40.1177,-88.7531
Weldon,NC,36.4206,-77.6035
Weldona,CO,40.3681,-103.9678
Weleetka,OK,35.3416,-96.1136
Wellborn,FL,30.1796,-82.8505
Wellborn,TX,30.5334,-96.3032
Wellersburg,PA,39.7299,-78.8441
Wellesley,MA,42.2945,-71.2992
Wellesley Hills,MA,42.3106,-71.2747
Wellesley Island,NY,44.3213,-76.0172
Wellfleet,MA,41.9289,-70.0186
Wellfleet,NE,40.7988,-100.7119
Wellford,SC,34.9514,-82.0927
Welling,OK,35.8819,-94.8653
Wellington,AL,33.8226,-85.8927
Wellington,CO,40.7255,-105.0318
Wellington,FL,26.6587,-80.2414
Wellington,IL,40.5339,-87.6561
Wellington,KS,37.2778,-97.391
Wellington,KY,37.978,-83.4675
Wellington,MO,39.1258,-93.9855
Wellington,NV,38.8447,-119.3523
Wellington,OH,41.1712,-82.2269
Wellington,TX,34.8717,-100.2207
Wellington,UT,39.5423,-110.735
Wellman,IA,41.47,-91.84
Wellman,TX,33.0473,-102.4282
Wellpinit,WA,47.8697,-117.9856
Wells,ME,43.3144,-70.5969
Wells,MI,45.7849,-87.0734
Wells,MN,43.7434,-93.7321
Wells,NV,41.1116,-114.9645
Wells,NY,43.4012,-74.2886
Wells,TX,31.4885,-94.9399
Wells,VT,43.4305,-73.2027
Wells Bridge,NY,42.3709,-75.2486
Wells River,VT,44.1524,-72.053
Wells Tannery,PA,40.101,-78.1403
Wellsboro,PA,41.7373,-77.308
Wellsburg,IA,42.4494,-92.9398
Wellsburg,NY,42.0273,-76.7723
Wellsburg,WV,40.2548,-80.5961
Wellston,MI,44.2133,-85.9555
Wellston,OH,39.1189,-82.5485
Wellston,OK,35.6757,-97.0597
Wellsville,KS,38.7137,-95.0916
Wellsville,MO,39.0765,-91.5645
Wellsville,NY,42.1108,-77.9419
Wellsville,OH,40.6171,-80.6621
Wellsville,PA,40.0557,-76.9443
Wellsville,UT,41.6343,-111.9317
Wellton,AZ,32.6935,-114.1561
Welsh,LA,30.2363,-92.819
Welton,IA,41.9081,-90.5954
Wenatchee,WA,47.4244,-120.3188
Wendel,CA,40.3406,-120.2824
Wendel,PA,40.294,-79.6866
Wendell,ID,42.7579,-114.7154
Wendell,MA,42.5656,-72.4009
Wendell,MN,46.0562,-96.1144
Wendell,NC,35.798,-78.3926
Wendell Depot,MA,42.5534,-72.3927
Wenden,AZ,34.0422,-113.458
Wendover,KY,37.1079,-83.3563
Wendover,UT,40.7372,-114.0375
Wenham,MA,42.6017,-70.8786
Wenona,IL,41.0548,-89.0416
Wenonah,NJ,39.7993,-75.1536
Wentworth,MO,37.0177,-94.0514
Wentworth,NC,36.3921,-79.7731
Wentworth,NH,43.8685,-71.9097
Wentworth,SD,43.9852,-96.9615
Wentzville,MO,38.802,-90.8534
Weogufka,AL,33.0238,-86.3042
Weott,CA,40.3218,-123.9217
Wernersville,PA,40.3293,-76.0901
Wesco,MO,37.8585,-91.4267
Weskan,KS,38.8649,-101.9512
Weslaco,TX,26.16445,-97.98975
Wesley,AR,36.0114,-93.8526
Wesley,IA,43.0977,-94.0038
Wesley,ME,44.9854,-67.6991
Wesley Chapel,FL,28.2497,-82.31537
Wessington,SD,44.4128,-98.692
Wessington Springs,SD,44.0664,-98.6751
Wesson,MS,31.6901,-90.4131
West,MS,33.1883,-89.7695
West,TX,31.7754,-97.1258
West Alexander,PA,40.1065,-80.4978
West Alexandria,OH,39.7259,-84.5352
West Alton,MO,38.8758,-90.2384
West Augusta,VA,38.2744,-79.3201
West Babylon,NY,40.71585,-73.35445
West Baden Springs,IN,38.6208,-86.5899
West Baldwin,ME,43.8299,-70.749
West Barnstable,MA,41.7002,-70.372
West Bend,IA,42.9574,-94.4564
West Bend,WI,43.4331,-88.1904
West Berlin,NJ,39.8051,-74.9255
West Bethel,ME,44.4021,-70.8601
West Blocton,AL,33.1424,-87.1369
West Bloomfield,MI,42.59173,-83.382
West Bloomfield,NY,42.9063,-77.5531
West Boothbay Harbor,ME,43.849,-69.6434
West Boxford,MA,42.707,-71.0639
West Boylston,MA,42.3584,-71.7838
West Branch,IA,41.6726,-91.3141
West Branch,MI,44.279,-84.2286
West Bridgewater,MA,42.0255,-71.0161
West Brookfield,MA,42.2441,-72.1511
West Brooklyn,IL,41.7292,-89.1909
West Burke,VT,44.6636,-71.9572
West Burlington,IA,40.8321,-91.1799
West Burlington,NY,42.7043,-75.1849
West Camp,NY,42.1231,-73.9349
West Charleston,VT,44.8729,-72.0521
West Chatham,MA,41.6812,-69.9911
West Chazy,NY,44.797,-73.5112
West Chester,IA,41.3585,-91.8075
West Chester,OH,39.33595,-84.4035
West Chester,PA,39.96265,-75.6001
West Chesterfield,MA,42.3903,-72.8709
West Chesterfield,NH,42.8956,-72.5097
West Chicago,IL,41.8867,-88.2031
West Clarksville,NY,42.1227,-78.2213
West College Corner,IN,39.5676,-84.8161
West Columbia,SC,33.94425,-81.14215
West Columbia,TX,29.1408,-95.6694
West Columbia,WV,38.9574,-82.0517
West Concord,MN,44.152,-92.8825
West Cornwall,CT,41.8689,-73.3313
West Covina,CA,34.05602,-117.91772
West Coxsackie,NY,42.4029,-73.8283
West Creek,NJ,39.6627,-74.2885
West Danville,VT,44.4465,-72.2198
West Davenport,NY,42.4459,-74.9632
West Decatur,PA,40.9493,-78.3129
West Dennis,MA,41.6626,-70.1681
West Des Moines,IA,41.575,-93.77205
West Dover,VT,42.9535,-72.8687
West Dummerston,VT,42.9265,-72.6154
West Eaton,NY,42.8545,-75.656
West Edmeston,NY,42.7868,-75.3149
West Elizabeth,PA,40.2716,-79.8966
West Elkton,OH,39.5897,-84.5581
West End,NC,35.2512,-79.536
West Enfield,ME,45.2378,-68.5338
West Fairlee,VT,43.9189,-72.2681
West Falls,NY,42.7053,-78.6779
West Falmouth,MA,41.6039,-70.6382
West Fargo,ND,46.8907,-96.9258
West Farmington,ME,44.6628,-70.153
West Farmington,OH,41.3508,-80.9672
West Finley,PA,39.9914,-80.4408
West Fork,AR,35.9082,-94.2304
West Forks,ME,45.3839,-69.9841
West Frankfort,IL,37.8979,-88.9307
West Friendship,MD,39.2934,-76.966
West Fulton,NY,42.5506,-74.4631
West Glacier,MT,48.5,-113.9787
West Granby,CT,41.9556,-72.862
West Green,GA,31.6143,-82.7243
West Greene,AL,32.9237,-88.0853
West Greenwich,RI,41.64,-71.6435
West Groton,MA,42.6043,-71.6273
West Grove,PA,39.8253,-75.8374
West Halifax,VT,42.7761,-72.7501
West Hamlin,WV,38.2886,-82.1843
West Harrison,IN,39.3008,-84.881
West Harrison,NY,41.0592,-73.7395
West Hartford,CT,41.77377,-72.73083
West Hartford,VT,43.7123,-72.4176
West Hartland,CT,42.0076,-72.9707
West Harwich,MA,41.6694,-70.1135
West Hatfield,MA,42.3906,-72.6469
West Haven,CT,41.2701,-72.9638
West Haverstraw,NY,41.209,-73.9821
West Helena,AR,34.5496,-90.6545
West Hempstead,NY,40.6929,-73.6539
West Henrietta,NY,43.0397,-77.6871
West Hickory,PA,41.5687,-79.4081
West Hills,CA,34.1968,-118.64145
West Hollywood,CA,34.0906,-118.3788
West Hurley,NY,41.9973,-74.1049
West Hyannisport,MA,41.6356,-70.3233
West Islip,NY,40.7117,-73.3007
West Jefferson,NC,36.3776,-81.4872
West Jefferson,OH,39.9424,-83.2853
West Jordan,UT,40.60833,-111.99107
West Kennebunk,ME,43.4061,-70.5733
West Kill,NY,42.2046,-74.362
West Kingston,RI,41.5058,-71.6211
West Lafayette,IN,40.4192,-86.9116
West Lafayette,OH,40.2718,-81.7361
West Lebanon,IN,40.2659,-87.4384
West Lebanon,NH,43.644,-72.3007
West Lebanon,NY,42.4862,-73.4662
West Lebanon,PA,40.6026,-79.3537
West Leisenring,PA,39.9561,-79.7007
West Leyden,NY,43.4597,-75.5127
West Liberty,IA,41.5701,-91.2668
West Liberty,IL,38.895,-88.0979
West Liberty,KY,37.9215,-83.2596
West Liberty,OH,40.2625,-83.7528
West Liberty,WV,40.1698,-80.5958
West Linn,OR,45.3669,-122.648
West Long Branch,NJ,40.2878,-74.0162
West Louisville,KY,37.6967,-87.2869
West Manchester,OH,39.9026,-84.6194
West Mansfield,OH,40.4043,-83.5243
West Mclean,VA,38.8318,-77.2888
West Medford,MA,42.4223,-71.1328
West Memphis,AR,35.14745,-90.1812
West Middlesex,PA,41.1741,-80.4528
West Middleton,IN,40.4421,-86.2155
West Middletown,PA,40.2417,-80.4242
West Mifflin,PA,40.3989,-79.9456
West Milford,NJ,41.0915,-74.375
West Milford,WV,39.1996,-80.4026
West Millbury,MA,42.1712,-71.8037
West Millgrove,OH,41.2426,-83.4896
West Milton,OH,39.9531,-84.3242
West Milton,PA,41.0179,-76.8708
West Mineral,KS,37.2851,-94.9261
West Minot,ME,44.1712,-70.3659
West Monroe,LA,32.49303,-92.1736
West Monroe,NY,43.2882,-76.0797
West Mystic,CT,41.3441,-71.9765
West New York,NJ,40.7888,-74.0115
West Newbury,MA,42.7949,-70.9778
West Newbury,VT,44.0645,-72.1248
West Newfield,ME,43.601,-70.9027
West Newton,IN,39.6531,-86.2828
West Newton,MA,42.3492,-71.2267
West Newton,PA,40.2075,-79.758
West Nottingham,NH,43.1823,-71.1396
West Nyack,NY,41.0973,-73.9768
West Olive,MI,42.9099,-86.1317
West Oneonta,NY,42.5011,-75.1409
West Orange,NJ,40.7859,-74.2568
West Ossipee,NH,43.8118,-71.1946
West Paducah,KY,37.0922,-88.7611
West Palm Beach,FL,26.71211,-80.09744
West Paris,ME,44.3253,-70.5732
West Park,NY,41.7953,-73.9809
West Pawlet,VT,43.3667,-73.2313
West Peterborough,NH,42.8908,-71.9334
West Pittsburg,PA,40.9301,-80.3611
West Plains,MO,36.7284,-91.8717
West Point,AR,35.2032,-91.6064
West Point,CA,38.4197,-120.4759
West Point,GA,32.8337,-85.1197
West Point,IA,40.715,-91.4397
West Point,IL,40.255,-91.1826
West Point,KY,37.9954,-85.9545
West Point,MS,33.6076,-88.6503
West Point,NE,41.845,-96.7318
West Point,NY,41.393,-73.96485
West Point,OH,40.7093,-80.7014
West Point,PA,40.2033,-75.3019
West Point,TX,29.9523,-97.0361
West Point,VA,37.5556,-76.8237
West Poland,ME,44.0409,-70.453
West Portsmouth,OH,38.7495,-83.1335
West Richland,WA,46.3153,-119.3714
West Ridge,AR,35.6831,-90.2626
West River,MD,38.8252,-76.5391
West Rockport,ME,44.1924,-69.1211
West Roxbury,MA,42.2787,-71.1589
West Rupert,VT,43.2636,-73.1905
West Rutland,VT,43.5781,-73.0424
West Sacramento,CA,38.57795,-121.54618
West Salem,IL,38.5209,-88.0048
West Salem,OH,40.9485,-82.1066
West Salem,WI,43.9063,-91.0893
West Salisbury,PA,39.7542,-79.095
West Sand Lake,NY,42.638,-73.6109
West Sayville,NY,40.732,-73.1
West Shokan,NY,41.9673,-74.2871
West Simsbury,CT,41.8718,-72.8577
West Somerset,KY,37.1114,-84.5929
West Springfield,MA,42.1429,-72.62295
West Springfield,PA,41.9465,-80.465
West Stewartstown,NH,44.6956,-71.3874
West Stockbridge,MA,42.3348,-73.3825
West Stockholm,NY,44.7137,-74.9008
West Suffield,CT,42.0115,-72.7362
West Sunbury,PA,41.0026,-79.8751
West Swanzey,NH,42.8734,-72.3151
West Terre Haute,IN,39.4984,-87.4688
West Tisbury,MA,41.4213,-70.6428
West Topsham,VT,44.1199,-72.2701
West Townsend,MA,42.6678,-71.7522
West Townshend,VT,43.13,-72.721
West Union,IA,42.9438,-91.8334
West Union,IL,39.2402,-87.6512
West Union,MN,45.7995,-95.0821
West Union,OH,38.8017,-83.5333
West Union,SC,34.7516,-83.0399
West Union,WV,39.2762,-80.7911
West Unity,OH,41.5756,-84.4421
West Valley,NY,42.4315,-78.628
West Valley City,UT,40.6916,-112.0011
West Van Lear,KY,37.7862,-82.7807
West Wardsboro,VT,43.0472,-72.8805
West Wareham,MA,41.7796,-70.7642
West Warren,MA,42.2029,-72.229
West Warwick,RI,41.7004,-71.5183
West Wendover,NV,40.7391,-114.0733
West Willow,PA,39.9723,-76.2873
West Winfield,NY,42.8826,-75.1835
West Yarmouth,MA,41.6614,-70.2363
West Yellowstone,MT,44.6621,-111.1041
West York,IL,39.1938,-87.7131
Westboro,MO,40.5357,-95.3134
Westboro,WI,45.3445,-90.3072
Westborough,MA,42.2679,-71.6176
Westbrook,CT,41.2927,-72.4563
Westbrook,ME,43.68065,-70.3646
Westbrook,MN,44.0654,-95.4232
Westbrook,TX,32.3627,-101.043
Westbrookville,NY,41.4987,-74.5585
Westbury,NY,40.7557,-73.5723
Westby,MT,48.8587,-104.1247
Westby,WI,43.6631,-90.874
Westchester,IL,41.8524,-87.8845
Westcliffe,CO,38.123,-105.4332
Westdale,NY,43.4117,-75.8226
Westerlo,NY,42.5156,-74.0394
Westerly,RI,41.3691,-71.8126
Western,NE,40.4152,-97.1976
Western Grove,AR,36.083,-92.9716
Western Springs,IL,41.8049,-87.8995
Westernport,MD,39.4905,-79.014
Westernville,NY,43.3294,-75.3151
Westerville,NE,41.4193,-99.3844
Westerville,OH,40.07867,-82.93463
Westfall,OR,43.9922,-117.6877
Westfield,IA,42.6953,-96.492
Westfield,IL,39.4564,-87.9961
Westfield,IN,40.0489,-86.1499
Westfield,MA,42.14925,-72.79875
Westfield,ME,46.5945,-67.9302
Westfield,NC,36.4674,-80.3677
Westfield,NJ,40.6568,-74.3224
Westfield,NY,42.322,-79.5726
Westfield,PA,41.9193,-77.523
Westfield,VT,44.8825,-72.4396
Westfield,WI,43.8968,-89.502
Westfield Center,OH,41.0288,-81.9283
Westfir,OR,43.7575,-122.481
Westford,MA,42.5864,-71.4401
Westford,NY,42.6809,-74.7653
Westford,VT,44.6182,-73.006
Westgate,IA,42.7812,-92.0122
Westhampton,NY,40.818,-72.6699
Westhampton Beach,NY,40.8295,-72.6473
Westhoff,TX,29.1792,-97.46
Westhope,ND,48.9051,-101.0338
Westlake,LA,30.2613,-93.2688
Westlake,OH,41.4535,-81.9218
Westlake,OR,43.914,-124.0334
Westlake Village,CA,34.1465,-118.82195
Westland,MI,42.3124,-83.3766
Westland,PA,40.2775,-80.2731
Westley,CA,37.5452,-121.2255
Westminster,CA,33.75597,-117.99873
Westminster,CO,39.84473,-105.03647
Westminster,MA,42.5471,-71.9101
Westminster,MD,39.5856,-77.00505
Westminster,SC,34.6965,-83.1535
Westminster,TX,33.3627,-96.4635
Westminster,VT,43.0826,-72.4749
Westminster Station,VT,43.094,-72.4565
Westmont,IL,41.7728,-87.9757
Westmoreland,KS,39.4138,-96.4374
Westmoreland,NH,42.969,-72.4358
Westmoreland,NY,43.1017,-75.4533
Westmoreland,TN,36.5756,-86.2353
Westmoreland City,PA,40.3294,-79.6806
Westmorland,CA,33.038,-115.5914
Weston,CO,37.1702,-104.8247
Weston,CT,41.2195,-73.3715
Weston,GA,31.9637,-84.5756
Weston,ID,42.0446,-111.9715
Weston,MA,42.3589,-71.3001
Weston,MI,41.7683,-84.1076
Weston,MO,39.4453,-94.9145
Weston,NE,41.1811,-96.7691
Weston,OH,41.3516,-83.7973
Weston,OR,45.8074,-118.3733
Weston,PA,40.9448,-76.1452
Weston,TX,33.3512,-96.6646
Weston,VT,43.2941,-72.7935
Weston,WV,39.0411,-80.4737
Weston,WY,44.7705,-105.3581
Westons Mills,NY,42.0621,-78.378
Westover,AL,33.3356,-86.5437
Westover,MD,38.09685,-75.8144
Westover,PA,40.7615,-78.7355
Westphalia,IA,41.7199,-95.3952
Westphalia,IN,38.8628,-87.2256
Westphalia,KS,38.1718,-95.4665
Westphalia,MI,42.9328,-84.8083
Westphalia,MO,38.427,-92.0392
Westpoint,IN,40.3581,-87.0575
Westpoint,TN,35.1393,-87.538
Westport,CA,39.6843,-123.7686
Westport,CT,41.1837,-73.35452
Westport,IN,39.1749,-85.5856
Westport,KY,38.4921,-85.4524
Westport,MA,41.6211,-71.089
Westport,NY,44.205,-73.4702
Westport,PA,41.2745,-77.9315
Westport,SD,45.6705,-98.5802
Westport,TN,35.8845,-88.2892
Westport,WA,46.8836,-124.1061
Westport Point,MA,41.5223,-71.0745
Westside,IA,42.1084,-95.1273
Westtown,NY,41.3214,-74.5529
Westtown,PA,39.9328,-75.5448
Westview,KY,37.6792,-86.4273
Westville,FL,30.8747,-85.913
Westville,IL,40.0451,-87.636
Westville,IN,41.5365,-86.9013
Westville,NJ,39.8605,-75.1323
Westville,OH,40.1022,-83.8379
Westville,OK,35.9912,-94.5926
Westville,SC,34.4418,-80.6033
Westwego,LA,29.90165,-90.1728
Westwood,CA,40.3038,-121.0226
Westwood,MA,42.2148,-71.2104
Westwood,NJ,41.0092,-74.0041
Wethersfield,CT,41.74655,-72.69755
Wetmore,CO,38.1217,-105.1477
Wetmore,KS,39.6428,-95.8231
Wetmore,MI,46.3535,-86.6345
Wetumka,OK,35.2396,-96.2421
Wetumpka,AL,32.57745,-86.15735
Wever,IA,40.7067,-91.2268
Wevertown,NY,43.6313,-73.9364
Wewahitchka,FL,30.2496,-85.2011
Wewoka,OK,35.1463,-96.628
Wexford,PA,40.612,-80.0649
Weyanoke,LA,30.9468,-91.4612
Weyauwega,WI,44.321,-88.941
Weyerhaeuser,WI,45.4263,-91.4289
Weyers Cave,VA,38.2931,-78.9235
Weymouth,MA,42.2113,-70.9582
Whaleyville,MD,38.4121,-75.2811
Wharncliffe,WV,37.5554,-81.9657
Wharton,NJ,40.9139,-74.5863
Wharton,OH,40.8612,-83.463
Wharton,TX,29.3205,-96.0858
Wharton,WV,37.9034,-81.6773
What Cheer,IA,41.3953,-92.3548
Whately,MA,42.4427,-72.6525
Whatley,AL,31.6395,-87.6565
Wheat Ridge,CO,39.77005,-105.0867
Wheatcroft,KY,37.488,-87.8661
Wheatfield,IN,41.1779,-87.0699
Wheatland,CA,39.0337,-121.4235
Wheatland,IA,41.8259,-90.8402
Wheatland,IN,38.6671,-87.3062
Wheatland,MO,37.9103,-93.3981
Wheatland,ND,46.8326,-97.3461
Wheatland,OK,35.397,-97.6519
Wheatland,PA,41.2009,-80.4978
Wheatland,WY,42.0495,-104.9679
Wheatley,AR,34.9207,-91.1086
Wheaton,IL,41.85605,-88.1005
Wheaton,MN,45.8111,-96.4866
Wheaton,MO,36.7651,-94.0492
Wheeler,IL,39.0182,-88.3175
Wheeler,IN,41.5116,-87.1792
Wheeler,MI,43.3962,-84.4243
Wheeler,MS,34.6126,-88.5822
Wheeler,OR,45.6888,-123.8816
Wheeler,TX,35.4319,-100.2568
Wheeler,WI,45.0719,-91.8871
Wheeler Army Airfield,HI,21.4877,-158.0351
Wheelersburg,OH,38.7418,-82.8204
Wheeling,IL,42.134,-87.9341
Wheeling,MO,39.8011,-93.3868
Wheeling,WV,40.1027,-80.6476
Wheelock,TX,30.8977,-96.39
Wheelwright,KY,37.3314,-82.7156
Wheelwright,MA,42.3582,-72.1408
Whelen Springs,AR,33.8309,-93.1263
Whick,KY,37.4102,-83.3747
Whigham,GA,30.8836,-84.3246
Whippany,NJ,40.8446,-74.49915
Whipple,OH,39.5136,-81.3668
Whippleville,NY,44.8057,-74.2523
Whiskeytown,CA,40.6388,-122.5597
Whitakers,NC,36.0758,-77.7167
White,GA,34.2717,-84.7383
White,PA,40.0726,-79.4251
White,SD,44.4132,-96.615
White Bird,ID,45.7521,-116.2889
White Bluff,TN,36.1253,-87.219
White Castle,LA,30.1545,-91.1773
White City,KS,38.789,-96.7637
White City,OR,42.4319,-122.8296
White Cloud,KS,39.9627,-95.2982
White Cloud,MI,43.5398,-85.7586
White Cottage,OH,39.8713,-82.0987
White Deer,PA,41.0759,-76.8747
White Deer,TX,35.4278,-101.174
White Earth,MN,47.0966,-95.8434
White Earth,ND,48.2994,-102.7701
White Hall,AR,34.274,-92.091
White Hall,IL,39.4288,-90.4019
White Hall,MD,39.6618,-76.5666
White Hall,VA,38.1179,-78.6614
White Haven,PA,41.079,-75.7715
White Heath,IL,40.1009,-88.5193
White Horse Beach,MA,41.9316,-70.5611
White House,TN,36.46,-86.6705
White Lake,MI,42.6495,-83.5068
White Lake,NY,41.6485,-74.8654
White Lake,SD,43.7564,-98.7076
White Lake,WI,45.1715,-88.7555
White Marsh,MD,39.3923,-76.4132
White Marsh,VA,37.3632,-76.5325
White Mills,KY,37.5438,-86.0395
White Mills,PA,41.5262,-75.2035
White Mountain,AK,64.6814,-163.4056
White Mountain Lake,AZ,34.2666,-110.2031
White Oak,GA,30.9952,-81.7782
White Oak,NC,34.7662,-78.7301
White Oak,TX,32.5383,-94.8622
White Oak,WV,37.6929,-81.0729
White Owl,SD,44.6182,-102.4452
White Pigeon,MI,41.7929,-85.675
White Pine,MI,46.7538,-89.584
White Pine,TN,36.0776,-83.2998
White Plains,GA,33.4581,-83.0802
White Plains,KY,37.1788,-87.3644
White Plains,MD,38.5974,-76.9903
White Plains,NC,36.3994,-80.7081
White Plains,NY,41.04493,-73.7691
White Plains,VA,36.6335,-77.9592
White Post,VA,39.058,-78.1105
White River,SD,43.5666,-100.7449
White River Junction,VT,43.6606,-72.3503
White Rock,NM,35.8275,-106.2039
White Rock,SC,34.1504,-81.2601
White Salmon,WA,45.7551,-121.4795
White Sands Missile Range,NM,32.3839,-106.4937
White Springs,FL,30.3387,-82.7765
White Stone,SC,34.8882,-81.969
White Stone,VA,37.6886,-76.3616
White Sulphur Springs,MT,46.6332,-111.0506
White Sulphur Springs,NY,41.8002,-74.8286
White Sulphur Springs,WV,37.7827,-80.3129
White Swan,WA,46.3716,-120.7453
Whiteclay,NE,42.9969,-102.5546
Whiteface,TX,33.5988,-102.6199
Whitefield,ME,44.1884,-69.5751
Whitefield,NH,44.3681,-71.6035
Whitefield,OK,35.2646,-95.2645
Whitefish,MT,48.404,-114.3509
Whiteford,MD,39.7077,-76.316
Whitehall,MI,43.3904,-86.3315
Whitehall,MT,45.8771,-112.1245
Whitehall,NY,43.5531,-73.3864
Whitehall,PA,40.6567,-75.5041
Whitehall,WI,44.3827,-91.303
Whitehorse,SD,45.2705,-100.8865
Whitehouse,NJ,40.6194,-74.7406
Whitehouse,OH,41.5194,-83.8115
Whitehouse,TX,32.222,-95.2266
Whitehouse Station,NJ,40.6156,-74.7724
Whiteland,IN,39.5611,-86.0723
Whitelaw,WI,44.1573,-87.8267
Whiteman Air Force Base,MO,38.7318,-93.5731
Whiteoak,MO,36.3133,-90.1658
Whiteriver,AZ,33.8021,-109.9937
Whiterocks,UT,40.468,-109.9307
Whites City,NM,32.1757,-104.3766
Whites Creek,TN,36.2744,-86.8292
Whitesboro,NJ,39.0421,-74.8618
Whitesboro,NY,43.1158,-75.3095
Whitesboro,OK,34.6926,-94.8852
Whitesboro,TX,33.659,-96.879
Whitesburg,GA,33.5111,-84.9254
Whitesburg,KY,37.1388,-82.855
Whitesburg,TN,36.2621,-83.1458
Whiteside,MO,39.1853,-91.0168
Whiteside,TN,34.9873,-85.4977
Whitestone,NY,40.7851,-73.8096
Whitestown,IN,40.0,-86.3507
Whitesville,KY,37.6834,-86.8699
Whitesville,NY,42.0456,-77.8106
Whitesville,WV,37.9916,-81.5422
Whitetail,MT,48.8956,-105.1617
Whitethorn,CA,40.0231,-124.0139
Whitetop,VA,36.6106,-81.5839
Whiteville,NC,34.3241,-78.716
Whiteville,TN,35.3191,-89.1337
Whitewater,CA,33.989,-116.6566
Whitewater,CO,38.9744,-108.399
Whitewater,KS,37.9612,-97.1308
Whitewater,MO,37.2781,-89.8061
Whitewater,MT,48.7595,-107.6276
Whitewater,WI,42.8272,-88.7429
Whitewood,SD,44.4589,-103.637
Whitewood,VA,37.2251,-81.8605
Whitewright,TX,33.519,-96.451
Whitfield,MS,32.2348,-90.0726
Whitharral,TX,33.7354,-102.3419
Whiting,IA,42.1522,-96.1822
Whiting,IN,41.6787,-87.5005
Whiting,KS,39.5974,-95.6158
Whiting,ME,44.7622,-67.2515
Whiting,VT,43.894,-73.203
Whitingham,VT,42.7892,-72.8851
Whitinsville,MA,42.1153,-71.6644
Whitlash,MT,48.911,-111.1075
Whitley City,KY,36.7217,-84.4676
Whitleyville,TN,36.5158,-85.6899
Whitman,MA,42.0816,-70.9381
Whitman,NE,41.9584,-101.5216
Whitman,WV,37.8035,-82.0466
Whitmer,WV,38.7516,-79.5819
Whitmire,SC,34.4955,-81.606
Whitmore,CA,40.6525,-121.8771
Whitmore Lake,MI,42.4289,-83.7828
Whitney,NE,42.7559,-103.2396
Whitney,PA,40.2534,-79.4103
Whitney,TX,31.9713,-97.3463
Whitney Point,NY,42.3384,-75.9522
Whitsett,NC,36.033,-79.5972
Whitsett,TX,28.6373,-98.2565
Whitt,TX,32.9555,-98.021
Whittaker,MI,42.1244,-83.5946
Whittemore,IA,43.0619,-94.4269
Whittemore,MI,44.2325,-83.8068
Whitten,IA,42.2718,-93.0214
Whittier,AK,60.7734,-148.6839
Whittier,CA,33.96793,-118.03082
Whittier,NC,35.4469,-83.2872
Whittington,IL,38.0872,-88.9014
Whitwell,TN,35.1972,-85.5011
Wibaux,MT,46.9646,-104.1897
Wichita,KS,37.69459,-97.34186
Wichita Falls,TX,33.90615,-98.50464
Wickatunk,NJ,40.3501,-74.2479
Wickenburg,AZ,33.9315,-112.79495
Wickes,AR,34.3088,-94.3403
Wickett,TX,31.5692,-103.0067
Wickhaven,PA,40.1194,-79.7623
Wickliffe,KY,36.968,-89.0177
Wickliffe,OH,41.6046,-81.4692
Wicomico,VA,37.291,-76.5094
Wicomico Church,VA,37.8025,-76.3636
Wiconisco,PA,40.5734,-76.6914
Wideman,AR,36.1865,-92.0088
Widen,WV,38.4662,-80.8573
Widener,AR,35.0592,-90.6293
Widnoon,PA,40.9612,-79.4673
Wiergate,TX,31.0414,-93.8039
Wiggins,CO,40.1598,-104.0468
Wiggins,MS,30.8609,-89.1324
Wikieup,AZ,34.7033,-113.6113
Wilber,NE,40.4821,-96.9757
Wilberforce,OH,39.7128,-83.8781
Wilbraham,MA,42.1245,-72.4464
Wilbur,OR,43.3284,-123.3332
Wilbur,WA,47.741,-118.7063
Wilburn,AR,35.5106,-91.8648
Wilburton,OK,34.9128,-95.3389
Wilburton,PA,40.8121,-76.3929
Wilcoe,WV,37.3752,-81.6539
Wilcox,NE,40.3735,-99.1539
Wilcox,PA,41.5735,-78.6823
Wild Horse,CO,38.8041,-103.0798
Wild Rose,WI,44.1834,-89.1953
Wilder,ID,43.6579,-116.9122
Wilder,TN,36.2822,-85.0913
Wilder,VT,43.6735,-72.312
Wildersville,TN,35.7698,-88.4388
Wilderville,OR,42.3751,-123.5621
Wildie,KY,37.4234,-84.3022
Wildomar,CA,33.6021,-117.264
Wildorado,TX,35.1916,-102.2118
Wildrose,ND,48.5678,-103.1536
Wildsville,LA,31.6094,-91.7808
Wildwood,FL,28.8454,-82.0347
Wildwood,GA,34.9779,-85.4305
Wildwood,NJ,38.9949,-74.838
Wildwood,PA,40.5942,-79.9701
Wiley,CO,38.159,-102.7147
Wiley,GA,34.8045,-83.4191
Wiley Ford,WV,39.6133,-78.775
Wilkes Barre,PA,41.2573,-75.87366
Wilkesboro,NC,36.1359,-81.1573
Wilkeson,WA,47.1095,-122.037
Wilkesville,OH,39.1416,-82.3682
Wilkinson,IN,39.8957,-85.6144
Wilkinson,WV,37.8279,-81.9976
Willacoochee,GA,31.3455,-83.0449
Willamina,OR,45.0826,-123.5047
Willard,KY,38.2045,-82.9076
Willard,MO,37.2962,-93.4259
Willard,MT,46.1939,-104.3699
Willard,NC,34.6845,-78.0234
Willard,NM,34.5754,-106.0307
Willard,NY,42.6835,-76.8724
Willard,OH,41.05795,-82.72755
Willard,UT,41.3989,-112.0317
Willard,WI,44.7274,-90.7499
Willards,MD,38.3939,-75.3552
Willcox,AZ,32.31295,-109.84755
Willernie,MN,45.0535,-92.957
Willet,NY,42.452,-75.9014
Williams,AZ,35.5434,-112.1707
Williams,CA,39.1337,-122.2162
Williams,IA,42.4883,-93.5449
Williams,IN,38.7735,-86.6285
Williams,MN,48.8022,-94.9556
Williams,OR,42.223,-123.2829
Williams,SC,33.0327,-80.8445
Williams Bay,WI,42.5767,-88.5431
Williamsburg,IA,41.6393,-92.024
Williamsburg,IN,39.958,-84.9984
Williamsburg,KS,38.4902,-95.4226
Williamsburg,KY,36.747,-84.1394
Williamsburg,MA,42.4085,-72.778
Williamsburg,MI,44.802,-85.4347
Williamsburg,MO,38.8874,-91.7689
Williamsburg,NM,33.1171,-107.2915
Williamsburg,OH,39.0753,-84.0432
Williamsburg,PA,40.4025,-78.2558
Williamsburg,VA,37.303,-76.74735
Williamsburg,WV,37.9701,-80.4923
Williamsfield,IL,40.9277,-90.0267
Williamsfield,OH,41.5383,-80.5964
Williamson,GA,33.1598,-84.3795
Williamson,IA,41.0959,-93.2559
Williamson,NY,43.2421,-77.17
Williamson,WV,37.6902,-82.2642
Williamsport,IN,40.3142,-87.4039
Williamsport,KY,37.8313,-82.7264
Williamsport,MD,39.593,-77.8087
Williamsport,OH,39.6117,-83.1251
Williamsport,PA,41.25235,-77.02012
Williamsport,TN,35.6494,-87.2257
Williamston,MI,42.6967,-84.2926
Williamston,NC,35.8212,-77.1022
Williamston,SC,34.6206,-82.511
Williamstown,KY,38.6292,-84.5744
Williamstown,MA,42.7089,-73.2036
Williamstown,MO,40.2491,-91.7852
Williamstown,NJ,39.665,-74.971
Williamstown,NY,43.4106,-75.9044
Williamstown,OH,40.834,-83.6518
Williamstown,PA,40.5808,-76.6223
Williamstown,VT,44.1182,-72.5381
Williamstown,WV,39.3824,-81.4566
Williamsville,IL,39.9542,-89.5487
Williamsville,MO,36.9638,-90.4879
Williamsville,VA,38.1898,-79.5879
Williamsville,VT,42.9364,-72.6611
Williford,AR,36.2453,-91.3792
Willimantic,CT,41.7149,-72.2134
Willingboro,NJ,40.029,-74.8835
Willington,CT,41.8966,-72.2622
Willis,MI,42.1292,-83.5687
Willis,TX,30.44285,-95.495
Willis,VA,36.8749,-80.4909
Willis Wharf,VA,37.5157,-75.8066
Willisburg,KY,37.8373,-85.1362
Williston,FL,29.3977,-82.4856
Williston,NC,34.7893,-76.5052
Williston,ND,48.18043,-103.6279
Williston,OH,41.6037,-83.3399
Williston,SC,33.3926,-81.4161
Williston,TN,35.1576,-89.3684
Williston,VT,44.4367,-73.0957
Williston Park,NY,40.7592,-73.6449
Willisville,AR,33.7008,-93.2941
Willisville,IL,37.9848,-89.5899
Willits,CA,39.4493,-123.3679
Willmar,MN,45.1393,-95.0523
Willoughby,OH,41.635,-81.40705
Willow,AK,61.8966,-150.0038
Willow,NY,42.0849,-74.2407
Willow,OK,35.0702,-99.5421
Willow Beach,AZ,35.7759,-114.5001
Willow City,ND,48.6062,-100.2968
Willow City,TX,30.4549,-98.6646
Willow Creek,CA,40.9484,-123.6276
Willow Creek,MT,45.7827,-111.6345
Willow Grove,PA,40.1567,-75.1269
Willow Hill,IL,38.9757,-88.0172
Willow Hill,PA,40.1137,-77.7969
Willow Island,NE,40.8925,-100.0703
Willow Lake,SD,44.6272,-97.6747
Willow River,MN,46.2949,-92.8309
Willow Spring,NC,35.547,-78.6717
Willow Springs,IL,41.7364,-87.8786
Willow Springs,MO,36.9958,-91.9405
Willow Street,PA,39.967,-76.2752
Willow Wood,OH,38.594,-82.453
Willowbrook,IL,41.7447,-87.9334
Willows,CA,39.5353,-122.2597
Wills Point,TX,32.7283,-96.0079
Willsboro,NY,44.3604,-73.3963
Willseyville,NY,42.3029,-76.3897
Willshire,OH,40.7346,-84.7777
Wilmar,AR,33.6213,-91.9257
Wilmer,AL,30.8137,-88.3332
Wilmer,TX,32.5981,-96.6838
Wilmerding,PA,40.3934,-79.7951
Wilmette,IL,42.0765,-87.7246
Wilmington,CA,33.78275,-118.26355
Wilmington,DE,39.70176,-75.56904
Wilmington,IL,41.3078,-88.1467
Wilmington,MA,42.5581,-71.1723
Wilmington,NC,34.19979,-77.8864
Wilmington,NY,44.3755,-73.8431
Wilmington,OH,39.4488,-83.8417
Wilmington,VT,42.8812,-72.8613
Wilmont,MN,43.7692,-95.8324
Wilmore,KS,37.3318,-99.1846
Wilmore,KY,37.8602,-84.6714
Wilmore,PA,40.3887,-78.7186
Wilmot,AR,33.0576,-91.5723
Wilmot,NH,43.4485,-71.9158
Wilmot,OH,40.6567,-81.6352
Wilmot,SD,45.4125,-96.856
Wilmot,WI,42.5128,-88.182
Wilsall,MT,45.9484,-110.6061
Wilsey,KS,38.6361,-96.6753
Wilseyville,CA,38.3793,-120.4627
Wilson,AR,35.566,-90.0427
Wilson,KS,38.8134,-98.4432
Wilson,LA,30.9473,-91.0655
Wilson,MI,45.6649,-87.3997
Wilson,NC,35.73355,-77.93167
Wilson,NY,43.2968,-78.8244
Wilson,OK,34.1364,-97.4273
Wilson,TX,33.3299,-101.7122
Wilson,WI,44.9466,-92.1965
Wilson,WY,43.4992,-110.8742
Wilson Creek,WA,47.4739,-119.1847
Wilsondale,WV,37.9537,-82.3276
Wilsons,VA,37.1157,-77.8352
Wilsons Mills,NC,35.5907,-78.3607
Wilsonville,AL,33.2293,-86.5299
Wilsonville,IL,39.0695,-89.8565
Wilsonville,NE,40.1089,-100.1211
Wilsonville,OR,45.2986,-122.7699
Wilton,AL,33.081,-86.8793
Wilton,AR,33.7475,-94.1518
Wilton,CA,38.3983,-121.2303
Wilton,CT,41.2018,-73.4383
Wilton,IA,41.5858,-91.01
Wilton,ME,44.5928,-70.2281
Wilton,MN,47.5036,-95.0011
Wilton,ND,47.1709,-100.7944
Wilton,NH,42.8368,-71.7541
Wilton,WI,43.8322,-90.5162
Wimauma,FL,27.7015,-82.3151
Wimberley,TX,30.0265,-98.1123
Wimbledon,ND,47.1438,-98.4329
Winamac,IN,41.0562,-86.6307
Winburne,PA,40.9696,-78.1508
Winchendon,MA,42.6789,-72.0475
Winchester,AR,33.7471,-91.4649
Winchester,CA,33.6243,-117.0885
Winchester,ID,46.2383,-116.6204
Winchester,IL,39.6266,-90.4664
Winchester,IN,40.1696,-85.0044
Winchester,KS,39.3245,-95.2696
Winchester,KY,37.98865,-84.1793
Winchester,MA,42.453,-71.1441
Winchester,NH,42.7788,-72.344
Winchester,OH,38.9353,-83.6661
Winchester,OR,43.2878,-123.3055
Winchester,TN,35.1864,-86.113
Winchester,VA,39.19188,-78.2048
Winchester Center,CT,41.8963,-73.1463
Wind Gap,PA,40.8169,-75.3264
Wind Ridge,PA,39.8971,-80.4647
Windber,PA,40.2287,-78.8303
Winder,GA,33.9985,-83.7115
Windermere,FL,28.5006,-81.5354
Windfall,IN,40.3669,-85.9476
Windham,CT,41.7027,-72.1526
Windham,ME,43.7958,-70.4143
Windham,NH,42.8051,-71.3067
Windham,NY,42.3175,-74.262
Windham,OH,41.2392,-81.0535
Windom,KS,38.3845,-97.8965
Windom,MN,43.8831,-95.1373
Windom,TX,33.5633,-96.002
Window Rock,AZ,35.6676,-109.0784
Windsor,CA,38.5443,-122.8073
Windsor,CO,40.4806,-104.9004
Windsor,CT,41.85435,-72.6538
Windsor,IL,39.4302,-88.5857
Windsor,KY,37.1568,-84.8799
Windsor,MA,42.515,-73.0412
Windsor,ME,44.3009,-69.5806
Windsor,MO,38.5272,-93.5269
Windsor,NC,36.0159,-76.9336
Windsor,NJ,40.2423,-74.5787
Windsor,NY,42.0759,-75.6405
Windsor,OH,41.5623,-80.9667
Windsor,PA,39.9233,-76.5591
Windsor,SC,33.4674,-81.5136
Windsor,VA,36.8369,-76.7324
Windsor,VT,43.476,-72.411
Windsor,WI,43.2078,-89.3418
Windsor Heights,IA,41.6032,-93.7152
Windsor Heights,WV,40.1927,-80.6659
Windsor Locks,CT,41.9261,-72.6458
Windsor Mill,MD,39.3331,-76.7849
Windthorst,TX,33.5796,-98.4376
Windyville,MO,37.7182,-92.9379
Winesburg,OH,40.6164,-81.6951
Winfall,NC,36.2193,-76.4667
Winfield,AL,33.9303,-87.7972
Winfield,IA,41.1257,-91.4379
Winfield,IL,41.8744,-88.1516
Winfield,KS,37.2416,-96.98
Winfield,MO,38.9897,-90.8213
Winfield,PA,40.8908,-76.8718
Winfield,TN,36.5598,-84.434
Winfield,TX,33.1673,-95.1119
Winfield,WV,38.5072,-81.89
Winfred,SD,43.9972,-97.3623
Wing,AL,31.0223,-86.6293
Wing,ND,47.1519,-100.3072
Wingate,IN,40.1666,-87.0664
Wingate,MD,38.2899,-76.0863
Wingate,NC,34.9847,-80.4476
Wingate,TX,32.0318,-100.1183
Wingdale,NY,41.6538,-73.5556
Winger,MN,47.5375,-95.9941
Wingett Run,OH,39.5428,-81.284
Wingina,VA,37.6399,-78.7239
Wingo,KY,36.6253,-88.7394
Winifred,MT,47.6408,-109.2364
Winifrede,WV,38.1852,-81.5587
Winigan,MO,40.0371,-92.9301
Wink,TX,31.7527,-103.1561
Winkelman,AZ,33.0057,-110.7727
Winlock,WA,46.494,-122.9158
Winn,ME,45.4568,-68.3575
Winn,MI,43.5234,-84.9017
Winnabow,NC,34.1553,-78.0558
Winnebago,IL,42.2727,-89.2373
Winnebago,MN,43.7755,-94.1632
Winnebago,NE,42.2339,-96.4685
Winnebago,WI,44.0706,-88.5178
Winneconne,WI,44.1187,-88.7214
Winnemucca,NV,41.0214,-117.75345
Winner,SD,43.3318,-99.8033
Winnetka,CA,34.21125,-118.57345
Winnetka,IL,42.1054,-87.7535
Winnetoon,NE,42.5334,-98.005
Winnett,MT,46.9438,-108.3184
Winnfield,LA,31.9214,-92.6366
Winnie,TX,29.8157,-94.3395
Winnisquam,NH,43.4964,-71.5197
Winnsboro,LA,32.1592,-91.7108
Winnsboro,SC,34.381,-81.109
Winnsboro,TX,32.9146,-95.2726
Winona,KS,39.061,-101.2216
Winona,MN,44.03,-91.7009
Winona,MO,37.0169,-91.3121
Winona,MS,33.4858,-89.7277
Winona,OH,40.8286,-80.8967
Winona,TX,32.4662,-95.1246
Winona,WV,38.0465,-80.9923
Winona Lake,IN,41.211,-85.8305
Winooski,VT,44.4949,-73.1874
Winside,NE,42.1678,-97.1825
Winslow,AR,35.8312,-94.1187
Winslow,AZ,35.0242,-110.6974
Winslow,IL,42.4838,-89.806
Winslow,IN,38.364,-87.2223
Winslow,NE,41.6102,-96.5033
Winslow,NJ,39.6549,-74.8685
Winsted,CT,41.9252,-73.0663
Winsted,MN,44.9585,-94.0552
Winston,GA,33.6634,-84.8639
Winston,MO,39.8499,-94.1487
Winston,MT,46.4545,-111.651
Winston,NM,33.3061,-107.6675
Winston,OR,43.1049,-123.4325
Winston-Salem,NC,36.06551,-80.241
Winstonville,MS,33.9101,-90.7515
Winter,WI,45.8327,-91.0144
Winter Beach,FL,27.7192,-80.4206
Winter Garden,FL,28.54973,-81.59437
Winter Harbor,ME,44.39,-68.0843
Winter Haven,FL,28.01297,-81.7108
Winter Park,CO,39.8939,-105.7845
Winter Park,FL,28.58195,-81.29465
Winter Springs,FL,28.71395,-81.25235
Winterhaven,CA,32.9818,-114.6854
Winterport,ME,44.6552,-68.8862
Winters,CA,38.5322,-121.9676
Winters,TX,31.962,-99.9551
Winterset,IA,41.3391,-94.0088
Winterthur,DE,39.8029,-75.5916
Winterville,GA,33.9543,-83.2906
Winterville,MS,33.5018,-91.0584
Winterville,NC,35.5336,-77.391
Winthrop,AR,33.8583,-94.3952
Winthrop,IA,42.4912,-91.7315
Winthrop,MA,42.3763,-70.98
Winthrop,ME,44.3229,-69.9576
Winthrop,MN,44.5436,-94.3698
Winthrop,NY,44.7583,-74.8066
Winthrop,WA,48.4756,-120.1805
Winthrop Harbor,IL,42.4793,-87.8318
Winton,CA,37.4014,-120.6045
Winton,MN,47.9263,-91.8007
Winton,NC,36.3826,-76.936
Wiota,IA,41.3846,-94.8405
Wirt,MN,47.7462,-93.963
Wirtz,VA,37.0818,-79.7573
Wiscasset,ME,44.0074,-69.6826
Wisconsin Dells,WI,43.6508,-89.7665
Wisconsin Rapids,WI,44.38195,-89.8645
Wisdom,MT,45.6519,-113.4729
Wise,NC,36.4865,-78.1708
Wise,VA,36.975,-82.5947
Wise River,MT,45.7424,-112.9963
Wiseman,AR,36.2345,-91.8154
Wishek,ND,46.1917,-99.6131
Wishon,CA,37.281,-119.557
Wishram,WA,45.6573,-120.9667
Wisner,LA,31.9913,-91.6768
Wisner,NE,41.998,-96.917
Wister,OK,34.9556,-94.7832
Withams,VA,37.9482,-75.6019
Withee,WI,44.9757,-90.6049
Witherbee,NY,44.0827,-73.5306
Witmer,PA,40.0484,-76.2114
Witt,IL,39.2469,-89.3414
Witten,SD,43.4498,-100.0783
Wittenberg,WI,44.8232,-89.1665
Wittensville,KY,37.8703,-82.81
Witter,AR,35.9356,-93.621
Witter Springs,CA,39.1821,-122.9711
Wittman,MD,38.7846,-76.3001
Wittmann,AZ,33.7637,-112.6142
Witts Springs,AR,35.7681,-92.8668
Wixom,MI,42.534,-83.5285
Woburn,MA,42.4802,-71.15357
Woden,IA,43.2226,-93.9109
Woden,TX,31.5037,-94.525
Wofford Heights,CA,35.7246,-118.4559
Wolbach,NE,41.4244,-98.3995
Wolcott,CO,39.7028,-106.6786
Wolcott,CT,41.597,-72.9828
Wolcott,IN,40.7516,-87.029
Wolcott,NY,43.2341,-76.8217
Wolcott,VT,44.5558,-72.4844
Wolcottville,IN,41.557,-85.315
Wolf,WY,44.7864,-107.2202
Wolf Creek,MT,47.0856,-112.1476
Wolf Creek,OR,42.6522,-123.425
Wolf Island,MO,36.7392,-89.2103
Wolf Lake,IL,37.512,-89.4408
Wolf Lake,MN,46.8035,-95.3535
Wolf Point,MT,48.1119,-105.6293
Wolf Run,OH,40.4673,-80.8893
Wolfcreek,WV,37.552,-80.5397
Wolfe,WV,37.3073,-81.3287
Wolfe City,TX,33.3605,-96.0691
Wolfeboro,NH,43.595,-71.1908
Wolfeboro Falls,NH,43.5892,-71.2189
Wolfforth,TX,33.5059,-102.0091
Wolflake,IN,41.3361,-85.5002
Wolford,ND,48.4809,-99.6628
Wolford,VA,37.288,-82.0274
Wolftown,VA,38.3557,-78.3475
Wolsey,SD,44.3991,-98.4743
Wolverine,MI,45.2861,-84.6065
Wolverton,MN,46.555,-96.6149
Womelsdorf,PA,40.3743,-76.1985
Wonalancet,NH,43.9073,-71.3506
Wonder Lake,IL,42.3849,-88.3534
Wonewoc,WI,43.6285,-90.2394
Wood,PA,40.166,-78.1381
Wood,SD,43.5366,-100.4379
Wood Dale,IL,41.95735,-87.95935
Wood Lake,MN,44.6379,-95.5409
Wood Lake,NE,42.6264,-100.2872
Wood Ridge,NJ,40.8493,-74.0878
Wood River,IL,38.8643,-90.0875
Wood River,NE,40.8106,-98.6065
Wood River Junction,RI,41.45,-71.7074
Woodacre,CA,38.0069,-122.6382
Woodberry Forest,VA,38.2912,-78.1225
Woodbine,GA,30.9437,-81.6783
Woodbine,IA,41.7373,-95.7008
Woodbine,KS,38.8131,-96.9619
Woodbine,KY,36.8586,-84.0347
Woodbine,MD,39.3464,-77.0647
Woodbine,NJ,39.2716,-74.7968
Woodbourne,NY,41.7708,-74.5928
Woodbridge,CA,38.1551,-121.3086
Woodbridge,NJ,40.556,-74.2845
Woodbridge,VA,38.65436,-77.28582
Woodburn,IA,41.0,-93.6083
Woodburn,IN,41.1253,-84.8533
Woodburn,KY,36.8557,-86.5623
Woodburn,OR,45.1446,-122.8583
Woodbury,CT,41.5521,-73.2083
Woodbury,GA,32.9813,-84.5986
Woodbury,KY,37.1834,-86.6339
Woodbury,NY,40.8154,-73.4716
Woodbury,PA,40.2185,-78.3666
Woodbury,TN,35.8143,-86.05
Woodbury,VT,44.4548,-72.4036
Woodbury Heights,NJ,39.8142,-75.153
Woodcliff Lake,NJ,41.0234,-74.0603
Woodford,VA,38.0847,-77.4399
Woodford,WI,42.6493,-89.8622
Woodgate,NY,43.5249,-75.1428
Woodhaven,NY,40.6913,-73.8585
Woodhull,IL,41.1849,-90.2833
Woodhull,NY,42.0736,-77.4203
Woodinville,WA,47.76065,-122.09265
Woodlake,CA,36.4313,-119.0918
Woodlake,TX,31.0288,-95.033
Woodland,AL,33.3743,-85.3997
Woodland,CA,38.6812,-121.77315
Woodland,GA,32.79,-84.5654
Woodland,IL,40.7151,-87.7307
Woodland,MI,42.7057,-85.1326
Woodland,MS,33.8066,-89.0256
Woodland,NC,36.325,-77.2107
Woodland,PA,41.0098,-78.3214
Woodland,WA,45.9219,-122.7126
Woodland,WI,43.3703,-88.5187
Woodland Hills,CA,34.16725,-118.60693
Woodland Mills,TN,36.4583,-89.2332
Woodland Park,CO,38.9954,-105.0596
Woodlawn,IL,38.3844,-89.0745
Woodlawn,TN,36.5147,-87.5393
Woodlawn,TX,32.6537,-94.3427
Woodlawn,VA,36.7879,-80.8824
Woodleaf,NC,35.7901,-80.6051
Woodlyn,PA,39.876,-75.3463
Woodman,WI,43.0577,-90.8245
Woodmere,NY,40.6326,-73.7141
Woodridge,IL,41.7518,-88.0489
Woodridge,NY,41.717,-74.5815
Woodrow,CO,39.805,-103.5752
Woodruff,AZ,34.7814,-110.0435
Woodruff,SC,34.7579,-82.0447
Woodruff,UT,41.4888,-111.1868
Woodruff,WI,45.9186,-89.6954
Woods Cross,UT,40.8874,-111.9027
Woods Cross Roads,VA,37.482,-76.6362
Woods Hole,MA,41.5263,-70.6643
Woodsboro,MD,39.5311,-77.2972
Woodsboro,TX,28.2232,-97.3192
Woodsfield,OH,39.7515,-81.0759
Woodside,DE,39.0724,-75.5711
Woodside,NY,40.745,-73.9069
Woodson,AR,34.5338,-92.2089
Woodson,IL,39.6289,-90.219
Woodson,TX,33.0741,-99.0546
Woodstock,AL,33.2068,-87.15
Woodstock,CT,41.9602,-72.004
Woodstock,GA,34.11705,-84.5417
Woodstock,IL,42.3198,-88.4477
Woodstock,MD,39.3498,-76.8456
Woodstock,MN,43.9873,-96.1192
Woodstock,NH,43.9776,-71.6851
Woodstock,NY,42.0348,-74.112
Woodstock,OH,40.1816,-83.5461
Woodstock,VA,38.887,-78.5217
Woodstock,VT,43.6248,-72.5385
Woodstock Valley,CT,41.9153,-72.0937
Woodston,KS,39.4431,-99.1037
Woodstown,NJ,39.6457,-75.3248
Woodsville,NH,44.1523,-72.0373
Woodville,AL,34.6689,-86.2296
Woodville,FL,30.3193,-84.2674
Woodville,MA,42.2376,-71.562
Woodville,MS,31.1459,-91.3076
Woodville,OH,41.4512,-83.3646
Woodville,TX,30.7752,-94.4155
Woodville,VA,38.6482,-78.1739
Woodville,WI,44.9408,-92.2848
Woodville,WV,38.1615,-81.8921
Woodward,IA,41.8452,-93.9056
Woodward,OK,36.4854,-99.35115
Woodward,PA,40.9116,-77.3483
Woodway,TX,31.5051,-97.2311
Woodworth,LA,31.1635,-92.5322
Woodworth,ND,47.1636,-99.3406
Woodworth,WI,42.5581,-88.0012
Woody,CA,35.7068,-118.8439
Woody Creek,CO,39.2831,-106.8985
Wooldridge,MO,38.8983,-92.5667
Woolford,MD,38.5026,-76.1833
Woolrich,PA,41.1948,-77.3764
Woolstock,IA,42.5844,-93.8216
Woolwich,ME,43.9503,-69.7891
Woolwine,VA,36.7921,-80.2774
Woonsocket,RI,41.9846,-71.5194
Woonsocket,SD,44.0572,-98.243
Wooster,AR,35.1645,-92.453
Wooster,OH,40.8094,-81.9483
Woosung,IL,41.9034,-89.5409
Wooton,KY,37.1671,-83.2913
Worcester,MA,42.28033,-71.81828
Worcester,NY,42.6049,-74.7299
Worcester,PA,40.1929,-75.3576
Worcester,VT,44.3944,-72.5609
Worden,IL,38.9449,-89.8532
Worden,MT,45.9779,-108.1533
Worland,WY,44.0138,-107.9563
Worley,ID,47.4292,-116.9056
Woronoco,MA,42.164,-72.8295
Worth,IL,41.6895,-87.7863
Worth,MO,40.3939,-94.4398
Wortham,TX,31.7865,-96.4202
Worthing,SD,43.3291,-96.7628
Worthington,IA,42.393,-91.1069
Worthington,IN,39.123,-86.9991
Worthington,KY,38.5511,-82.7396
Worthington,MA,42.3843,-72.9314
Worthington,MN,43.6286,-95.6059
Worthington,MO,40.4084,-92.6888
Worthington,PA,40.8378,-79.6298
Worthington,WV,39.4522,-80.2905
Worthington Springs,FL,29.9315,-82.4255
Worthville,KY,38.6179,-85.0663
Worthville,PA,41.0238,-79.1387
Worton,MD,39.2963,-76.1008
Wounded Knee,SD,43.1405,-102.3657
Woxall,PA,40.3107,-75.4488
Wrangell,AK,56.4335,-132.3529
Wray,CO,40.0685,-102.393
Wray,GA,31.5952,-83.1075
Wren,OH,40.8009,-84.7752
Wrens,GA,33.2104,-82.381
Wrenshall,MN,46.5921,-92.3718
Wrentham,MA,42.0617,-71.3396
Wright,AR,34.4291,-92.0599
Wright,KS,37.7806,-99.8921
Wright,MN,46.6691,-93.0069
Wright,WY,43.7512,-105.492
Wright City,MO,38.8097,-91.0329
Wright City,OK,34.0799,-94.9929
Wrights,IL,39.3762,-90.2933
Wrightsboro,TX,29.3739,-97.565
Wrightstown,NJ,40.072,-74.5731
Wrightstown,WI,44.3264,-88.1749
Wrightsville,AR,34.6012,-92.1938
Wrightsville,GA,32.7219,-82.7262
Wrightsville,PA,39.9966,-76.527
Wrightsville Beach,NC,34.2228,-77.7932
Wrightwood,CA,34.3628,-117.6249
Wrigley,KY,37.914,-83.2338
Wurtsboro,NY,41.5877,-74.5039
Wyaconda,MO,40.3721,-91.9071
Wyalusing,PA,41.7015,-76.2754
Wyandanch,NY,40.7523,-73.3761
Wyandotte,MI,42.2084,-83.1616
Wyandotte,OK,36.7796,-94.7002
Wyanet,IL,41.3785,-89.5744
Wyano,PA,40.1962,-79.6942
Wyarno,WY,44.7534,-106.6949
Wyatt,IN,41.5259,-86.1694
Wyatt,MO,36.9092,-89.2226
Wyatt,WV,39.4351,-80.3534
Wyckoff,NJ,40.9978,-74.166
Wyco,WV,37.599,-81.3429
Wycombe,PA,40.2742,-75.0205
Wye Mills,MD,38.9281,-76.0814
Wykoff,MN,43.7146,-92.2679
Wylie,TX,33.0041,-96.5394
Wylliesburg,VA,36.8391,-78.5982
Wymore,NE,40.113,-96.6613
Wynantskill,NY,42.6878,-73.6383
Wyncote,PA,40.0867,-75.1524
Wyndmere,ND,46.2891,-97.1289
Wynnburg,TN,36.3281,-89.4744
Wynne,AR,35.233,-90.793
Wynnewood,OK,34.6385,-97.177
Wynnewood,PA,40.0,-75.276
Wynona,OK,36.5462,-96.3272
Wynot,NE,42.7393,-97.1678
Wyocena,WI,43.4989,-89.305
Wyola,MT,45.1089,-107.4303
Wyoming,IA,42.0604,-90.994
Wyoming,IL,41.0599,-89.7782
Wyoming,MI,42.90555,-85.71195
Wyoming,MN,45.3364,-92.9675
Wyoming,NY,42.8317,-78.0833
Wyoming,PA,41.3197,-75.8541
Wyoming,RI,41.5041,-71.663
Wyoming,WV,37.5823,-81.6018
Wysox,PA,41.7826,-76.3834
Wytheville,VA,36.9407,-81.0941
Wytopitlock,ME,45.6645,-68.1055
Xenia,IL,38.6359,-88.6348
Xenia,OH,39.6842,-83.9369
Yachats,OR,44.3256,-124.0863
Yacolt,WA,45.8622,-122.4275
Yadkinville,NC,36.1277,-80.653
Yakima,WA,46.59313,-120.60934
Yakutat,AK,59.812,-139.5505
Yalaha,FL,28.7444,-81.8263
Yale,IA,41.7753,-94.3503
Yale,IL,39.13,-88.0105
Yale,MI,43.126,-82.8295
Yale,OK,36.1101,-96.7022
Yale,SD,44.5225,-98.0401
Yale,VA,36.8373,-77.287
Yamhill,OR,45.335,-123.2036
Yampa,CO,40.1304,-106.9116
Yancey,TX,29.1404,-99.1428
Yanceyville,NC,36.3907,-79.3465
Yankeetown,FL,29.0305,-82.719
Yankton,SD,42.8821,-97.3986
Yantic,CT,41.5598,-72.1237
Yantis,TX,32.9257,-95.5311
Yaphank,NY,40.837,-72.9174
Yarmouth,IA,40.9835,-91.3026
Yarmouth,ME,43.8009,-70.175
Yarmouth Port,MA,41.7051,-70.227
Yarnell,AZ,34.2508,-112.7567
Yatahey,NM,35.4809,-108.1767
Yates Center,KS,37.8801,-95.7289
Yates City,IL,40.7878,-90.0265
Yatesboro,PA,40.8001,-79.3342
Yatesville,GA,32.9156,-84.1593
Yawkey,WV,38.2193,-81.9568
Yazoo City,MS,32.8594,-90.4031
Yeaddiss,KY,37.0565,-83.2361
Yeagertown,PA,40.6431,-77.5805
Yellow Jacket,CO,37.5344,-108.7173
Yellow Pine,ID,44.9698,-115.4963
Yellow Spring,WV,39.1823,-78.5095
Yellow Springs,OH,39.7996,-83.8891
Yellowstone National Park,WY,44.7957,-110.6137
Yellville,AR,36.2253,-92.7245
Yelm,WA,46.9206,-122.588
Yemassee,SC,32.643,-80.8129
Yeoman,IN,40.6677,-86.7236
Yerington,NV,38.9866,-119.1596
Yerkes,KY,37.283,-83.3212
Yermo,CA,34.905,-116.8203
Yeso,NM,34.455,-104.7452
Yettem,CA,36.4718,-119.2594
Yoakum,TX,29.284,-97.1306
Yoder,CO,38.7753,-104.2184
Yoder,IN,40.9371,-85.1958
Yoder,KS,37.9412,-97.8711
Yoder,WY,41.912,-104.3535
Yokuts,CA,36.7071,-119.1814
Yolo,CA,38.7343,-121.8066
Yolyn,WV,37.7818,-81.892
Yoncalla,OR,43.6043,-123.2926
Yonkers,NY,40.93833,-73.87475
Yorba Linda,CA,33.89367,-117.7797
York,AL,32.4728,-88.2683
York,ME,43.1544,-70.6578
York,ND,48.2565,-99.6025
York,NE,40.8667,-97.5825
York,NY,42.8757,-77.8835
York,PA,39.96499,-76.697
York,SC,34.9947,-81.2245
York Beach,ME,43.1715,-70.6089
York Harbor,ME,43.1368,-70.6456
York Haven,PA,40.1222,-76.7737
York New Salem,PA,39.9006,-76.7896
York Springs,PA,40.0084,-77.1061
Yorklyn,DE,39.8082,-75.6755
Yorkshire,NY,42.5247,-78.4755
Yorkshire,OH,40.3283,-84.4836
Yorktown,AR,33.9787,-91.6991
Yorktown,IA,40.7374,-95.1562
Yorktown,IN,40.1836,-85.496
Yorktown,TX,28.9892,-97.5121
Yorktown,VA,37.19365,-76.49983
Yorktown Heights,NY,41.2999,-73.7924
Yorkville,CA,38.9235,-123.2973
Yorkville,IL,41.6387,-88.4438
Yorkville,NY,43.1116,-75.2756
Yorkville,OH,40.1581,-80.7077
Yorkville,TN,36.1354,-89.1117
Yosemite,KY,37.3074,-84.8124
Yosemite National Park,CA,37.7314,-119.6489
Young,AZ,34.1014,-110.9637
Young America,IN,40.5686,-86.3467
Young America,MN,44.83022,-93.74861
Young Harris,GA,34.9588,-83.8688
Youngstown,FL,30.3269,-85.5169
Youngstown,NY,43.2461,-79.0245
Youngstown,OH,41.07757,-80.68031
Youngstown,PA,40.2793,-79.3661
Youngsville,LA,30.0975,-92.0096
Youngsville,NC,36.0249,-78.4744
Youngsville,NM,36.1875,-106.5564
Youngsville,NY,41.8032,-74.8888
Youngsville,PA,41.8537,-79.3187
Youngtown,AZ,33.5908,-112.3013
Youngwood,PA,40.2395,-79.5823
Yountville,CA,38.4016,-122.3608
Ypsilanti,MI,42.2382,-83.6083
Ypsilanti,ND,46.7719,-98.4876
Yreka,CA,41.7206,-122.6376
Yuba City,CA,39.08393,-121.63097
Yucaipa,CA,34.0282,-117.0489
Yucca,AZ,34.8722,-114.1494
Yucca Valley,CA,34.1681,-116.39065
Yukon,MO,37.2311,-91.8244
Yukon,OK,35.4936,-97.74115
Yukon,PA,40.2155,-79.6849
Yulan,NY,41.5226,-74.9329
Yulee,FL,30.62275,-81.5904
Yuma,AZ,32.68054,-114.55854
Yuma,CO,40.1301,-102.7072
Yuma,TN,35.868,-88.3819
Yutan,NE,41.234,-96.3932
Zacata,VA,38.1218,-76.7903
Zachary,LA,30.6561,-91.1358
Zachow,WI,44.7315,-88.3698
Zahl,ND,48.5787,-103.6599
Zaleski,OH,39.283,-82.3977
Zalma,MO,37.1365,-90.0757
Zamora,CA,38.8204,-121.9191
Zanesfield,OH,40.3211,-83.6405
Zanesville,IN,40.9188,-85.2824
Zanesville,OH,39.93385,-82.00865
Zanoni,MO,36.6862,-92.3318
Zap,ND,47.2897,-101.9256
Zapata,TX,26.8897,-99.2506
Zarephath,NJ,40.5361,-74.5789
Zavalla,TX,31.1569,-94.3871
Zearing,IA,42.1535,-93.2928
Zebulon,GA,33.1002,-84.3108
Zebulon,NC,35.8321,-78.3174
Zeeland,MI,42.8256,-86.0104
Zeeland,ND,46.0055,-99.7725
Zeigler,IL,37.8991,-89.0523
Zelienople,PA,40.7609,-80.1094
Zellwood,FL,28.7194,-81.5762
Zenda,KS,37.4373,-98.2874
Zenda,WI,42.5136,-88.4843
Zenia,CA,40.2147,-123.3911
Zephyr,TX,31.6694,-98.8182
Zephyr Cove,NV,39.0204,-119.9114
Zephyrhills,FL,28.22237,-82.17497
Zieglerville,PA,40.2901,-75.503
Zillah,WA,46.4158,-120.2662
Zimmerman,MN,45.4553,-93.5879
Zion,IL,42.4442,-87.8389
Zion Grove,PA,40.9141,-76.1931
Zionhill,PA,40.4843,-75.3938
Zionsville,IN,39.9561,-86.2767
Zionsville,PA,40.4734,-75.5261
Zionville,NC,36.3194,-81.7476
Zirconia,NC,35.2153,-82.4574
Zoar,OH,40.6142,-81.4223
Zoe,KY,37.6867,-83.6702
Zolfo Springs,FL,27.48,-81.7423
Zortman,MT,47.7698,-108.592
Zullinger,PA,39.7714,-77.627
Zumbro Falls,MN,44.2427,-92.4256
Zumbrota,MN,44.3032,-92.6719
Zuni,NM,35.0684,-108.8336
Zuni,VA,36.8437,-76.811
Zurich,MT,48.5844,-109.0304
Zwingle,IA,42.2775,-90.7507
Zwolle,LA,31.6138,-93.6636
